ndvi,evi,ndwi,temp_media,precipitacao_7d,umidade_solo,poluicao_indice,perc_mata_nativa,perc_agricultura,perc_solo_exposto,temp_colmeia,umidade_colmeia,variacao_peso_7d,atividade_abelhas,anomalia_acustica,mortalidade_observada,classe_risco
0.41217808319315374,0.43740316033854176,0.27179754507756343,27.97897861019166,77.79083448933864,0.4028707860345233,0.9135780114026949,0.04384094084909,0.7699977630955646,0.1861612960553455,33.494394143393905,50.10244327446701,1.8112160160458455,0.16555317977469386,0.7725019656847065,0.42169371371818176,atencao
0.8155000144869413,0.4114682204593252,0.3771791876126665,25.411235656459144,20.686363452619947,0.5913808366766992,0.525360481819498,0.04656082543446295,0.14143301046636916,0.8120061640991679,37.6946951327141,70.69777116210258,-0.37823355168716155,0.434935900363409,0.4811443597959755,0.10953660497737128,atencao
0.6623957592679836,0.1166673427741832,-0.08710228602637585,18.645535778785884,104.68734760257779,0.13130779139366228,0.7249102718360844,0.6741338807232549,0.22102189721678445,0.10484422205996065,34.565335271157664,65.60235398288778,0.2471819892312883,0.6314991066734976,0.7889583350103461,0.24754428701804598,atencao
0.5690609389379256,0.32181108795700164,0.23114298466594912,10.193930733691317,73.57394868830897,0.13435892771969732,0.4360482979725878,0.2812067065915301,0.6841420802184759,0.034651213189994166,26.416143912900537,56.35905812041859,2.450523044133055,0.38540311851801956,0.07350827680267524,0.8824212084869503,atencao
0.25921304830970554,0.34712715221080714,0.18598408567218644,24.88717665702442,18.86446602683451,0.41193193418089985,0.6300345775424382,0.5648732760292123,0.37503508779788597,0.06009163617290163,28.154864025320443,46.951281840183455,3.8867542670011455,0.3575995256864599,0.1915939679029951,0.36084992627935897,normal
0.25919616423534186,0.3592348075829853,0.4079058202700305,18.568779656867292,115.48056689774482,0.6651461246829411,0.3405759374211187,0.21471860849654706,0.46151743548525836,0.32376395601819447,28.728579128525624,53.45073496729727,-1.5500307924420191,0.0009989922669426665,0.5515342496463607,0.6205526585948811,alerta
0.19065852851773962,0.47711203999776597,0.47017400140907156,32.03824902131605,62.20385560023848,0.3197485429409902,0.30115901978544535,0.35726103067962595,0.3381386583491863,0.30460031097118767,29.383692311962363,64.60536067355214,-0.921308836260363,0.8042934637771141,0.947088324752695,0.6659656183070333,alerta
0.7563233020424546,0.446841655372471,-0.2896667442442212,10.718387958114505,8.7478142245986,0.2625123651655517,0.5782297861695137,0.2643538057155671,0.4483252269354944,0.28732096734893847,34.611857663158574,52.537660737467746,4.376654567261713,0.8893376120214482,0.07475784672178032,0.781829275143312,atencao
0.5707805082202462,0.49513831031573907,0.2729169311999738,27.544834339173725,75.21994852980806,0.4443480600786257,0.49812967418398035,0.5111904431200868,0.3218676076261899,0.16694194925372344,33.56741825703169,45.74482167871159,1.2066061316850085,0.9694635295458321,0.04308421615686431,0.18280003024563096,normal
0.6456508044572318,0.5971741200023833,-0.2559395707482303,38.244227125181965,30.38386884153723,0.6547915903542701,0.5795363691499811,0.16400867428846894,0.5872158286238085,0.24877549708772245,28.453720652191553,40.823137444581604,-2.3893436457849906,0.7192713850692155,0.15655067492785568,0.3048131346144355,atencao
0.16440914600706172,0.6284407301654608,0.1665298653157526,15.232278013344985,96.4432142252763,0.5940030913490054,0.286660581287023,0.08515186794393349,0.6722055444623972,0.2426425875936693,26.14843233874668,78.98834689547826,1.9732562502114446,0.5487923123698846,0.6411531288601565,0.4483363414581806,atencao
0.828936896513396,0.5667799995472214,-0.0555121803128735,24.14948472251786,98.13864882794287,0.6970643469765929,0.36695783181699526,0.3593934340680233,0.2127290899721809,0.4278774759597958,27.91434747607021,57.01564878759528,4.916859399854417,0.2692845198087094,0.39899291667024717,0.36484106123827353,atencao
0.7327098485602952,0.7210904023707075,-0.03923989040617992,12.742659754514145,117.47368270255943,0.06466957908154511,0.08389796062890931,0.1883290846477523,0.5102648684723976,0.30140604687985,41.73448231451626,66.2604160871465,3.4110820802336006,0.9992994759634984,0.8255523794176862,0.9829052328596898,alerta
0.2986373774747933,0.11185117873963507,1.47279345031337e-05,28.770457367840578,60.224343722940446,0.12335779406329545,0.05227637227220572,0.245626203038957,0.47050768471675214,0.283866112244291,32.96529814645503,59.52051805684026,2.7116702289626247,0.5897528545321056,0.07193315148136581,0.8349408032137124,alerta
0.2772774770449704,0.22725569069430498,0.22809858169216862,26.515950417886767,54.594825567328456,0.44615404618830423,0.25345712967301626,0.726845657512402,0.23669976204699447,0.03645458044060343,39.74487357993591,78.62832591789817,-2.127580111603577,0.6811540723304462,0.19641408681470107,0.47968675462048604,atencao
0.27838315689740367,0.10491586873579238,-0.016057529181546126,22.220965726384968,90.41707265357768,0.5833746855670023,0.07424685933054576,0.32871919999955995,0.4153117800317343,0.25596901996870564,39.428791933370334,62.346742622410545,3.8852580621560646,0.6824061619553177,0.3000264054648957,0.8792686260864679,alerta
0.3629695700716764,0.5208585642004919,0.32279419300173845,25.641310644212236,15.896478761031187,0.2354088224993982,0.1037747086347407,0.6082028578707722,0.07126729277166978,0.3205298493575581,33.69583247686885,59.039070897455666,0.7320995918199182,0.8452517957571815,0.6267300866887853,0.3476529475832968,normal
0.5173295021425665,0.6837198568174915,0.043848277737789265,36.897239754070306,65.6298616551749,0.20548720722224217,0.8129284053939371,0.26802596493668945,0.41209150567116315,0.3198825293921474,37.01369104382924,81.23004952108563,4.0036101986476,0.00967253884691921,0.6851726903015473,0.7858283238902646,alerta
0.452361513049481,0.25826349277459454,-0.24189977973653515,15.888829069332012,65.54971201570211,0.5615342695977805,0.0388736970166893,0.6759330993328729,0.15947812734407918,0.16458877332304792,28.276784177016108,70.98447980226773,-1.0315495351760862,0.22024694043137183,0.12420329396377383,0.22367559810645365,atencao
0.35386039813862935,0.7025724541175993,0.3661958661114912,10.676935351160417,10.736774737246467,0.08664820500460052,0.6589427939347428,0.7310596761903924,0.07333487364972566,0.19560545015988198,36.70274398375744,40.57749536734286,-3.441540526281105,0.665534000170014,0.9438047089917395,0.7723220452263659,alerta
0.5782970263056656,0.13917380368821455,-0.05710542409619987,35.84994654097303,50.15809026082963,0.2900987209286803,0.2725577488154005,0.43701828181785024,0.3274173925135347,0.23556432566861496,29.63053784747592,43.885223059840705,0.2837837179377152,0.8951457368245678,0.34104413519020915,0.45645340319572836,atencao
0.24764570245642928,0.7073834174235842,0.0678518476593733,27.313512471637196,102.39417582806423,0.3787759946850143,0.8715456807081264,0.47602766575083594,0.4045215450798828,0.11945078916928122,39.14505564482056,74.3561431469721,-1.5714615566391013,0.6853387819213562,0.7131687630002831,0.10749932099224235,alerta
0.3545012539746527,0.32855474670576235,0.28262730073861636,36.71975366385527,102.73843463935923,0.4142266383277102,0.48499228457749954,0.4802666750646386,0.4700172994214789,0.04971602551388239,26.42331026285147,76.79256605899772,2.4370636079866834,0.41349129149368014,0.5242077189476988,0.2732624545555823,normal
0.4064532903055842,0.16592353849199076,-0.017412266423594724,27.908356702395178,11.90851979036172,0.5235998519153049,0.30557645932782573,0.21541355547226465,0.48549383742035307,0.2990926071073823,38.143357439049716,62.259541454514824,4.613958975704291,0.3615554958702616,0.22275811354710662,0.4022746240235646,atencao
0.46924898895192513,0.4158166434711117,-0.2519021922752917,34.304832698791074,10.886505929739702,0.28064972022992785,0.5176389356894345,0.33205691983409724,0.35356004364012894,0.3143830365257739,26.69892741166653,62.722761393331965,2.218767360364075,0.7379480082833204,0.8462283231154111,0.7492929116644371,alerta
0.6996231729751095,0.26690476901833016,0.017832889960891607,22.89020090065444,31.523457240232236,0.44824482403849464,0.3819580190452688,0.5353185464096692,0.04234026085922753,0.4223411927311034,39.98021702720325,66.59664814257222,3.9824053673828317,0.7412376971371935,0.8182380281919299,0.07298271473095086,atencao
0.2897716475108518,0.28516738627524985,0.502781295290158,32.49579793864807,104.97192750647922,0.4304940248141216,0.5643010646698302,0.3044498943231217,0.3914971361759135,0.3040529695009648,30.17147680829506,56.95578871413197,0.0772161224108574,0.6070579925056904,0.3960718539166901,0.6595469950926396,atencao
0.5099641068895281,0.2997384772020863,0.24547423770377458,37.39124400669568,15.468310208819872,0.40595046542493557,0.11453286832634824,0.0851798887625502,0.677983073529204,0.23683703770824588,36.12468720211977,69.0099561741952,2.9447666347577153,0.29146702409733705,0.5886075856938554,0.7160136409328436,alerta
0.5646901982034297,0.6219668335912312,0.27075727636712593,27.16368891166619,86.39961631529356,0.46631414054243786,0.9969905028125511,0.517640643295149,0.2598852608122484,0.22247409589260259,33.28753873654476,40.42406287832078,3.5873909300453306,0.9251548183905436,0.25782569593593974,0.6539213699257515,atencao
0.1825152889039984,0.4504548298389154,0.23743983059199397,15.423554516871386,12.139874353572386,0.21864196119424956,0.42555587769671754,0.07728537351928175,0.7764636790283486,0.14625094745236963,31.227153469459765,83.06396211836932,2.3978806482518813,0.5518799421186391,0.6898516287463015,0.7606696381675556,alerta
0.5752813963310068,0.30235000445140237,-0.1308566818844787,18.063928450905944,74.77654244973904,0.10502168983000884,0.34823063970736867,0.39566891373882423,0.2656125702997488,0.3387185159614271,35.97251116411944,72.50774118974608,0.5699955746260814,0.7904923562483306,0.3090268126204314,0.1781686160228383,normal
0.2693668865811041,0.4967169591520969,0.05558378448693818,15.959337306922173,42.728075894297376,0.12752658682583323,0.7102098483162649,0.5496685421423322,0.24533864187691992,0.2049928159807479,41.107890669371045,66.55871020045035,1.632794986538312,0.21430826216183163,0.8440787343822349,0.5871033550630373,alerta
0.19553611508969565,0.5654979382450759,0.3382988286088206,17.405710827871985,94.66967555590404,0.19597854872503567,0.3638994064953325,0.47998835171367704,0.38123245468314587,0.13877919360317706,25.701585705368572,50.81610285047404,2.304562961109923,0.34404078861472787,0.2173851042772743,0.9411449472038799,alerta
0.8142198760773333,0.277205600476797,-0.21383303707981471,19.19246348053109,28.042853859043632,0.37512865808981033,0.8332743050287577,0.06683616225324066,0.6715094598824244,0.26165437786433504,40.62049855001277,43.04777437283646,-1.722240371007158,0.8745795163873424,0.01480342281846414,0.6107842698045377,alerta
0.8259424231521916,0.3688069159914785,-0.06382514032374453,26.654013602595654,76.70421952679519,0.5962877878549131,0.45427072436042526,0.33229433067750813,0.4881765853133251,0.1795290840091668,35.354388135357226,55.46714819144724,3.286213348234863,0.050107029939968406,0.26850804196791844,0.611336346952953,atencao
0.7158781436815228,0.17922596066901592,-0.06512875780402438,27.639748883914983,28.281904149106193,0.5058406723574497,0.7195584132654349,0.37280810811510345,0.4736287122115266,0.15356317967336996,38.724343113073886,68.07883702870292,4.55292085070546,0.5123153112566621,0.1910524864594867,0.736439642113269,alerta
0.36322963842135947,0.21774707719754222,0.06721608845533017,22.794992417255834,85.63923397345846,0.5628763927313306,0.10745321644188655,0.3977338541740956,0.28661700707592647,0.315649138749978,31.525874208382717,66.68548717115554,0.18715383661942386,0.481705479844009,0.5082864397249243,0.33320423212585903,normal
0.2183704798044687,0.5427266050772388,0.5333134298008575,28.462623394625062,104.84136414728985,0.27813415555195936,0.8461191855551118,0.06015729445474722,0.566875565752454,0.3729671397927988,33.021330572239435,54.13205775327857,2.3096046479888965,0.7512301889080821,0.2037032916565763,0.7004759013215406,alerta
0.6289631185585098,0.21793492600215753,-0.24262283531875134,12.447247768340977,15.216215895211205,0.31302493207155757,0.7357179867781098,0.3302247577963591,0.32703488292067545,0.3427403592829653,39.77046278061979,65.66431969165649,2.6332331521131858,0.2818937705993324,0.7631898707194947,0.9162338333132151,alerta
0.4581067456177209,0.44135619938358917,0.14089584522350584,12.6336471117448,103.99148263146043,0.3058932258938983,0.21171677846196568,0.5329724782128764,0.2301277841048913,0.23689973768223227,32.05241548676699,75.68741477837739,1.9602279276933228,0.21906682185959947,0.24137063800400393,0.010895473025342994,normal
0.23542676439134516,0.5608800701195813,-0.1475400202896211,15.154883810729753,71.22903052971576,0.17471756986292597,0.14528600974578665,0.09897500272662946,0.5902348716814357,0.31079012559193475,34.089212634734444,36.31423861688035,0.9240359749577198,0.9261328387732337,0.7069681799126557,0.8701130411088653,alerta
0.49662383707788915,0.16947000001158352,0.5250750635982826,25.542324941210342,15.253258904042877,0.08979082779332181,0.3162923487256244,0.3871908503815053,0.2261339285145104,0.38667522110398433,25.34331369243366,57.531052396513786,3.934831591173295,0.5717096519584648,0.578470923013724,0.2186183312588591,normal
0.17407196478065287,0.4687529427587873,-0.2036920209816554,16.419840360949408,51.305022643165444,0.43409546033769736,0.9760705860319043,0.45574321789308697,0.5214858781558707,0.022770903951042223,27.696166099246717,72.92776142333955,0.040340383420049974,0.1046895682836545,0.9862498564718843,0.4559232737003752,alerta
0.7865242814551474,0.26676580940588646,0.0430608520073526,18.49853210477732,19.303235218211746,0.692990844223381,0.25683157456705863,0.4163249214659959,0.2459602700003673,0.3377148085336367,35.908670635571596,62.30722352316886,-3.4500733916205677,0.19303616221432107,0.9999009770092316,0.852347800952638,alerta
0.33114598712001186,0.7259024689044269,0.3272022371094154,22.00938508518982,84.04174666398833,0.15843930821767083,0.4561272089466333,0.5071426634340374,0.40691441933052824,0.08594291723543435,37.188607318085914,67.5738043964535,3.601007381409442,0.9988260595142483,0.86952608331733,0.823912127456629,alerta
0.6137655990477874,0.41430467036795104,0.29887126382332857,34.3559837203114,91.06417613015395,0.08034513293452794,0.030020225717336313,0.4178339301458218,0.09748747596408018,0.484678593890098,34.90421592533649,60.8338196302671,2.0658314508489566,0.1956089962521924,0.7599833692987511,0.8919274781260559,alerta
0.36819775326258763,0.6238951573538528,0.05931934135984246,10.415864077385804,12.695582432735875,0.5566955931855564,0.39722752956623253,0.542479268442931,0.22541300595365343,0.23210772560341547,27.43627061668538,84.59372723411555,3.643327638496819,0.6104755113536787,0.38645641400057373,0.9404167926325261,atencao
0.5140476148244676,0.4576472524015701,-0.0054544572401894476,29.481364607098673,60.73678232335732,0.2141809043450707,0.5713200154331027,0.3870904137681145,0.4397855356459629,0.17312405058592265,32.57189228582319,37.73107682445191,-2.7530730179977514,0.4201280789956181,0.7532767271313036,0.4471569567717586,atencao
0.5326971955402957,0.12821814635563247,0.037970521769940035,30.06629593122056,97.75500672311006,0.5892684734794034,0.9531246125079651,0.17374692966267372,0.4737495742965551,0.3525034960407712,31.036611028174228,59.552241088618864,-3.723223535412553,0.8855990948498353,0.9566755370794907,0.6563638108010069,alerta
0.2793981188678689,0.5115483941361145,-0.07536517631515657,33.9596734106991,112.33956498611958,0.5075588335724349,0.5167360449400644,0.4080786692427027,0.4097638447483325,0.1821574860089648,33.4262428485965,39.57082745572588,4.409370863442511,0.7551685922953277,0.02337757539544416,0.3904784405261067,atencao
0.8287092394351909,0.7184121724343271,-0.12546700209922013,37.9825881718094,61.6221440090124,0.6646877990830229,0.8191073261776878,0.45539343469220833,0.29052596514838513,0.2540806001594065,39.7955935874196,42.98927810567852,-2.6704452473448317,0.5969513962618158,0.5379147001977388,0.3507167174921658,alerta
0.6925929763527802,0.49104768309511526,0.11058374292505652,10.604135468478695,114.03350683336885,0.31580270324183674,0.5471276425689006,0.36256365518398687,0.29753572934981154,0.33990061546620165,38.18964445719708,54.15191752091309,3.2868709886340666,0.010738981797982494,0.2179983043884346,0.4315954105976695,atencao
0.8076492590949323,0.6324727586274136,-0.07174630734253373,14.613511165396485,64.28267645472357,0.48028039564291214,0.0407850134355181,0.32091608519153736,0.3625252231163735,0.3165586916920891,26.4278215236157,42.777004575024364,3.4088894796257225,0.8797952074934596,0.5578763158688504,0.743076134782676,atencao
0.7763791452993541,0.6747342011764651,-0.055657584837337376,36.58513882167979,47.30285935198896,0.3521556075286259,0.31500827518977403,0.3910380675207845,0.5074061598832772,0.1015557725959383,40.135256362167596,83.18435829783255,2.3783468049410272,0.44466747083871627,0.46644708975889115,0.5014407471415528,atencao
0.5685299851677595,0.24825185176680611,0.2582426539533736,23.755556865610462,101.78437542634745,0.4598826532505532,0.5755495078311033,0.36379506480333823,0.3635717511131521,0.27263318408350984,33.020041569547004,82.33948883625796,-2.8186401001641617,0.9315776530185765,0.5757685815522844,0.814059674448342,atencao
0.7953119645161818,0.23782914594034732,0.5232567319449084,26.937719168003905,59.157925254970685,0.3422392889050292,0.9505939659311243,0.3923706462369053,0.39235841709847286,0.21527093666462183,37.645656463061975,51.80548231103019,2.0065876210472684,0.4955390128542012,0.5509622214187242,0.7452184771961559,atencao
0.21194475143634364,0.49713764275314465,0.21309162047546887,29.89081611169442,56.62830126774276,0.17261096017564864,0.8591303597512333,0.10003278335129541,0.773770193828435,0.12619702282026948,27.380666931493987,66.98738560188397,4.001779249941791,0.6942244891827255,0.960107039168562,0.020478461124399328,alerta
0.2871880036934016,0.3671685053743581,-0.23456745299477866,30.37199813486912,58.837498729179394,0.38013332040219755,0.22835561417884764,0.4698692531897743,0.23927720556392135,0.2908535412463043,36.40223193701982,61.687666029689304,-0.17021519679205088,0.06929264946664215,0.5521861089347361,0.6302381571061616,alerta
0.18165910223737664,0.6459098468633682,-0.23575392822404306,37.95221209949524,101.61420022436944,0.39357973093433746,0.2201098300191635,0.6229248800000385,0.24911913904935087,0.12795598095061056,29.017542299360784,75.77934902578843,-0.2783483105926101,0.7451516535267858,0.8462320881248673,0.43657112330859105,atencao
0.377731231534285,0.6850150302087072,0.5087097377187311,39.908482522350084,99.83298500256626,0.5768925013691046,0.20117296711390076,0.5122670308101434,0.29768938775742176,0.1900435814324349,32.45247525139584,66.37228049084712,-0.014275213785228225,0.3379960313119229,0.3198202868008465,0.4566289891511416,normal
0.42207410278263735,0.3297238965467668,-0.04730282823876636,31.604723827928208,48.422399092825344,0.5280884587658278,0.9224988963025031,0.10571602834343007,0.8541780700331069,0.040105901623463225,25.286668791395776,35.01262272452811,-3.259552983914142,0.35135901433178085,0.4381006887910489,0.8183730538698947,alerta
0.3399443222417271,0.2539658633334133,-0.22174306182989587,18.616636276154523,39.995983184463,0.48146455556193857,0.8526661531017207,0.47894901623658875,0.39635070660174565,0.12470027716166561,27.577380844818094,73.15871928048693,4.028230121269761,0.11865584470938995,0.4704134760448099,0.5476079860846768,atencao
0.7301162564063505,0.6073415849085102,0.20918789907782437,36.392572068830304,59.03136288469551,0.12370161210917215,0.7748834322529488,0.08346137250667378,0.530691038682957,0.3858475888103691,26.565368383101536,72.34240606480591,3.8226457758245935,0.14685714864020227,0.2787280433353797,0.8856218234589471,alerta
0.3997273286855125,0.2786239231062885,0.23010146154672623,11.476627436222849,68.73270116845308,0.5184005889314147,0.3927351142242276,0.18233131020318433,0.5104522805229297,0.307216409273886,29.075650939950393,60.486135278324056,4.981183896112576,0.18575905620621014,0.37979026147795525,0.7128055923916904,atencao
0.3466541567811665,0.634699307033891,0.251229097100885,16.932425586234885,28.600465275359635,0.3751983516304345,0.5043807042987668,0.03695645345799743,0.7383064619965751,0.2247370845454275,26.70030753041348,80.14594866165268,1.2666482734857212,0.3282061685714224,0.5985130794667752,0.5528400087640528,alerta
0.5298872582107739,0.37542986487169583,-0.07270827632108987,36.921571523911446,95.27461016587087,0.6311646984690035,0.4643317447951528,0.49178287922642355,0.2987487238710736,0.209468396902503,36.762470452532554,80.42231028452008,2.7607247280624723,0.8919699127756054,0.5801877633045324,0.7545379761511037,atencao
0.24864695748233384,0.5339074345394558,-0.2871559184176962,17.68574543318065,58.377931887890746,0.6479161071848528,0.25339810755937264,0.6343469969907163,0.2472294357464768,0.11842356726280694,25.49367833755673,61.195583835219864,-2.1759528432342576,0.36826023823008047,0.6364353445734805,0.0383490509254073,atencao
0.7115378865278278,0.16209795399253432,0.5202630640363011,16.619531788652452,40.08546581039515,0.08585178389116055,0.505028046148767,0.2508457243284675,0.5647389989465961,0.18441527672493632,35.50158851062497,65.39941155982689,2.0077593640175255,0.7243627065632184,0.35181791542014107,0.027083654828207737,normal
0.20218545057583956,0.5055085610397725,-0.08674091116256286,14.143758794207418,12.818519155678874,0.5834170142304111,0.030496547852754463,0.37756409010845726,0.3511010990765374,0.2713348108150053,27.39203312403476,84.82610359623362,1.8475956388165162,0.0827475038898714,0.3158314951530571,0.08334932692085206,atencao
0.8408208556203621,0.39364899117919894,0.27462234484466547,35.77335272940749,28.661419248432832,0.07450330377473591,0.13181037349745917,0.39127383876972754,0.2141262107489581,0.3945999504813143,41.06774477202425,49.94101174057087,4.110878622574512,0.5910987992719926,0.6116178827541631,0.43756532514714264,atencao
0.6905713385076602,0.48129550106405816,0.3006353893969032,25.001747775732603,113.91374061071804,0.2886602567017647,0.8865895961689464,0.5270038436169535,0.38795458599201793,0.08504157039102843,40.862599242867525,51.23086211557387,3.4771345055516676,0.48189123127043954,0.13286174842752496,0.2354501456269431,normal
0.2891009770739207,0.20920923503416122,0.21850630451756287,30.246796091624645,36.61196241834319,0.4024949841537014,0.7516797670314233,0.6597910316559454,0.3239396815271388,0.016269286816915668,28.833552742856366,44.13869513317482,4.446198163559869,0.9779579469545046,0.25303154353213997,0.9842612944157846,alerta
0.15386548198652167,0.5789679342137184,-0.03402871491839898,17.17199152225089,20.263114724044236,0.14626551910763283,0.42286840905908707,0.26997473204087424,0.13562007442259774,0.5944051935365281,35.4451620697915,79.79334695789339,3.819501254314467,0.846207769878963,0.04212773695299521,0.5422901390113669,atencao
0.7208229999183839,0.6608181004030985,-0.06956818430054407,32.74121263033649,55.280734998599186,0.5351039781698999,0.5171503622838772,0.2107708478148845,0.5698558420415181,0.2193733101435973,25.476090431031793,72.22441949746332,3.818245054089668,0.45482977243864975,0.07261085259608013,0.6624157460811585,atencao
0.6448001406933319,0.2408808700590042,0.2080180402972977,32.80016634886296,36.85052920322984,0.05543055771189007,0.36999888595997743,0.5370988440602216,0.23969896729216403,0.22320218864761437,40.84040523186996,40.28214244351209,-3.4264900598015355,0.7751427640453388,0.24338327926060888,0.27882013624669666,atencao
0.6603050176286911,0.16221446108810514,0.4361812885699378,19.377940747249006,4.219110032543298,0.15958938148212393,0.7407798671606725,0.3878790112341287,0.37684299149836015,0.23527799726751122,33.89078423925906,84.08836755989827,3.613657574263603,0.19303874129377752,0.019529280296919027,0.3217969085876088,atencao
0.689889242680162,0.11536508093011866,0.5047236695848862,22.320478990308487,38.77742607353007,0.42751793940475913,0.7841871792320796,0.7044713809327305,0.13660870058702393,0.15891991848024542,25.73479357410224,71.54808540805581,1.4673055505280637,0.5623363273917781,0.24541059208746152,0.3354619141411559,normal
0.20183125621386325,0.517281475288123,-0.209980066256806,16.290708322906028,65.29303487273623,0.51435191532424,0.7632851902031591,0.5046535518043409,0.3065792897433171,0.18876715845234207,30.822499881138334,77.52610548024873,-0.5759999341063491,0.07461905556870818,0.654976323062026,0.6987357051503006,alerta
0.4009260099809908,0.4946111234577075,-0.1683956792919381,39.29683069968713,66.20548464239603,0.6458180167510454,0.7226117248344496,0.15357177001485123,0.028890111520065848,0.817538118465083,26.306440851640982,37.40753945866005,-3.4913683805074394,0.3480890322516831,0.06110707846893304,0.4737062076893085,alerta
0.23110834166759078,0.4553533182641455,0.5030258199656179,29.368077311752348,42.78707054122664,0.5085728237575055,0.20450433869279583,0.40016747844089284,0.37126037090182107,0.22857215065728612,31.680055469347117,60.24804594710838,2.09906397291242,0.2258621816221703,0.436736677794641,0.5176836525300744,atencao
0.7541723981129155,0.25076561247538404,0.32605494408457375,38.036316421465465,53.676330750312076,0.4866565256656628,0.3379699792404788,0.373132025965765,0.5288853812948754,0.09798259273935954,36.388747816742494,69.92991433635197,-1.046184245161443,0.7189098153252109,0.9131087869195494,0.5920029821593453,alerta
0.5863086887792905,0.3540888973385845,0.4505447511053072,19.101566308873995,115.86215018817197,0.30632174512793175,0.4698454349836749,0.5795347300596005,0.3659168290480451,0.05454844089235424,32.98812843670447,62.14732922859206,0.20998638487431265,0.49009069121436144,0.791284828925401,0.768811656238217,atencao
0.3816286173968544,0.48640961787101245,-0.1277622609849583,33.45672738990669,45.28181726763739,0.05083487659242092,0.3307929914276556,0.708081024804199,0.07754404324790884,0.21437493194789203,31.523276970230725,68.33237328496386,2.1355559334962084,0.7510704788480105,0.3054375022948572,0.09036974851247814,normal
0.19449084520021653,0.42289845825846006,0.19944799044299166,32.97575931654226,30.987217591197957,0.12810351817815424,0.754940200158329,0.4255130209161956,0.16214103821200113,0.4123459408718034,27.0256697741879,75.89370317952363,4.205970923217286,0.5152954376314456,0.924805479191647,0.7768739122188216,alerta
0.36768762520096354,0.7420605881396768,0.29596865525485266,30.749669555996245,29.216045288011216,0.3974604540914254,0.3293535242499547,0.6533416177654557,0.09166808581313333,0.2549902964214109,29.16396377679216,53.71685314800981,3.4289322404449862,0.08648444215163853,0.32964649674772484,0.5632350688751798,atencao
0.37762832541872293,0.18868583916187653,0.2780951026299268,38.969169258004015,54.9317535244961,0.4888344257988727,0.13823208678533716,0.5142661842850628,0.46180218310339816,0.023931632611539046,26.702435891551968,77.43343378093549,0.055374161932398636,0.7353676497325268,0.07251549633756249,0.6690954448552572,atencao
0.6607243248366449,0.551843960130936,0.046928937236693447,21.806660083189467,91.14241784603328,0.32134138453270056,0.3990404520483041,0.055026416335198364,0.4602073945307177,0.4847661891340839,38.72747843816323,43.145805238264536,-0.5099515829825898,0.8332292639878056,0.9940559567681135,0.327551764840762,atencao
0.5962902299486491,0.3628071992677899,-0.2869143420623878,13.921519707692719,24.718582102616786,0.5249413574934536,0.9799144327823803,0.56663955958705,0.3582012349315818,0.07515920548136823,27.299077075740282,48.54430275131874,-1.8419823504035726,0.9035312259127926,0.8700225271891717,0.40938683681644916,atencao
0.7710489198034286,0.37832974970164956,0.19548714828362374,30.15126577732182,85.11553525689217,0.3892104919659161,0.2258814129335759,0.5646616758018257,0.43063156846112843,0.004706755737045727,35.121347231331185,37.16728099636629,-0.6481592394162856,0.5719919453067082,0.46593278330109233,0.23116581965392025,normal
0.4805504476133645,0.5664385476778145,-0.08486369169733252,31.879294014316184,2.5379788019299543,0.09821452713630294,0.6121586589432291,0.16323309454173948,0.6425718729291302,0.19419503252913028,30.82658703101038,53.22134056676256,-3.0005825143729155,0.7535853589994951,0.6663765241924039,0.9792999974174053,alerta
0.23371597215681117,0.5500834983608403,0.08271610922145683,27.25181720376444,50.27195735807352,0.1748105631291667,0.4329730498397063,0.6396749217011887,0.22484141015772038,0.13548366814109106,28.841632539138118,53.99547724120602,4.739949575282791,0.7520443368826271,0.6712280778566702,0.49700297251031667,atencao
0.6492713510560965,0.7443163959064224,0.5139438628212447,16.20453679400189,93.10380782433442,0.5959988451085628,0.07102456764932663,0.5368582094154521,0.20974124227797125,0.2534005483065766,35.87096347136576,75.26352986036255,1.1652569956362102,0.15574975979894434,0.19448223073046034,0.9960769157965979,atencao
0.6825495340318282,0.1834562881451814,0.03918001999606957,25.133678250080663,40.64795469293177,0.5211932853058856,0.4878766059980595,0.3436807347859419,0.11513011840440084,0.5411891468096572,32.76903925940799,67.6565335144828,-2.849747414843084,0.16422068745957075,0.2000486331536323,0.48978597806126634,atencao
0.5428940382986474,0.1676712720997081,0.4138313656647628,19.365692097073882,67.64845217344794,0.6315952915581217,0.7021643286483125,0.14781377716574348,0.49407056675305766,0.3581156560811987,31.802472943837504,56.836127907783336,-0.8247459166068483,0.07088550580912611,0.4695807033518258,0.21975126438406734,atencao
0.6896770259681927,0.5708202311336817,-0.1397404851131365,22.823995845000674,24.597507939109295,0.12641221192860874,0.5132199758278188,0.4786817094125189,0.34324475209720573,0.17807353849027543,35.078484083167766,67.60569893118742,0.9233522925859035,0.31991363514030147,0.911573140137698,0.5074523967368567,atencao
0.49565691745507345,0.475951496054166,0.27159142332127456,29.356557275339917,89.03944693514067,0.693644647499798,0.8721060637465811,0.5962452914723555,0.15882344717606117,0.2449312613515834,33.35154968433001,37.63916752578456,0.7959707297678271,0.4735085877410645,0.00999377485857078,0.0395955717990778,normal
0.5159129805673958,0.2782044332638738,0.530455911273102,32.356442280725034,6.273492392251154,0.18611436406745685,0.28893701665758265,0.491927908899039,0.15915261631610186,0.3489194747848593,30.159231545376535,44.013576800918806,-3.680469681532309,0.9978978527542169,0.7825056359493593,0.9047698014219513,alerta
0.44927871285098475,0.1516225898428413,-0.2133908642580037,16.966740727040293,102.30511738506004,0.05765691958631731,0.08624917130396492,0.3687600979424339,0.5281451978287901,0.103094704228776,34.504041892009276,66.34739276208775,4.557569308062002,0.4309933420681695,0.05752678371465414,0.8185502511944411,atencao
0.16779338872086663,0.15567786223767985,-0.2929280491068868,22.1597608194086,23.783566370600177,0.6983249103848101,0.9365656116580061,0.10463449966601834,0.8533933293289033,0.04197217100507825,36.38147580136181,67.06834096126511,-1.5216188667254986,0.7262425885073709,0.47822211488311783,0.7258205206942847,alerta
0.2255239988953131,0.6812240685316768,0.06854537373772224,18.074847129748875,104.92776380499969,0.2326980255393235,0.378196349528219,0.264644953216572,0.36821979804574667,0.36713524873768144,25.453783695976522,73.70673293537135,-3.8543379796129793,0.6933970262725346,0.6378728330734764,0.60982671544246,alerta
0.17200042998071396,0.22471376106718288,-0.22126833940633786,15.958948415856074,42.30350895606208,0.48421264413316384,0.5764055514536334,0.2648879527087675,0.5563925532936533,0.1787194939975792,32.91981939143048,55.14998795268011,-3.3120039194474575,0.20448195025057958,0.6867592670824648,0.5798342336703631,alerta
0.5954872878846462,0.3101915153750885,0.33612669722479677,33.50161659987515,86.72202893693839,0.16484350421459837,0.792003126130196,0.3420388734040802,0.43000405449904444,0.22795707209687535,25.980615837920244,71.1277048308078,1.2217541292317922,0.05850715144943641,0.05847926361591138,0.9967282140794629,alerta
0.3700491867534287,0.24732666144754223,0.47736636427127516,37.27758083310977,38.30703573434262,0.42714854592944207,0.3243136638755806,0.33543580634269166,0.4968106577822019,0.16775353587510658,28.16889203915789,69.19901662800947,-2.7599303139241282,0.5460067515335875,0.41860361738396823,0.27799743401993793,atencao
0.5059994838152919,0.33074759879075927,0.06891782680244507,21.1069655705373,108.7094005481577,0.6376227411954635,0.7161645381776112,0.4439467128856964,0.3883999992771782,0.16765328783712524,34.52864847932554,83.16966891849245,-3.6244768643184706,0.7003055923144761,0.5838372605023247,0.779684365365578,atencao
0.7852965317482651,0.1451254977849607,-0.08009510416787516,32.53836773121301,15.196455062204922,0.2581177588284851,0.13541884981782804,0.5619908884369685,0.4200480421143958,0.017961069448635722,39.725211559514875,45.75651132123396,-0.583361802285598,0.998251790186256,0.06604553730600693,0.5814047702136574,atencao
0.32450456040421244,0.4373888640903758,0.06924282115561836,36.90985868093233,21.422374712711843,0.48566508442883344,0.29129374720550527,0.17926691737177183,0.7313639470245653,0.08936913560366298,40.007696546204244,62.58397818763197,1.6048507310616973,0.35861105228117074,0.13509455659530978,0.9758805437588852,alerta
0.43726804612494075,0.1439481663349397,0.31493064517250097,35.38372631590695,59.16361501905627,0.17213733271897072,0.1447106361365199,0.38791669441750126,0.4538015609729902,0.1582817446095086,26.18904817235673,65.08822210552347,-2.9934417564254887,0.8963645620810967,0.6636489895040385,0.8278031832982524,alerta
0.6788857969801341,0.620231730084535,-0.2923039626566847,15.484401656176777,9.832612684577535,0.45611700916717135,0.8112305584013578,0.528992720861205,0.18039001963272014,0.29061725950607475,32.12478646687401,84.93239424671103,-1.18004951063816,0.38193245586918645,0.5216381965906517,0.9985251129895927,alerta
0.3101587158441357,0.2519128532417815,0.20103589106199266,38.68875644540084,23.51762216421143,0.26869272868138155,0.22264923522678537,0.5606372951877042,0.3195716025013827,0.11979110231091308,34.91111021107737,45.059207108332586,-0.2401539553791201,0.6894117084305128,0.16182866126829054,0.5883249944624463,atencao
0.20388593688015508,0.4510077444929319,0.22129793215427224,21.300293212883872,113.25196586544172,0.18728536808216856,0.7174035554052103,0.6431328552708612,0.13765959704061256,0.21920754768852624,27.500188377355837,61.16090099836461,-2.5648591199190953,0.598252930517052,0.5352393369147335,0.20454395754493504,atencao
0.35282601703963756,0.6720514069149479,0.2420350098615453,20.17721983521509,117.17875933774646,0.2535683329573628,0.9432983972456526,0.5170372088496058,0.10701285251885932,0.375949938631535,38.01234768466112,52.30926538568194,0.5546650862003908,0.052978793302596916,0.9126923734444158,0.5036870356947338,alerta
0.26285490107780307,0.5230702898806763,-0.09428123201625432,11.87293981833341,45.151119519650635,0.16624669453006957,0.527772209068877,0.3586078554541743,0.34472181365138993,0.29667033089443584,37.65199939343306,61.29464842894999,-3.233073217884062,0.0783884269702585,0.015587584775363927,0.7111111340505746,alerta
0.8007883566398011,0.446422561258368,0.30694481487140785,24.58520962314649,110.79432252167227,0.6362454700946237,0.5400291922606877,0.2202876422014474,0.42073138691992285,0.3589809708786298,40.35679723301551,46.6064301051553,-3.581333532894382,0.020764089724460977,0.6426337734858546,0.7743603861815881,alerta
0.7156842656950918,0.3108169395249941,-0.22231723661799002,13.270408469227862,65.3789610808118,0.3081714761061337,0.46103356809781204,0.2760087013763281,0.6498995637539667,0.07409173486970512,25.14426220541853,37.380618921374406,0.6785183043962135,0.3708340845939895,0.07365043460534193,0.0005099890159435683,normal
0.5933826295572964,0.31645124348782866,-0.13062021400321927,17.45619462782278,32.369095904852045,0.20943154823333876,0.32589014339364275,0.22547941860577703,0.5762796943228146,0.19824088707140836,28.683632147813046,63.628272694884444,-1.7689272452421192,0.7458010487660107,0.006449442964700847,0.505027088502294,normal
0.7600224131314024,0.5351665208788235,0.44584953965630975,19.508278653018444,84.28784652967184,0.34146509666035635,0.4756550309249171,0.4603693725768297,0.06898828305286211,0.47064234437030816,39.06217414217047,51.79271579304161,-3.1416357289177523,0.1727553939907227,0.1506544886606338,0.23523457997064656,atencao
0.7125704538293801,0.7461905847937589,0.3279146781175815,34.26478970475052,79.06821678898287,0.2583485084242221,0.6028075322667594,0.6281730871926229,0.3198315526963103,0.051995360111066986,36.3998608640579,44.097070087421685,-0.1847867126113094,0.6058529683838958,0.4229066318539193,0.8749118332547884,atencao
0.28059904122022505,0.5301954734020962,-0.2883162790903565,36.2646595118769,118.695038293048,0.5338725149786618,0.9859915721706594,0.4429873935789329,0.40638796811238964,0.15062463830867742,40.20462751287434,51.19677830390169,4.236266655656552,0.2888277800310779,0.802343998981953,0.15290544405022855,alerta
0.7747912989429844,0.4625592212905162,-0.0888801786856698,19.07398952384409,31.805674489113997,0.6812929427255713,0.9377645593182242,0.1437351821138557,0.8429629125569158,0.013301905329228515,25.97205412701453,37.46401007238725,2.5177320198873945,0.7969926239790721,0.28178549660455865,0.6664562495748334,alerta
0.5275395693409555,0.57492283165551,-0.1177544894558101,35.76094363733722,80.64714031940825,0.3347218768534704,0.8621529582931218,0.18068972515604687,0.7947448019144752,0.024565472929477913,35.14838741717953,82.52211170450516,3.3405432381232485,0.7983961490029909,0.6256732123887586,0.26606219032492484,atencao
0.7152081086148437,0.40238364798441684,-0.06981462116857329,35.71692812109373,6.242850603533627,0.6096717099819562,0.8891305357048583,0.34233710887822366,0.33406144046509206,0.32360145065668433,34.67379177319246,64.05739574866303,3.8472258988277286,0.7754145149664236,0.41115663795530666,0.35654214321427224,atencao
0.7772639099464452,0.1390925226905104,-0.08957419526209653,32.93952851154621,13.63752464360633,0.41781099781375264,0.46784918329204295,0.3049754762601828,0.47606890133609936,0.2189556224037179,25.60646507812905,75.73843406735125,4.75364967256777,0.5248335138013768,0.23433179196600795,0.9405592607568448,atencao
0.37260243248030467,0.46549293032064143,-0.2468526486185811,14.400853420455446,0.47020499413119143,0.15220318231125174,0.6574443271774648,0.34129019697960405,0.3302967826166779,0.32841302040371806,33.729875307512216,56.15590987738652,2.869219161627557,0.2845667100798517,0.5142471142828586,0.24044812540807947,atencao
0.2270363471693737,0.7224564349284971,0.09009943910729734,30.70968540702187,119.93528172716077,0.49890478235287194,0.8950667229362141,0.39281453598654503,0.4237795401884377,0.18340592382501716,35.36184529226871,80.16573337830928,1.4756712974553174,0.8094440438786346,0.7974644903726232,0.09500276182293066,atencao
0.30955461377935917,0.21394691253247877,0.32282345356824044,38.35072193741706,96.27284365769734,0.383732423131783,0.39295076499135306,0.5985919375146965,0.20375026387318518,0.19765779861211813,28.251983961435823,59.16591107761266,-0.7111670772797751,0.18610056193924152,0.8324923700561442,0.06928490144422583,alerta
0.4489754520383794,0.5485031790334327,0.21572196600982102,30.476214363014712,94.4067617680249,0.47289424011386716,0.9617624783454688,0.350965145784498,0.49570052870156434,0.15333432551393752,29.64660291311927,63.69726611003347,-2.3652108709805555,0.289759602028656,0.8465195318772367,0.5046151100994621,atencao
0.7226103361457452,0.2306068976283867,0.2719409183083679,19.948505473235016,61.16712903458156,0.6282968181715822,0.415786062069183,0.5758217482569039,0.18505025211500692,0.2391279996280892,35.88590488706153,59.58969900313284,2.179938865849649,0.18394770616062162,0.3385578125549794,0.641711482284288,atencao
0.7525114082794404,0.4482879949075028,-0.2310231982441967,25.01737952292494,36.00804994865279,0.3362824709264299,0.6010826653932156,0.34046914277223955,0.6411803592021523,0.01835049802560808,32.961116109199295,71.66391479338259,4.954549875097477,0.6742101603876477,0.793456064715753,0.3272936435708872,atencao
0.15486649137183348,0.16283969227036776,0.5087671036502692,29.37175130053161,18.15171413552111,0.6357654550912811,0.7098047132723719,0.13855708384730483,0.4457886185888713,0.4156542975638239,39.586232178661554,63.332803880103114,0.20622816157027124,0.6862360281158181,0.21217845510890787,0.6902597417930808,alerta
0.507523111804296,0.3927411085678204,0.41271805876657125,25.317112261855108,34.16096866157564,0.5379348592830756,0.9505920130759383,0.3110163890570731,0.2747529077923142,0.4142307031506128,30.8204900221562,48.579946179019885,2.5131143128352686,0.652509992786753,0.7384251012428833,0.061033718573237805,atencao
0.44218770220414527,0.59150616378191,0.3843267707213133,13.598588251929094,45.116546631496696,0.36759320182069005,0.24461627405226605,0.4284651452593992,0.4734726294434542,0.09806222529714653,29.53321419259942,42.27697656613231,0.4558320499384054,0.4156014668646678,0.9483844262726167,0.8573346449228768,atencao
0.30547546732951114,0.3259214907553384,0.3995362342855025,19.36192133956062,90.7572116376353,0.4420943881776763,0.7461309782386423,0.6754177535291731,0.2479231121509191,0.07665913431990788,41.74272098586233,65.3062194441489,-0.11259918972871041,0.10017100720143324,0.01374383469095719,0.8165672097392378,alerta
0.23390575713357795,0.5321926209166917,0.49280393191284727,34.071880916608976,64.75941466837828,0.2616277361373574,0.5208155861440822,0.36982406046781435,0.4611365772039328,0.16903936232825287,40.48930809221142,59.45899807735181,-0.30724947796076396,0.9111695845150212,0.440363931178798,0.9854962713920856,alerta
0.38633061998253954,0.617042474513324,0.1626158711966431,35.84254138286552,9.298035186657923,0.6893382448302032,0.26855714062064107,0.38991813757701677,0.12021647610909929,0.48986538631388393,25.492876664982656,39.798784834805645,0.5416221463852784,0.5077309640122382,0.6477709884140046,0.9365049809018454,atencao
0.8100367927387634,0.7026655826616443,-0.12976028481251797,14.119000981467106,2.163481075069469,0.4837782559827573,0.7766068397963906,0.38681622332629717,0.1211900451436507,0.49199373153005216,38.10238646021162,54.78087328966342,-0.6979390432116248,0.4069721949110915,0.701775770487553,0.3561971639189281,alerta
0.3762420524145286,0.25251735320604485,0.22426606667466004,38.57160257196173,12.279861544087577,0.07850045412280943,0.5522222801738466,0.5047933237523498,0.1829217542510159,0.3122849219966344,26.87569115502845,60.738821100022676,2.7389598963962705,0.5888248932482932,0.1760877582692022,0.39927538401557716,atencao
0.5131534352203563,0.35955534527605026,0.3314492696177482,19.86467853545828,49.25984564368552,0.2623042387362057,0.6609738206496758,0.2561596922875276,0.4401735393819458,0.3036667683305266,25.467248312099308,76.3446616912795,3.8684482393236497,0.19279043581910582,0.9721832752385928,0.7459648474782595,alerta
0.6421132712266244,0.19907040866477133,0.3272297843509217,29.8694121619216,111.9831500458822,0.4551543819433873,0.322901068577901,0.45003719615063603,0.3623517753496653,0.18761102849969866,29.652823771427933,38.80505279166812,3.945967759806657,0.1325487791048744,0.615265367970973,0.1340827719549832,atencao
0.4045407216655058,0.7451142764029439,0.14323167054184816,32.55475437870044,76.48829774510659,0.08661663056950586,0.481273951827605,0.5854760507184112,0.07999452956792298,0.3345294197136657,29.578879944038775,52.42476741230014,-1.9507115791675664,0.40552522145794356,0.16434060122826777,0.31401471024483485,atencao
0.8302474579046725,0.7025506291507919,-0.24181008856645864,34.3583870391365,96.21910798506181,0.0655247243574428,0.6173542509880671,0.16600869495950304,0.5327876918596559,0.3012036131808411,38.9284189598984,76.13280613551927,4.063182248583416,0.22722069409991053,0.02052251171251529,0.11854093697564827,alerta
0.8237131064594778,0.45097213468236375,0.015445997665608668,38.372491066777904,55.964951340545824,0.34251575569307163,0.404910814269844,0.37324584882533113,0.39249845649028303,0.23425569468438595,37.081343181028195,67.42119658857894,-0.9260389133040547,0.24429029453716455,0.7832641987897759,0.4548864490728314,atencao
0.3262476070777549,0.6473216413446738,0.4826516171938538,19.38758644086468,43.39992998340514,0.2662486168002355,0.1983725398477013,0.40870943115582953,0.43912497560341385,0.15216559324075654,41.68736026464424,49.497916090189335,-1.2162310106323213,0.8925114877785294,0.07970473944545908,0.5520042798853176,alerta
0.4980739541246698,0.43862268522682746,0.19678157329381218,35.755193636546636,13.008044725994727,0.3348940952215578,0.961640492315304,0.2975655488380346,0.419665537665859,0.28276891349610644,37.09571930530092,77.26675610113212,2.5408045165841227,0.5307591771858249,0.14105092107023653,0.2111604699627524,atencao
0.36061481687173874,0.5053306972017938,0.15758215176735646,13.950607103086211,105.1119626623446,0.22075065142200334,0.5114675400426174,0.6256882776303271,0.11596955712245778,0.25834216524721515,32.11034440535281,59.664679028134614,-1.257732939223395,0.4834690643233511,0.5748300268556906,0.026631686914105,normal
0.3493883460642273,0.1579308808754108,-0.07147451277513547,31.15122719060778,93.97920348334834,0.1570665355129376,0.7339203702877005,0.18828621805982879,0.4159638814035435,0.39574990053662773,36.88177023606869,59.917594565523025,-3.5233023495126092,0.6894795937285974,0.6035055034496197,0.7193558317505231,alerta
0.17582086314817294,0.5909257733229252,0.013181581929092134,32.25933188541958,20.174171711727013,0.49794318203721943,0.4110471935560581,0.06439350575490718,0.5631005571580486,0.37250593708704416,41.990804142168834,83.82936696001921,-0.6374400492072279,0.9515481136767396,0.6868871185923985,0.02000516442616851,alerta
0.5766950337859278,0.18301376436290265,0.461044175780194,30.331697236039613,61.47126766515126,0.38447122557407026,0.35513176402571633,0.6263921655928444,0.019860575890565526,0.3537472585165902,37.072412003562974,82.35582516181893,2.4931904032251406,0.11219856447056409,0.39351401266362074,0.9734026089283562,alerta
0.501875316260203,0.6369439596641434,0.26649359039781045,17.56944208405459,58.48497695054939,0.1801002373120884,0.407164298467125,0.6458258104038119,0.011359734596287372,0.3428144549999008,37.94858305166541,52.9266341684922,-1.0573742175684115,0.8335345671092572,0.7738986689668229,0.22160725674239545,alerta
0.18603512587499255,0.6083182569857508,0.369278972739483,36.1912944104561,75.01098632238343,0.25773312706899887,0.4091966437856498,0.6680451253081029,0.08709240930830976,0.24486246538358744,40.95220525823441,42.028956433154114,1.6660315039563187,0.5840191798678459,0.9743585996158887,0.6639000921162911,alerta
0.345052524965628,0.5606840535329347,0.08619360960750694,15.06575390111185,113.54242727895135,0.4346751399811618,0.5441801159419536,0.4824156206074282,0.17869887884057578,0.338885500551996,26.932071442298618,51.2833366139047,1.9410749983681734,0.14616535381183726,0.271094943079883,0.43475172623998914,atencao
0.7857861201766576,0.12350424734109539,0.23571013653773426,11.609043745624925,69.57257301149755,0.09694907637711059,0.5434698699813632,0.5572622869858456,0.25555098996269804,0.18718672305145648,36.981332988611356,36.5241630155694,2.6036241055372056,0.29714931868899164,0.7030286165379459,0.0596738603371072,atencao
0.3176933234668807,0.2970334313644636,-0.08887393256827356,31.523949718357365,64.82607201343423,0.1458444560230167,0.49715381588287166,0.5574087893204072,0.32856149061494294,0.11402972006464983,39.46370128544663,36.03839433551956,4.0741741967984275,0.4823614164647395,0.9284686523951569,0.47218360663446746,alerta
0.25142641046385616,0.2710231704420479,0.29964170574096344,24.26427145698201,6.038751952159673,0.09760964266980357,0.1347857849174381,0.8586396562461076,0.14035087969485854,0.001009464059033924,41.22443620375518,54.77610681257096,-0.10691950658411731,0.691177144577423,0.6862867626170427,0.5167606342967996,alerta
0.49261693219429403,0.3340886648564874,0.06346113364783673,35.47294059876028,7.548897122162872,0.5780062662641773,0.49607547850053113,0.34820358918307115,0.4119842530332777,0.23981215778365111,28.58647792509889,82.0509911348617,-2.5021113100378862,0.24260701695345221,0.6811094986442595,0.8546832080928685,alerta
0.8399553178774205,0.15696778539649506,0.07616368759253378,21.50191423174777,22.481614959214667,0.5390660015878059,0.1691039004206515,0.27469484453804194,0.4282720028819449,0.2970331525800133,33.56679313131215,78.56786706161039,-1.1296685611129953,0.5348788154675899,0.2237725690852066,0.7323490696478979,atencao
0.31943869005805026,0.7090225849701908,0.2519239758903495,15.048357655231385,3.8964926030097935,0.5396534057215171,0.12613578629576516,0.4894367054797148,0.15421357179726883,0.35634972272301635,36.56943240995619,60.57214169588115,-0.11049470343412704,0.6846716274158617,0.5351302003196929,0.07930247475338636,atencao
0.6204948831841149,0.4599714564630446,0.4958385282485877,35.093265774096096,89.20234746840148,0.5156114732594181,0.9326457173411677,0.6183597903751008,0.019547296738567282,0.3620929128863318,29.206951401522737,63.26131905854153,2.4250232239530174,0.4487407508475062,0.5625228436045802,0.20916268343226507,normal
0.6831337307301023,0.2985908019277153,-0.2455946053826722,26.46728894920215,86.79963647927558,0.4851005253854149,0.6049500131477042,0.6038135209923307,0.08701406077235568,0.3091724182353136,35.208038675254656,35.296674837302824,-3.8819008699452984,0.8630259611201758,0.7001295624559528,0.3118876842149477,atencao
0.31634628079467975,0.3580379860982842,0.4010317517449566,15.675873771710647,16.326748131797153,0.3600447449958137,0.6594900581245843,0.4556516476422299,0.40006869760463354,0.14427965475313656,29.37883930246599,45.775057791688276,-1.1579315490410895,0.8694591028404044,0.9968214498961826,0.11640768646481947,atencao
0.6597514440283017,0.39068165132814314,-0.0514743561496358,31.611519957593373,100.32946809543371,0.4674808062796247,0.4017936703333638,0.735280941885397,0.20044393595791798,0.06427512215668496,30.668769349038005,36.238706346719184,3.018583229173851,0.47069121764044575,0.03364382254376208,0.45689907091449056,normal
0.4074481929034772,0.49038631668440125,0.07733153633042122,25.333409154685015,18.574324181533438,0.07493501061218352,0.9089808919148642,0.3389103244848642,0.27142758004946027,0.3896620954656755,32.505817840684706,72.72697663476939,2.037719329976259,0.9729257104088996,0.06523266126748684,0.9843091908625355,atencao
0.5926140814155056,0.4351916280027236,-0.28137367054124235,28.129389467209595,36.141070439683055,0.4539518747269099,0.6379304895796655,0.05637095045570772,0.7382333294557596,0.20539572008853269,33.996231678691636,42.282289801324886,2.5856597622704465,0.07558509240544731,0.07795006943091876,0.5146127912377616,atencao
0.5934707975326262,0.6976047825893713,-0.04411083384083386,23.826950146197454,29.877227899363803,0.5556205085989702,0.7691698695235875,0.47536467053845205,0.294924181849488,0.2297111476120599,32.63921981762756,78.45235512384085,3.3062969249527523,0.003362378322936621,0.7429791344889568,0.7418821683231693,alerta
0.5250422788523309,0.4230262638887897,0.12723655623561098,34.86126951454019,44.676851828765734,0.37523293424985354,0.36856246902771383,0.3840878655327701,0.1998044251234836,0.41610770934374636,33.3843238363948,67.1662156837894,3.04912146990166,0.38066826380391905,0.13635379511075751,0.6829377976993461,atencao
0.2132028390380858,0.7449027096351533,-0.2522503342546768,34.886881470491495,30.559651906795423,0.282383663477704,0.9600118808191255,0.4664413162828623,0.2723062143497831,0.26125246936735463,30.076008856900977,46.470933825785664,2.1396484953750026,0.6010970613725093,0.6224518744903452,0.849911435092138,alerta
0.7347117469124665,0.6534262225343123,0.11743136997569043,31.281664654731586,58.674111172614246,0.23032737762063643,0.820461290158315,0.10184482213220096,0.44929151082555263,0.4488636670422464,27.70240659838472,42.88601585416249,-0.043046208664685004,0.6292001574496608,0.32466887789345844,0.21572349046560946,atencao
0.3745460454802151,0.2355318343322683,0.48804403452966333,13.162041321893868,48.88894576256225,0.4678213326053535,0.8539484630145436,0.0028835220894192016,0.7327053934743439,0.26441108443623673,25.80494961455627,66.38123504615265,4.852384959903386,0.4764457362938286,0.457319956210711,0.7538262616930282,alerta
0.28056295727989794,0.7048868895185456,-0.21041576460836553,35.16561585712206,118.38833889351919,0.5003207791094406,0.17219426742575428,0.2047599896448665,0.6287574586709929,0.1664825516841407,28.33163828235835,80.04184901411617,1.1216587603106634,0.12488331324064617,0.2156631598174139,0.8813552403057495,alerta
0.17854259908833472,0.17563815862555948,0.34977461886417877,30.130389415987295,6.71116201538708,0.6161289399106527,0.2709632078712195,0.3737466483075435,0.29355024903920957,0.33270310265324693,34.89304190559831,70.91801094571909,-2.175077115680448,0.17049752178789424,0.8661065613045421,0.17150982298024275,alerta
0.5636250602317693,0.6313423105192745,0.04822039536959377,30.910724980128986,17.061765166482196,0.27251715359964396,0.28562659968357706,0.09317692857005155,0.3403146200415568,0.5665084513883918,38.36396261265325,52.42733258016888,-1.3646843040569405,0.8521479838520092,0.5861503241630264,0.34680221978800374,atencao
0.6242950532895977,0.3474051407597771,0.2568976573456874,20.88948521211615,6.339107269032298,0.5503519998006305,0.27090922324687117,0.6544565425557248,0.2628600488240583,0.08268340862021688,27.877209156529208,64.36917976343236,2.24206210373423,0.8679111317392613,0.9445632635822526,0.9701017643315615,atencao
0.1616114802494993,0.6706833082892952,-0.07879889171255502,36.3783866847102,75.10094339788509,0.4148812857230696,0.8554081621042879,0.19325915490418646,0.7904074753579888,0.01633336973782455,26.845441082135025,50.53808476862107,4.322656086795172,0.6738985378607202,0.5745962497043295,0.7807878459797924,alerta
0.5084651408094967,0.6642368485698428,-0.16443157683984544,31.761148007045723,6.54111328964635,0.6238437189407514,0.03188479520859211,0.6668042939379254,0.12790127934294826,0.2052944267191263,37.73793612933726,84.95747833893294,-2.391518837146922,0.6642179722788824,0.12390803059694666,0.28259083253753237,atencao
0.3085470426385566,0.6238515100764538,-0.16360677786945751,13.377713995875833,100.3727684851348,0.3930778703921534,0.0760999889807743,0.13248042813810704,0.7211163772460909,0.14640319461580203,30.187691619133926,72.44195942309256,-3.258881538287923,0.5976821280278075,0.17087043383847544,0.563941769644487,alerta
0.6016209532866149,0.6135197835995899,-0.24008184620332704,22.23334103218488,61.432635681831336,0.38645938845867867,0.2739148706299037,0.010288698113205826,0.48889274512274583,0.5008185567640483,41.17549046686499,65.71908198783768,3.9337794323780546,0.20292588570198822,0.9890739763678472,0.4043261228494788,alerta
0.272056500303494,0.2980414404137265,-0.14220030083394342,36.59141085880425,63.24091494978405,0.42562010293659086,0.19987297464944365,0.41857128665916987,0.3693996670623967,0.21202904627843336,37.143405500376346,56.16295713829146,4.237501810215509,0.4282507002599032,0.7255651973308678,0.4899651763271299,alerta
0.6336564166717261,0.15259753398331394,0.26458647724062306,11.41590105092137,67.39134092546331,0.5370549808425823,0.23185961388284837,0.7451442741840352,0.03235743263607184,0.22249829317989298,30.554852803131524,65.90761451297786,-1.5125858921569049,0.6958946514633787,0.04927875002908966,0.3551661913907085,normal
0.4207147424103762,0.3619371161973549,0.4494370200669819,38.84249858926148,20.497644756745288,0.6770488112384996,0.7979431892533,0.33345909195011736,0.3287715800622942,0.3377693279875885,29.922226712492986,52.080803123366735,-0.6044284806588411,0.5372522720033387,0.7037810050346648,0.2793310185303406,atencao
0.8057109921157142,0.21279093474123065,0.39200683275248766,30.374877049586885,23.722836373738506,0.09781618024024767,0.5631265938920469,0.1900676867828074,0.48958901941437993,0.3203432938028127,33.90287256661225,36.44324197290154,1.9416919774807253,0.01858033405509918,0.41217304680961164,0.6747630413914187,alerta
0.24626466090219526,0.5517182077866001,0.28236416339331155,28.9412793293013,38.25807874476056,0.08473249155416115,0.0057706612929679935,0.4663508758674341,0.17291935027351915,0.36072977385904664,26.34545936072956,54.75442611783164,-1.0306298124177267,0.9535568067200983,0.3072083868231905,0.7785418150861175,alerta
0.3887464457351809,0.3249648222495606,-0.20613291610056272,18.116777694639744,71.21956989862217,0.6594077193147699,0.42932276570419525,0.33689098616256735,0.19673075875500537,0.4663782550824272,27.000500714970084,81.52404097899336,3.8944283744304764,0.8448160525721434,0.15406079373053427,0.8739571227473448,atencao
0.22943146486841234,0.7341466305589447,-0.0541906706484426,17.463753662175314,25.214133112825742,0.3944191565868339,0.40788492685035893,0.3912339776138525,0.3649842758164391,0.24378174656970855,27.989583982375272,66.31505473869329,-3.0317916755752354,0.26054501410973785,0.8399039545565656,0.15532996731818804,alerta
0.7972855327949939,0.5166318502744658,-0.036664155975901336,38.261746584657864,13.959807255991347,0.4496869594685084,0.11394526944454353,0.17821889787312445,0.3962716220180866,0.42550948010878903,38.170301086177524,39.197785153545084,-3.658160011358243,0.6164589351662961,0.0638413789891007,0.8228555236452406,alerta
0.7641375473666867,0.6346123663623346,-0.08753659556202192,18.94817362702368,116.41402637021186,0.3635753410365737,0.6761417886014571,0.48657610660526485,0.27493986705381634,0.2384840263409187,33.73557510757508,79.24968066975129,-2.1236241393148942,0.9232393837281877,0.2898354623796403,0.25480082447706354,normal
0.3305591394006089,0.1861410372822015,0.13775481075326473,33.26515890156998,2.6378177771547495,0.11087734419485841,0.7020971883794911,0.4127292624216816,0.06826299659743988,0.5190077409808784,25.17964108716553,48.443742467075744,-1.4252099961552789,0.09601101211365137,0.3063828938257044,0.42733638991005063,alerta
0.6119888322239253,0.6603094134772046,0.15522074264772173,21.793653946212373,96.3236886403226,0.5492580959721332,0.7208932190520977,0.261840087398782,0.627790189094963,0.11036972350625489,36.44978096702585,47.18847465413637,-2.9836606784001245,0.5030294807967006,0.16090528396350035,0.9014436858492466,atencao
0.722055540140851,0.6997921738337063,0.0033530788954437285,14.17762212354112,94.56421794900265,0.5356960193075814,0.728470945558592,0.29224952869141174,0.45053880594636475,0.25721166536222356,32.20273303722845,49.85454843901604,-3.4087861359341796,0.4562430258462945,0.5081848832868703,0.454503600982602,atencao
0.5386405681196236,0.4165902472323083,0.0007207849259706633,10.321458930860768,35.66569366141152,0.25260715897032776,5.282693229680113e-05,0.05182656411731156,0.44692090109561844,0.5012525347870699,33.684490204384566,63.86011180629787,2.8004694215161843,0.4102050052835323,0.011702626810892625,0.1970635340443162,normal
0.5207554048492045,0.49406440953813535,0.40427225822016927,26.327720110457523,16.27519392087761,0.24905550939846022,0.9539208038467222,0.528015553107128,0.3373367642714288,0.13464768262144325,28.639976138019904,62.234404671698826,-2.5215109068796835,0.835588608892925,0.3009755154104091,0.1598686552371178,normal
0.3192966036303162,0.5971263705869471,0.3708989210717329,39.27336455646798,17.47543760465081,0.594596897588587,0.814208767054663,0.1973038883430819,0.35177423363486754,0.45092187802205047,34.380297882699765,59.57068773114409,4.225299791596736,0.38064614669745733,0.933629444033064,0.4729837666521338,alerta
0.21517193746412944,0.21364510771926815,-0.038373543071366145,21.074085814276135,83.6917940684631,0.09703221753186231,0.9039816965892853,0.43646463456541096,0.35695826209723214,0.20657710333735688,41.64560507577531,70.87684317563135,-0.6880030469671357,0.06366333324100759,0.3105295693420057,0.7626724239765541,alerta
0.7780510305673287,0.42666794970123756,0.4767201772922705,20.715770019791343,77.13679093034084,0.6227183464317677,0.015643295307434135,0.2073627236710974,0.7081005082839742,0.08453676804492852,26.248559747097943,50.82688656674795,2.0354522874921086,0.06583774216430249,0.3604593871067516,0.9972051439743013,atencao
0.7802926400143313,0.3591309680520035,0.5098927644521303,20.322748535483264,93.9294809101664,0.21683009843234435,0.9338587957857394,0.39296847320454914,0.3872743131606902,0.21975721363476067,29.826595794295322,74.10322607862156,-1.971380967080798,0.042744606524608986,0.4731650482340716,0.7874086284309019,alerta
0.5931710200912875,0.19514309490546194,-0.02226883927446527,25.616315119145753,112.49774068789256,0.435440086041071,0.8097885286881047,0.21450687646378033,0.6543558007578633,0.13113732277835644,29.130959078634106,43.76608391892996,-1.8370950835731983,0.40914542187403724,0.5616933748514747,0.8770119589428536,alerta
0.3873208537340904,0.3388973744894954,0.0012612064740966655,23.219946502728806,83.03128359199104,0.6583962163511555,0.8372191429586986,0.5395846042857896,0.1902193817079284,0.2701960140062819,29.225338282770053,74.13103945385046,1.172382825808178,0.71840627769836,0.808708644820744,0.747832360934888,atencao
0.3944467022288626,0.14431200110057082,0.12978903040866507,36.39743880181044,18.702184386173215,0.49077962599882013,0.09328738472196851,0.6136473096913158,0.3408943340436986,0.04545835626498564,31.438008078611414,68.19050526251414,1.0457863263138751,0.20372246193051546,0.19032122315601763,0.895435100756106,atencao
0.6581689752091675,0.11677773951716655,0.49995269065362263,25.165623751704707,29.21311401184928,0.31937937810357375,0.7387780289185977,0.39725785407892295,0.330693112019318,0.27204903390175905,38.90786634065085,69.16041547737933,2.9185630521087322,0.6464685204315495,0.8717463771925572,0.07629354331391325,atencao
0.777977181966804,0.1878580879506348,0.4448715181709649,25.232735145657063,101.06324770477374,0.49819723578851977,0.959916689642091,0.5664134725827417,0.19155326032576075,0.24203326709149756,40.518597729394585,59.077669856363,2.8203197512483937,0.6870884721037042,0.7575493571438894,0.9299315989816455,alerta
0.7709604969855821,0.726024822532963,-0.21281723180394865,14.151147841616698,25.11672910010503,0.2735867636056406,0.6785473414181606,0.6170877908204666,0.24842721971386403,0.1344849894656694,28.437656486802545,68.35007663404323,2.03618988197295,0.25520212401559794,0.7226503346615553,0.39640615372565613,atencao
0.6959128821003366,0.457194198331761,0.03382113178070384,39.48218622731158,8.702678034537769,0.23021797062697097,0.5705614046246065,0.3250096914332602,0.5957387213001627,0.0792515872665771,34.23014894511792,38.98985232797287,0.04217509304141842,0.6005576560606293,0.08680457371463524,0.9216142232804446,atencao
0.5994221523080014,0.7277844047495929,0.17036551128730615,17.49918672606489,84.39360648507005,0.6978441306575418,0.945629677748997,0.15865652365183536,0.2714915610616131,0.5698519152865515,35.827282526813164,77.57755585246836,4.015763476525555,0.6848683400268474,0.02164068997458468,0.07573283745947557,normal
0.20889797549653416,0.38112362091458585,0.1276626016688091,12.200922023788081,48.303162658817044,0.538013650266862,0.442937121734436,0.25553568121145465,0.4570603864554998,0.2874039323330457,33.87106706418536,37.7773616743823,1.603206411991689,0.4666136228021257,0.594012700908084,0.7152429571211358,atencao
0.2631400998662296,0.30268048650541873,-0.1352163922536412,29.894387469256262,110.40480630550843,0.4690679852981814,0.5992935663104787,0.20328195353688613,0.15999395023229915,0.6367240962308147,32.379298701347636,42.43707549357487,4.911786414161215,0.33671659728009506,0.8631339625231612,0.7356887486702045,alerta
0.7789879319689554,0.4289922108461587,0.4299942554929315,27.86099110470618,78.03060853123938,0.2809382680925572,0.4763382934943662,0.46890992910040324,0.3641699265141448,0.16692014438545197,28.263583599607042,63.83948542486182,3.374328361409227,0.6191515515743273,0.5844414641406359,0.9969108892977727,normal
0.5745003417617129,0.38568259761139156,0.2753996655473118,22.45436961978237,10.85027733499929,0.08195453895078131,0.9328462213602992,0.19369090019127655,0.13755415934766388,0.6687549404610595,33.299729106387055,71.97057277283457,-3.6012116988550638,0.9778470873280569,0.21323486544553083,0.7688552706898137,alerta
0.15643793613164075,0.16868204477013354,0.4122221186240332,22.66576701642034,113.74278807043929,0.07018696942285114,0.07608472676550726,0.8679950685819875,0.01855076072129014,0.1134541706967224,31.820652071092592,38.81257821731268,-1.1146548362771402,0.4268414093689781,0.09051989794921322,0.3825737058156067,atencao
0.22103008000622246,0.5165371045486341,0.42994963744705145,33.55191763139294,31.026871636829508,0.4102178160417192,0.5011197008253482,0.3268661452337709,0.46866049285463773,0.2044733619115913,38.524577162538584,81.038240706116,1.146881448238565,0.39173509628512104,0.699596452817735,0.5572485516185454,alerta
0.614451238375639,0.24042481863123977,0.33610247561587886,15.871379202989472,40.465498848754294,0.5453212686753831,0.6869524413854383,0.4163863427642758,0.4498623180337967,0.13375133920192747,37.98127410577092,83.68038244003493,2.493225840843384,0.46426690242611335,0.7217702773178095,0.36655093816659023,atencao
0.15354310869235308,0.5027321706835892,0.07332901106225981,34.60759956834669,48.27124964202505,0.39929647378850575,0.7919065384222369,0.3899765753273723,0.2071989926008154,0.40282443207181234,27.2779775804964,65.29750865038555,0.9530284798574735,0.07621839344504822,0.17253170068710866,0.19601864530485813,atencao
0.262565635992249,0.5226307100587997,0.21896474176311093,29.462413416850545,6.14691556851759,0.5965102967604244,0.5830186474441363,0.12818079578035046,0.2566187534660242,0.6152004507536253,26.504823893572148,59.062172768841826,3.075173802159636,0.55316327967139,0.028190315496536278,0.24850232750227352,atencao
0.5341136525566103,0.19881615453362128,-0.1636894047982183,22.56909321338573,59.58185066767258,0.07172724651059406,0.908917744121454,0.37988980097130015,0.4222356681887879,0.19787453083991194,40.43861703486755,72.06974861398749,-1.4560991251838984,0.3286973872172636,0.408283513223197,0.22201053427432094,alerta
0.6343266383848852,0.13987725762193431,0.27259860485367166,23.740858497516058,14.79821892903507,0.288388849676861,0.9419914468838717,0.31836325848110203,0.5642078725477986,0.1174288689710994,34.10364261239646,51.41786761636027,-2.3447915389045746,0.12142212233126248,0.5827187021330221,0.5488153301632129,atencao
0.6063728816518204,0.6074950309444859,-0.14763473262161134,17.699416215582872,48.11643920260221,0.2040957542632157,0.06431922319358352,0.3788731740837388,0.39959515168928467,0.22153167422697662,39.58261593380404,59.663221705255324,-3.514749845892069,0.46625674111737336,0.7060024095671912,0.9061606345318933,alerta
0.3069885166223918,0.39887027545005815,0.2898571519336333,32.56342998090925,42.08517455905012,0.3407274293021293,0.40237053954137436,0.416267619720394,0.5370636430157739,0.04666873726383221,25.98856904962882,80.80755134072007,1.159823701143699,0.0033839865739774266,0.8099450091529028,0.9127266260883976,alerta
0.6485254549432751,0.13780646707855926,-0.10484156335912662,25.386242269158032,92.7408100111804,0.09704465557617961,0.02345902172115444,0.5588930253967486,0.36494140445493656,0.07616557014831483,33.950765480867716,82.78277126207668,2.1973956860794575,0.40178524516275893,0.6105374273067323,0.05476377752582551,normal
0.31607436124776,0.7466631061603486,-0.200081394872313,19.625636282495307,96.38046139592774,0.6701855670211971,0.3294166573744429,0.05975594468194601,0.7046569475242289,0.235587107793825,34.17025074779602,81.35345580255925,-1.0646525459257457,0.1057352679264505,0.11088060859848503,0.07989940095189352,alerta
0.3777797887114874,0.13755736464763832,-0.15950818337848616,27.881503472828506,18.409545886690562,0.1951160106950846,0.5368682179706021,0.24451913575272827,0.42118341799214865,0.33429744625512314,39.63193455321655,48.12240334819201,1.5222576637028897,0.02429270339978029,0.6825816721424148,0.2451190571723435,alerta
0.6725439835826169,0.5517728987580596,-0.29830668506379027,39.872033561539695,43.986142485507145,0.6495000540643301,0.9107949305099489,0.13676997240996816,0.4776451108608918,0.38558491672914014,26.65936996990503,46.62345201083817,-3.530584922320037,0.8244750462445021,0.984176642894882,0.2550594524694749,alerta
0.6047430293330502,0.7393913014212189,0.31092867517550077,23.057868389696615,44.80237932381981,0.3268305507738431,0.8465543224654029,0.03352247185301994,0.30525824980566896,0.6612192783413111,29.087574582490458,49.88322529646571,-3.1063598833287673,0.9162488032826348,0.9055845845974039,0.09488917523925111,atencao
0.7444563873459246,0.25546706774035166,0.32254089169962236,37.62074202335859,18.169253272330206,0.6905906866158917,0.12749972667198572,0.38467657696877816,0.5212378878038028,0.0940855352274192,31.91115133607922,57.06555561942301,2.315792950326485,0.20767464835910665,0.8716689092695127,0.3884633411734405,atencao
0.6103290246102403,0.19246208964667752,0.1376933474262706,20.350505197736982,95.81442060614286,0.41013794924913693,0.0930303747408957,0.6289475223543091,0.06974655944032562,0.30130591820536523,39.719305082139016,50.70837063959818,-0.6873726530443109,0.5392982638342613,0.30217015335834085,0.5877253926912872,atencao
0.5478160223348301,0.17890021062457878,-0.16284161910292383,11.641981207749577,84.86739940025079,0.6550413617142749,0.589267338756667,0.2790501503546766,0.0885863795816605,0.6323634700636629,40.961016356199636,53.710639786952896,2.04200627992705,0.27795815713098493,0.7507881764540006,0.5781622005994637,alerta
0.21557233747966473,0.2971288459189371,-0.2289788131159137,16.127263191052865,22.845814355644166,0.05347684265124485,0.5321179724587827,0.5918593942063172,0.22771809522712502,0.18042251056655786,41.87631853309168,66.03184760603799,3.485490082519263,0.4935774386721822,0.8511034459651455,0.5434296812585927,alerta
0.40740106214160343,0.16567977715692034,-0.283740378528306,22.560854299830524,44.00662903125588,0.5363552240175851,0.26637764143002385,0.58140623970335,0.31777823103776504,0.10081552925888497,41.30628926979487,73.1262838546988,3.673601937285052,0.43663132089416024,0.6783262046312631,0.3386719248874972,atencao
0.3356416573772078,0.5499048721011858,-0.15911404957956238,16.58904785783707,12.696602982781705,0.636982924516635,0.8994530845538352,0.3239450802257855,0.36644450891501096,0.30961041085920354,25.101009849354025,71.77790991339586,-2.4504911908199416,0.26905105508048566,0.2505617565679805,0.7064556853165807,alerta
0.3207927503653585,0.14048966878454075,0.45722720473567485,10.006811146547665,75.38479165116527,0.14081836853632013,0.9273664094615535,0.25492297613087517,0.31362123805219433,0.4314557858169305,25.811041804715824,75.7211783539576,0.37657015116211845,0.7003935796352977,0.9538339718749583,0.8264839409810714,alerta
0.8311073883267119,0.43112438329736336,-0.09469368455357047,37.45004613242582,14.56463094583436,0.11248180362589846,0.40261143834016266,0.26580781986526497,0.239408705406212,0.49478347472852297,27.509315925679008,36.60922016077011,2.6053405126923783,0.12649095932025423,0.4508194114586759,0.34627426647740844,alerta
0.4251684072667322,0.7478529550044349,0.001130628134633327,35.31638233692787,118.31210023499014,0.3259721946708711,0.8903025571135202,0.4130097394476532,0.07463224534090784,0.5123580152114389,30.930655645094642,37.3866894839378,2.9658253664021936,0.05307278217136713,0.1298055586658794,0.08553535929946199,atencao
0.7744325886239792,0.6290806751789122,-0.2104563381908668,32.268766944608416,93.68184896254348,0.6568912889864078,0.38394889426297263,0.20608598785414972,0.640574296209761,0.15333971593608928,39.108606526778296,74.46914803443147,3.062083826559898,0.7676754330372791,0.109777895057392,0.2963302510918565,atencao
0.5917970381980839,0.4998926348501571,-0.11099289096405524,15.03443786938086,46.828625950079406,0.4025512641237851,0.7368168318297001,0.6017149009004688,0.2574545000921693,0.1408305990073619,40.17515532070317,61.65394111623159,-1.9464939905747398,0.6659300312206798,0.6475189872990458,0.13736865457490277,atencao
0.7063679124791539,0.29906485351129763,0.1413408851631744,13.610907286299582,69.42767187352253,0.39284670141912587,0.47594221754772414,0.29916156484390016,0.5051853543082031,0.19565308084789662,28.17618490700791,63.90703368810601,-2.26718664048604,0.49852612414639796,0.43770964641673915,0.46735872722718086,normal
0.5018459651736344,0.505532293589565,0.21658978063130468,12.028142484171495,109.36101794596905,0.1417319768945592,0.12258315650718299,0.4153329607037695,0.4761552979701391,0.1085117413260914,35.534290577535046,37.629343010718856,1.3101122144632633,0.46778977047254156,0.09448387517896362,0.15593515131607827,normal
0.5538327192384513,0.4425769515425736,-0.09145053295872058,31.720875663187638,66.49191364749913,0.050513182210592214,0.9279342012370215,0.4920871244881652,0.0724025534006487,0.4355103221111861,40.5951537461097,47.76569005856354,2.669772179643977,0.4974113794914262,0.7403645721560946,0.4628447576579773,alerta
0.49476238567320474,0.37695419952874143,-0.25092766465865035,37.86423882063656,20.939818367754622,0.5765910589845498,0.4540965933775366,0.44401268977855646,0.15427409988273305,0.4017132103387105,32.88343951083245,66.9177152442739,-1.1277443601922603,0.4370240760986729,0.7993251672586197,0.22100289232464776,atencao
0.2866700914586311,0.18496174488112965,0.03237793875828893,22.91607462739111,45.44440266973912,0.10692346594105484,0.7344870403224036,0.2709630479289077,0.35197791235142445,0.37705903971966787,26.760240723197327,77.95909450553381,-3.057653588238206,0.39289229583117913,0.7254156307864513,0.738731105462403,alerta
0.6557164806830538,0.6762927399063033,-0.10092713471261594,13.574220159881445,101.17738380356944,0.4620023821779605,0.36717381443129216,0.16041005493557833,0.7401230870631492,0.09946685800127257,32.782832051438625,80.84916985907013,2.4507174461906978,0.4996906028861203,0.2022608776840129,0.027568240835845637,normal
0.34654065370859904,0.39236002173385964,-0.11337916525466832,25.371784621963197,77.30556191875415,0.6445006954348744,0.01888087857623466,0.35527848212332924,0.3532909195768352,0.2914305982998355,31.388513338896974,60.020974791754085,-1.3027195175799595,0.5285151711597604,0.6897754559960694,0.5547463038319256,alerta
0.16702117650201767,0.2265046326834973,0.515883382306437,20.464957223758905,78.08692612005603,0.18562374355298017,0.10053035869183591,0.24764386823048207,0.45731248122984713,0.29504365053967074,34.82018593312212,62.27371163690988,-2.5027354811945033,0.6919023140836209,0.010722802894385097,0.1694882749200567,atencao
0.6018306071350175,0.33904357807023827,0.22385541303686557,21.24474773049993,104.0185782826187,0.48242734355399197,0.4962194794899244,0.33394547445121564,0.4958511433832161,0.17020338216556816,32.45719763492076,76.65248155344955,-2.6704882444258153,0.7112071607340226,0.3051121396784092,0.0009918644696270684,normal
0.27397747558493424,0.36918433914380255,0.17334667669628157,28.63991872467122,107.27676689550056,0.10115407485988115,0.6899643571263624,0.10860940715335707,0.5520426439080164,0.33934794893862663,25.294880756513205,61.88123003736773,-1.1658140722595531,0.3776290801401446,0.39882153140754373,0.8692000880648071,alerta
0.80832100904704,0.6378996321184683,0.053408837994823655,31.56154339786607,110.37510861353236,0.44244084349444834,0.33473532657927907,0.36050214128034325,0.22413088064286746,0.4153669780767893,41.897961468032406,60.84292627686587,1.3341025932237098,0.41354052274348874,0.8352469488855016,0.6715277878140676,alerta
0.8177500039018112,0.5768493473649113,0.0646026834156227,13.318107966194825,11.381903190378733,0.15655561861958178,0.6954884591776503,0.8764222131111372,0.059738741175608116,0.06383904571325469,34.24018404141971,80.25420188804767,-0.7743798517556506,0.373697169736223,0.3903943730694043,0.0989428220505234,normal
0.790405073154314,0.6000481808668708,0.15976925326236874,11.067706924194292,65.29512023557211,0.5283698143348656,0.698635589431956,0.14827266999743619,0.5540156572680869,0.29771167273447696,33.051722843238366,74.496636052794,-3.8140433356591155,0.5365357736257104,0.011269446189398291,0.6640723676838556,atencao
0.4091110901788111,0.10717032187862069,0.29196533598069124,39.82990908057145,88.86114254619824,0.2458003416160403,0.7039359073278308,0.2755024166620932,0.4850801584321841,0.23941742490572276,41.22849531556892,80.45362631806472,-3.1278240878997003,0.4533535379141953,0.3523464118280094,0.6116473327375985,alerta
0.1608196315702072,0.370500098816845,0.2968241817545551,16.981850467466554,90.83122141524166,0.35120415572302,0.4925218540205084,0.7419621088760197,0.1488460736863393,0.10919181743764102,27.64962624898031,45.91235273905769,-1.3854707752124282,0.8895964631361936,0.4989240983592872,0.47335668704320333,atencao
0.7998229938114078,0.4128736985629604,-0.15406017845036785,11.614915747253772,72.80594423640046,0.43962985231795404,0.914886150121504,0.6326009781160441,0.12379736336935984,0.24360165851459611,28.21703924326922,61.218774332767836,1.9373403393238267,0.6963612669164726,0.9490047866727734,0.419258098425614,atencao
0.44972890382212005,0.11247497993498685,0.125095839265133,15.696259872877599,20.014480222040902,0.1613277169330557,0.4891965179806156,0.546412102097442,0.02066540501224316,0.43292249289031487,38.73625073406732,77.12360642966789,-3.1133643387831955,0.8986563837544456,0.9410343037895448,0.8870697629157349,alerta
0.8266583733305687,0.26887858568427225,0.05016438077898672,11.168735390453927,95.69046647299972,0.5320645821014536,0.4502651934966382,0.5996235495048889,0.0722159425406425,0.32816050795446855,29.43412836042515,40.55739137335544,1.0459116815061362,0.7091369915594256,0.18087403822141157,0.24514801989745127,normal
0.824533983962477,0.5941883850293878,0.4399479213289767,21.754326838515148,86.41336002179348,0.24671622141392946,0.199380819010627,0.3850255194765299,0.17875471298223736,0.43621976754123265,38.586860806955954,74.7331077146981,-2.921027162583962,0.9709921485238141,0.18514654173945155,0.3983100570133833,atencao
0.747106618827152,0.1891213087238494,0.23670608303561996,34.07205353353973,10.336292585884355,0.4805417089432897,0.3076550873563365,0.013544693095914847,0.8550810675610977,0.13137423934298753,29.616069209444543,44.148669170743474,-2.0954620538555666,0.6357367782552691,0.1633814564645505,0.32911541289482726,alerta
0.35611422444871,0.44795158544418456,0.15262845645358458,20.23733349273162,55.65717896092515,0.15288398295459288,0.042334492518303346,0.3709976575815564,0.5810251543642215,0.04797718805422203,25.564189713825026,75.40593774926606,-2.450303251998135,0.9635501381630547,0.7889219324141032,0.7712010290366336,alerta
0.4195684100213477,0.2398812168112044,-0.2019145541479202,23.325502206350997,20.87728794261643,0.4972764784841276,0.6335352936161702,0.3840124688516857,0.4931990379371847,0.12278849321112956,33.78925030607417,65.60004687784341,-3.394942279862706,0.15816989040942608,0.006022040368406367,0.9164653062325394,alerta
0.7457956700617998,0.10787850351853064,0.21479220592489984,30.267603207023164,40.497245485556626,0.13332224732680012,0.24853574392709288,0.3698379036239741,0.5146359021416191,0.11552619423440673,28.343669380156644,44.66179957424336,2.0419683564793125,0.05247768082940385,0.12717719819187734,0.8497816987402305,alerta
0.37184540360939433,0.256780947439702,-0.20037668017180157,25.266822102096405,2.169731064682252,0.3264817225754893,0.3041552544854651,0.4822601645426263,0.3961775684060085,0.12156226705136527,37.883386979852006,58.667708966640056,0.1706319264743108,0.5791251852038592,0.537959631644099,0.7977039302997685,atencao
0.26864492268026474,0.734317940691535,-0.013374410769110723,35.84337058063973,48.039584209290986,0.2106839479302699,0.7708145216643212,0.14181018191638592,0.7340030463626218,0.12418677172099218,35.900393764946514,69.09525832303858,3.479480968076044,0.9834932057997748,0.24756206688676552,0.9867899455700829,alerta
0.5397608837208451,0.6209991227239432,-0.1785843299078179,35.9810702513727,65.98523053874526,0.5364439121283187,0.3272211831614539,0.39310893009264053,0.36226534652280373,0.24462572338455565,40.7012453556246,66.69264504417711,-3.1099824401591474,0.4176052473023968,0.09235645823926208,0.6971445504103851,alerta
0.8053083419125466,0.7237248188086717,0.28826259997071363,10.297320864734608,74.34991113925042,0.22032275292946846,0.24219589201314218,0.2512850732491838,0.4327404252977618,0.3159745014530544,38.31080207351751,56.36235981158522,-2.69740359995735,0.2120433621929596,0.3598780123338343,0.7510537912135338,alerta
0.637220857672481,0.41710512855213555,-0.12468570323927025,33.341389194495974,79.6188414154452,0.6231162491570075,0.16905774913370575,0.39797109666055247,0.29753293842333534,0.3044959649161122,28.073191232292356,79.96832644604635,-1.2418804178459446,0.521541449193514,0.2742076050602448,0.982802539705019,alerta
0.5490428190625555,0.17132852914037727,0.03308046720982216,23.82200800725022,100.35495757229519,0.6296831374142983,0.7748584021819559,0.33862728607613274,0.532784323445909,0.1285883904779583,38.602690023301534,60.963170724392214,2.892793882449273,0.6487986245788886,0.5111043065142845,0.006990785399174082,atencao
0.21802354563953796,0.4561736678329005,0.461323560975962,39.665216239109895,25.855548873087603,0.1776868548948108,0.12970625799002689,0.3819542838529461,0.4430531690237802,0.17499254712327375,35.9095297618384,60.29336492643442,-1.248170591598711,0.31517869551588895,0.9792335938301958,0.634048376436365,alerta
0.5805050586894188,0.3953452674639746,-0.1263310741108752,24.496962276263055,14.457818692616154,0.4489998642550207,0.4537537602503535,0.04606211501598381,0.9447376202282538,0.009200264755762322,36.37217790993063,38.112529497072714,-0.3242316325117667,0.7147693584992595,0.12430463681491843,0.7389715319532896,alerta
0.8430376950729843,0.6488321037807504,0.13163430436496232,39.606878361648924,102.18446062775108,0.1070164671179768,0.5069301160771944,0.35279561027727496,0.3555484813877397,0.2916559083349854,39.14846906149253,81.10601948988185,-1.2855679033255187,0.9751145070457258,0.3727267048340943,0.917827053757195,alerta
0.24805881066556681,0.163753677509759,0.05638091199111872,32.637080836172096,18.793537787117987,0.30449911474105895,0.6873899126857146,0.4676808829118077,0.5063911272797924,0.025927989808399995,34.755009176211985,43.855828433918646,-3.2779813737907304,0.8969631217106169,0.9319850178724747,0.8838443041843428,alerta
0.5128307566546156,0.4173567390641558,-0.28459456511112974,17.45814653839919,116.97120976034344,0.5136591241758269,0.6332834823329955,0.22439321996701442,0.09867364905622779,0.6769331309767577,32.92205974400122,61.417234671827714,4.454902606065687,0.29158537351219527,0.8768730434938226,0.8419606812337943,alerta
0.7641611503495688,0.19753163205108976,0.373844396536891,26.15184937860873,101.10458752783644,0.4786251104524455,0.8107206729451748,0.37415889595876867,0.3654760497362563,0.260365054304975,35.822897601098376,75.1783800700155,0.9368509286406992,0.3267236831445983,0.3942710347842806,0.9457912719417038,alerta
0.6685380324279431,0.311039352478539,-0.2413109796325902,39.76406918435748,60.1051927067519,0.4560554351142951,0.04475143392623815,0.4688854574249482,0.2760900192814814,0.2550245232935704,30.065276292292104,45.77266384778217,3.0904986936694705,0.3715412244495886,0.6989532645197365,0.5373791879137075,atencao
0.6379110186966875,0.5792821003020698,0.10311676783041063,35.72591823255771,117.77057099064302,0.2336515613805883,0.2964407247793972,0.854556889854022,0.0572895254343948,0.08815358471158327,28.10415122848069,61.36866449854206,1.9252138296676646,0.39455277839364533,0.08785701358134557,0.006920095584826758,normal
0.6417388587909765,0.40941178408969825,0.17657655069810752,12.921006813736632,11.685207492960505,0.2957162171323613,0.28013411877537975,0.3124584326789868,0.32102870729308375,0.3665128600279294,35.48199324721119,47.034245461167046,0.6282885115577752,0.10031949919327943,0.7125410555436151,0.011054398697009526,atencao
0.40164380585382864,0.34432738534475005,0.2341624881223991,31.191159904299884,36.3678913410122,0.11691499405518602,0.14601690559210823,0.2970341718369221,0.37595856773935465,0.3270072604237232,28.97542227445312,72.98474988999558,-3.192895690065579,0.7619628388892893,0.9728577294847415,0.5446390556178581,atencao
0.3555142909851453,0.356409581070523,0.28533688491169434,20.367387576124393,76.58692980487338,0.5173648332818406,0.28917825385644313,0.7026799374208411,0.1402775565764736,0.15704250600268535,26.358556858892314,63.21705839365754,1.784601907432739,0.36533926361070046,0.5374881528341916,0.4352722388639413,normal
0.7165528088349595,0.3986403994638913,-0.08471847400569216,10.209467856410443,42.00082421678145,0.3775277179143277,0.3097653141429034,0.26332122242385897,0.5149997956288535,0.22167898194728752,25.009421137949317,77.79879301975717,-2.601666796568511,0.8798199767054522,0.49849022703441426,0.4512450533654485,normal
0.7170793762754265,0.6102607534940869,-0.29151803984031804,22.10442907080999,111.40470623769502,0.5106976610246754,0.5218844619274783,0.5188320176456076,0.057708958875859175,0.4234590234785333,35.34142982380114,79.72790014386914,-0.2705514757935106,0.9269406231201087,0.18731861970191033,0.400404737210037,normal
0.7569506230060725,0.6798550478111524,0.31492711300167525,17.042632651749138,7.875130581338108,0.21181329111796726,0.6637044789262561,0.22808422658599828,0.4890969873670176,0.2828187860469842,31.156529319164026,67.4366741222699,1.6620182913238732,0.02443130930768811,0.6337881989072919,0.9177258090912357,atencao
0.7892683867895299,0.7209675462275533,0.15530810944544188,34.56607811561415,65.92941984731574,0.26088484861279304,0.3811005136118141,0.13746006049664217,0.4805538982367577,0.38198604126660013,37.78928650144875,71.26956230794723,3.040061004249111,0.9885030699282062,0.5904372807789149,0.3591703511697899,atencao
0.5079396792026565,0.6114872010659418,0.4107000477261616,20.119918265372966,70.90395208741374,0.2672399692190745,0.7194702313133812,0.1845573540147732,0.2844375763573994,0.5310050696278273,31.37799877132274,62.461004994343185,2.1654065813775762,0.7100227315001846,0.6519330594757505,0.8562269417630832,alerta
0.5010614062810397,0.3050144822362083,0.3981801084655902,34.82571081861451,78.32737485326689,0.06673256633569052,0.33616533857958,0.005512009430369733,0.3711070615971179,0.6233809289725122,33.26205862004986,54.221436653369146,2.0438017614916593,0.5203922259929623,0.026083286684721818,0.9028647937916409,atencao
0.7088066252767425,0.5472875589562524,0.4168272426197008,10.017938165043859,30.67994679981773,0.2716811173399053,0.29028367731476035,0.2270296287159406,0.5588349004854753,0.214135470798584,31.920444537861542,67.40589615104173,-2.6586201174231325,0.3895276083725533,0.5487234883490736,0.4995017699989548,normal
0.6049747515444356,0.3844420306360048,0.11233046098260918,19.234574500783573,43.74797130238373,0.5721479727867218,0.5411880558570243,0.42831342725919913,0.34398728871066353,0.22769928403013726,36.05977144885888,80.41443117436644,-0.8848431393557092,0.5185181326097129,0.594934843497373,0.4469380373650883,normal
0.6413768140803923,0.26553590432993324,-0.016415863538664144,17.23495642923286,101.24166355979732,0.63324402223733,0.023716360305790607,0.39329251229786155,0.3326171438252517,0.2740903438768868,31.05436575425446,55.8340190215719,-3.6137895460582525,0.32462472397844444,0.20753013541280219,0.7610206042154468,alerta
0.7070548686052707,0.6465665266268497,0.3728244722026646,17.00702083205833,23.39313227641918,0.3868419051633528,0.07978912363400037,0.18753418928259255,0.3604610897129,0.4520047210045076,41.38405004901925,50.72050131868977,2.475292038588181,0.6226878136965482,0.20833285748853603,0.7079715076398824,atencao
0.7730037392722964,0.12497712682551125,0.08359999607486673,12.04559859296388,99.22414166080344,0.3460761018924931,0.41796954358652705,0.44737338078956046,0.22755448891074603,0.32507213029969345,40.91449877217501,54.42184692762871,4.573273831856772,0.09298027644479123,0.2762181685109498,0.32853511659620593,atencao
0.386596609796075,0.6861452948880253,-0.14407413305708064,15.613728112315052,67.5186507483291,0.07003600215459066,0.9429127113917565,0.3345238131451176,0.6591011227763374,0.006375064078545085,39.41647434517378,56.76988151057998,-1.623006488388318,0.6211226029118102,0.7117215917272376,0.10254812592464657,alerta
0.4129080668479608,0.39996035200607727,0.42672791662725323,26.666487096568595,91.46250134328986,0.6214828194304987,0.7215117798434236,0.6647206660938524,0.15507333525829833,0.18020599864784917,40.64510459973672,38.67805144888581,-3.210729617539216,0.2753448501384441,0.6062660635323717,0.26485240018248035,alerta
0.21578735788860828,0.5141809599253823,0.4501758952564953,18.740832185132334,85.63288395161659,0.05845663872681727,0.08812656950055775,0.5348848426636719,0.31623644556395947,0.14887871177236864,32.635374703809646,59.92209202174972,0.2801306907828822,0.017634829052346368,0.8457626461178046,0.13102850581229897,atencao
0.5547960986973217,0.5285800494337588,0.09636329271914468,22.52184346987444,24.90137944618548,0.6640875521366376,0.8463180127808737,0.603094472480274,0.2436168451774049,0.15328868234232113,34.119316745421365,59.71571240250298,3.710284008148119,0.5527057661628776,0.2956585718430982,0.29473227577669137,normal
0.17515959165771944,0.6818265314592487,-0.23565523178668063,21.306006410415655,68.25752837206474,0.36799056164725885,0.732300770608181,0.08454262345302309,0.7606041856318769,0.1548531909151,37.61557407349015,64.42219138202616,0.9677677574460173,0.5784477558526964,0.9120680598883183,0.26182156558079905,alerta
0.47591861269272207,0.5138352934086847,0.029652176429391608,36.27714774999684,104.12677833661108,0.2722574208235723,0.6109465257026532,0.14860344999831035,0.5160885969250324,0.3353079530766572,36.834480723955195,53.14100152356657,-3.5790056482889803,0.426569004711536,0.7437061619833584,0.6377114238867135,alerta
0.5298512442953036,0.4990568300940401,0.3830070105432129,37.15896997031547,51.85394841623152,0.650741982647729,0.8202929606091773,0.024445453902446578,0.8110150013017666,0.1645395447957868,40.141536125293,65.65537979777949,4.768450164751513,0.07228623255031685,0.39501167001369697,0.9544960284547797,alerta
0.3505788764897991,0.1433238263644485,0.4665079242642945,24.788709149675803,115.99089242679801,0.06585414552156288,0.4041098477429571,0.5439037157021868,0.061816487923000235,0.3942797963748131,37.17762746336382,78.91081551371015,3.4578491896634063,0.8933429528041915,0.09526206562545592,0.6857437323304836,alerta
0.5635832823983075,0.4369652142643826,-0.1270481688770435,19.904678509468134,54.26581201220617,0.42792618166490654,0.22150105085385274,0.4094270276329934,0.013589798187494765,0.5769831741795118,41.96404003988383,82.77354952475821,-2.8156533065364084,0.6114308072278889,0.2569836624874825,0.9266494080645696,alerta
0.1713501749573346,0.1976098505310771,-0.24307242977851917,13.204021120070909,17.134276400146163,0.4068061409245694,0.5120233891087593,0.5660731059616251,0.3075922927246354,0.12633460131373955,30.92459859713705,64.18061080705249,4.29617980853158,0.11571329956896959,0.9567682172148503,0.7841322586084434,alerta
0.1761437321244501,0.5793319496689656,0.4457478851629129,38.602086381462854,46.73216160932079,0.19255826078739835,0.5488417555934738,0.36592009636982253,0.4430059793887008,0.19107392424147665,39.160961618070104,37.12954769851565,0.05619459744669797,0.5109305765941476,0.31036337588407936,0.7278776220711732,alerta
0.7258203924617608,0.43294424852823843,0.03099419813204407,11.806808347008923,114.20428876686447,0.32877683037763683,0.5383263720099121,0.36448430129447545,0.4396896787320141,0.1958260199735104,36.859791988155294,83.46179986335545,-0.6529180848255289,0.49725431594847147,0.32990096014906445,0.4140619402133414,normal
0.40213344898788406,0.5421480564854296,0.16049681962742884,18.929508327048413,38.36650192078251,0.47397160386345055,0.5650737914801053,0.11525214885499789,0.4142802004452553,0.4704676506997467,36.753569568655315,70.29310304481281,0.1494799747446942,0.06040186879292697,0.18958893109771702,0.32479450286336864,atencao
0.23894235885631934,0.1270873853915498,0.5228559402431452,18.941986035100125,104.17177918404754,0.5226352779732528,0.9487049182391808,0.16617265380483026,0.2457688476899127,0.588058498505257,30.539205112364982,51.798182427682605,3.511147611838525,0.6068597036029475,0.8068506011387654,0.8462773724729192,alerta
0.5155702820383631,0.1551148104297721,-0.24341998127291056,19.612038584206445,105.75008180182678,0.05046595815927686,0.9022456230962314,0.1864135701933821,0.4873825056042584,0.3262039242023595,38.35523047119138,42.35788504818617,1.9353171045810722,0.8083263989215644,0.27564423024227735,0.9053932329290053,alerta
0.6889954871690276,0.5656102022407434,0.25107030633428135,14.928605298172279,42.02238291983533,0.6589547295591599,0.8757170365589394,0.2593614469597576,0.3117944334247735,0.428844119615469,40.306392379909184,42.170930611813745,-3.466763928402452,0.7490080542484782,0.33025824836885564,0.451882493650932,atencao
0.30107471924779017,0.1468548183991377,-0.23701039081136296,33.49484292771092,9.990918966075855,0.15694149205532804,0.8014168109086272,0.2573741435081804,0.4422456921138343,0.3003801643779853,28.71532384584957,43.38722030698014,4.618439340045539,0.20296941416418335,0.4143481084316266,0.009063098186644414,alerta
0.5860233330733001,0.14631687304741808,0.019148589196525345,13.674935858979676,86.94694909905819,0.20182728224453345,0.9434281072652854,0.5106727198625263,0.06397641643245733,0.42535086370501646,35.63344623098397,37.27862608069101,-2.66994279869514,0.8622925295542114,0.4337282797746097,0.7925310589064705,alerta
0.2097432254956376,0.10787050890267685,0.3832423634144298,29.047199774594883,37.38147588167833,0.22125773970100132,0.09849464167940325,0.0927030801161178,0.366137395500256,0.5411595243836264,31.666292094747178,80.10770943264558,2.71011156561816,0.3425421656593509,0.4113407904150217,0.28506884047229164,atencao
0.18617720481802538,0.721725908894662,0.06845139784228926,13.715380801174524,93.95083371090868,0.07458308875882295,0.2651232614457395,0.1827629452282535,0.49134606255329094,0.32589099221845547,41.82231802801291,62.03841164136682,1.7252287738531793,0.9465083782919413,0.5037436953747286,0.009887865016920738,atencao
0.5219482420977035,0.5793804336483546,0.547605000817508,12.116069127788696,53.11858179125197,0.12998388033371117,0.4950559456545849,0.5834896736160327,0.4108383550791659,0.005671971304801403,33.14015786913859,69.99797063569187,-2.3122475684809523,0.07174796422571372,0.8145128796164033,0.8049885589761221,alerta
0.5284445851270745,0.3296134155263417,0.17520039220461192,37.282885110576295,58.23200908111459,0.6911274499137052,0.8465344931234052,0.061426495677819756,0.3168034079223606,0.6217700963998197,28.881442954548024,76.40542546341538,-2.463411314982553,0.48620868851984267,0.819285040742022,0.5174141888168982,alerta
0.5962009310487445,0.2927481278369759,-0.027012170259439472,15.70386298956117,93.34912880982442,0.2548908792952359,0.5051657115227325,0.4961055728633748,0.3293883520629084,0.17450607507371677,31.491579628771152,74.57705031666,3.8329483433422284,0.5971243771775492,0.7983131337633469,0.6852107463384691,atencao
0.6582639336058631,0.32730709933480223,-0.11290537298095982,34.63750463679113,45.88359972739535,0.12494570872038206,0.7480347393415887,0.40168377377141534,0.3707706757827312,0.22754555044585345,36.11525262688264,79.13028118644208,-0.22274568850362586,0.24765009847460473,0.10112483911648751,0.9146898211444775,alerta
0.8330964556237742,0.6035247952677683,-0.0020575458567624327,26.338926133214073,53.17528143874974,0.11954431976350516,0.13895990524891622,0.19612012553242913,0.606708579828183,0.19717129463938773,26.293519312942795,83.3627311262476,1.8911886275672467,0.7713801887202277,0.7996788032748141,0.5411738301381054,atencao
0.5114102438108367,0.5298908971957694,0.01665328269561822,12.33569558826309,45.142856252354655,0.5176489789854817,0.2524138129765602,0.27131764964444266,0.47051153260261824,0.2581708177529391,35.26123264376104,56.953530737096976,0.5366390347100589,0.626895679810717,0.12025177348657679,0.5031940725789658,normal
0.37606953105887214,0.22037711911385416,-0.24159337393463315,38.66344574314202,44.080861833273595,0.6054696316212166,0.7317760950376724,0.24482104490627962,0.630255713909698,0.12492324118402226,40.83082090604127,82.51677333341954,2.546181653683636,0.018109437287955554,0.12472377005225799,0.2906621213482635,alerta
0.7066303363380926,0.21317106796715485,0.014138069512757256,17.408835009756775,63.11358922817513,0.2170189946805054,0.16473400888772405,0.6733963110812224,0.14952629772695789,0.17707739119181973,39.45616739018346,71.16449741714081,0.3131813753539747,0.6083685906962358,0.9478627716349608,0.3051938344399526,atencao
0.339582575883452,0.16395717231370827,0.09460274177834122,35.78936036057819,97.05593334013808,0.06359118301790273,0.35135593465492676,0.4250943038114049,0.513360079139702,0.0615456170488932,26.150450123185717,38.533409515403925,-1.4135807626998846,0.4914782344184464,0.8193978447055413,0.7965420660296458,alerta
0.4572799944939453,0.5291967678058698,0.314327089402984,15.064300173536925,43.412197430707906,0.19500851198948127,0.2648662578135714,0.3534874531638847,0.3370932475785214,0.3094192992575939,41.88762793856416,69.08915606061727,-0.7295496610315322,0.19602920170350768,0.5524104668680087,0.44902924558593704,atencao
0.20491946693958615,0.5968422304441284,0.25822006201336684,35.61828646425559,62.9105664645284,0.08673519901789226,0.3498616942224785,0.5247168099447713,0.47080177163109305,0.004481418424135623,36.87835770296594,69.33583298024243,3.731699250053084,0.9957482270595296,0.8749702044778621,0.1635262086081204,atencao
0.16774552039082025,0.2722801784112526,0.30245080694478116,10.39686438715882,80.4872790531121,0.11720670880952698,0.7083240490779703,0.17149295629082217,0.5105289336065476,0.3179781101026302,27.758774013338403,80.29302818962636,0.21231223630454288,0.897162194827615,0.9893646425518628,0.09452876400049559,alerta
0.8238538902745475,0.11361422467009333,-0.29289087040467143,25.35341369708442,32.332733556438605,0.3304802779009675,0.367847181142801,0.6564962768144561,0.24730953105725342,0.09619419212829038,25.211073515880198,53.6466066235046,-2.0789560097985165,0.2925076950290635,0.6106420666317776,0.47292011686177937,atencao
0.735186084358544,0.1534115838596778,-0.11498271035654434,33.0832773826467,33.302736588287104,0.19944694106006117,0.5552633226079402,0.39154186269327484,0.37966157881040535,0.2287965584963198,27.911804816966573,64.2455750135909,4.411448492695278,0.5410709207986163,0.612898436981518,0.46495502361773045,atencao
0.6371819442655885,0.7291090226492698,0.2624316451398781,38.0438655247835,112.00957524281458,0.38536482104152514,0.09993187705440965,0.5946693848112109,0.2220123492888216,0.18331826589996747,39.24899065165756,35.609377550587126,3.1694041084853923,0.31650213991029075,0.754427029159928,0.653458278205396,alerta
0.4362670610899889,0.2920391053603232,0.11139096295278511,37.27606408619461,86.82414879973064,0.2147709396171737,0.8050176932346278,0.5968618109405452,0.28151730204961634,0.12162088700983832,25.367868524067784,51.6037621090668,-3.499004685494208,0.7754957516360781,0.23213895236533277,0.4710674777451407,atencao
0.27130602404959203,0.5999950460947868,-0.29548354568190593,34.588746086429346,69.26240114679706,0.6613492457169159,0.36988862564812486,0.5692077367222488,0.1529480116727074,0.2778442516050437,28.963504161507473,38.11218630793905,4.990486657824659,0.9303314331964551,0.16712486151879935,0.14347570413421473,atencao
0.25950592986976023,0.5060313197552715,0.38382044606704907,36.64574048983913,77.72640653047344,0.6388635791520719,0.6485341590333424,0.3024499246820923,0.012453143468562347,0.6850969318493453,37.87419512069288,61.093648638244844,2.254340267960921,0.35882860691438356,0.7595807500150725,0.5078028847985135,alerta
0.3251700287152167,0.34826076577438236,0.35688813729678687,15.976590575112295,3.515933172410204,0.41842396825680284,0.7253896016618326,0.28944617768311,0.6533622171658661,0.057191605151023964,34.963879110268294,75.87238252534766,-2.5576006086347176,0.8055842491436275,0.3449047949941023,0.9067894038860251,alerta
0.5344586652942843,0.23369672042711084,0.1661562885445283,18.525528871351863,74.17235586740362,0.28037559479180096,0.2096609221117004,0.4711434743751782,0.4116931037256668,0.11716342189915506,38.30650707612326,45.322134606453446,-1.865490868312632,0.49840754271320487,0.135070356305934,0.15944141162021241,atencao
0.6502171458900436,0.1789011718036142,-0.2435061730901687,18.669055747631756,61.14106478690423,0.2977454733225781,0.88467498495335,0.046107304609749176,0.8094172201102333,0.14447547528001747,37.6845585650554,61.372052277888926,2.2320093311739226,0.3965785613115773,0.31487772591774976,0.689754640977749,alerta
0.6121381637024118,0.49975842922526337,0.35153779210269703,21.311617930050964,65.48996157353228,0.31770398404392297,0.6162242516069529,0.5373441912197433,0.07898498349740754,0.3836708252828491,25.86022358107068,45.20043182553835,3.017849497512098,0.9384218520987698,0.3586368678745754,0.5938592649655265,atencao
0.34595372786215994,0.6035119574145622,0.1961565495716594,21.79962011155566,43.13085921969805,0.5229265593877136,0.42872514175148146,0.12935978527583103,0.5909415086141065,0.2796987061100624,40.172694124600575,41.03442339231202,-1.8486765116517447,0.5104046887190314,0.9652276595056907,0.7485857267118027,alerta
0.8184056964642359,0.518537764801735,0.3646659805842654,26.336659739640265,9.776867725553027,0.34356534708724457,0.18233518357821954,0.5292906235967693,0.152515524719817,0.31819385168341374,28.85954118279857,60.54983959671712,-1.6872803149065625,0.4674105002574649,0.6979597110879232,0.15060027342759275,atencao
0.6665278416870379,0.4446963866119529,0.3389849435364644,14.796392900993242,23.20070803344626,0.6068744652288333,0.9423009379012067,0.3454593779147942,0.5391580068162953,0.11538261526891046,34.407671483905986,38.95743104748638,-1.2359137461514527,0.672434401962343,0.5308563173997339,0.9416053369059946,atencao
0.5380478367579804,0.12726829523056357,0.3825517611641616,30.73739991357968,114.08936558552061,0.663661610854737,0.7550682041316251,0.022237536378182075,0.6799100274398248,0.2978524361819932,35.95289866097224,64.36773155689947,1.382165283529731,0.26123420101828443,0.9688731386826049,0.6209664277671586,alerta
0.5782045223640465,0.7295177054363494,0.14030685644393115,15.026996179135194,49.04394747251207,0.268364999696307,0.20802456273324887,0.8489856541768116,0.10338157884969275,0.04763276697349566,27.866679585046622,36.566873033836316,-2.4536543952885075,0.32479287078831576,0.9031397404741807,0.8470711376911368,alerta
0.44372004369945295,0.6191642245754735,-0.18072415953551224,19.309254463136426,56.0019786997037,0.414451412894192,0.3377107747242245,0.47635998085004766,0.5100401870501434,0.013599832099808843,41.59593136391656,40.33574859341878,-3.0618112100370025,0.9320458362386227,0.5120008566141597,0.2466067636802356,atencao
0.3234116926508102,0.2903343238556271,0.2704838523727355,25.100353918184624,6.325174782412679,0.11178674894116687,0.8096742580880733,0.5007234051648947,0.18589250539958835,0.313384089435517,33.29865125348425,62.49987427436789,2.1097768017696215,0.6785298454369424,0.9056796353769807,0.7394128893979616,alerta
0.39918087505588307,0.7369807140832529,0.2274027172941751,33.893216845704316,4.507947545277671,0.1803048810481333,0.695677663215339,0.20423388048796282,0.5468221528400008,0.2489439666720365,25.97992582515569,64.5703706449457,3.0118814581385305,0.8266371477710056,0.4043046580626566,0.781030704333919,atencao
0.6804922773250583,0.4912230332636094,0.3309152091192242,32.18407699716182,86.06177364561093,0.318752748361604,0.7657842927157243,0.10109354753632273,0.8192635339331087,0.07964291853056849,40.93345476122329,36.4493465046879,0.5083646397485495,0.27111176193542963,0.23042066535662464,0.39743527238707566,alerta
0.1600754420408291,0.4785747278347102,-0.15560114485687496,29.366030692315668,64.57135969453336,0.18403176533615623,0.4412011022129324,0.21040494027204243,0.5109092804669645,0.2786857792609931,34.96655333428556,63.66883940007792,-0.7255056075845316,0.543790189929872,0.23267817682208514,0.3839534528834221,atencao
0.23125084835484136,0.5862475666291959,-0.13427108008475414,14.673197817405104,61.044718105952,0.6197643190126664,0.7164762626421669,0.1339407335990956,0.5016001900854388,0.3644590763154656,36.886284365683395,76.92512626618185,-0.11161557826171276,0.9713962669894982,0.6623155244421267,0.6577962650257493,alerta
0.1822018494152269,0.6276503622585894,0.45684808963642926,26.41136036846733,29.17494365072024,0.15288606643841374,0.3864937228639137,0.44989519562104907,0.30419620646775514,0.24590859791119582,33.92798842888181,71.1158088646977,-0.5043294951524331,0.3187038990282176,0.5010703207072771,0.09340768176021597,atencao
0.1785101616232791,0.5267110947654767,0.3374811286842602,12.623395053996564,89.37008779559066,0.34617953400950974,0.21126291693819643,0.6403556024604539,0.0699558191852898,0.2896885783542563,39.190545231208446,41.55925519603993,4.639864174139078,0.16047647631704187,0.6589508470054467,0.7356241502175089,alerta
0.748822408807705,0.18326223513803003,0.4719942153952746,21.320895303899523,20.188389493019024,0.4437045062989191,0.63267703484136,0.4000000575768035,0.13103452896163204,0.46896541346156456,25.563268857284584,64.62373237818075,2.912809146972262,0.510886008224664,0.6860759642621699,0.042886759839410926,atencao
0.6425605015660165,0.31987387889642394,0.3449080229893327,22.405495908698775,22.792169239322405,0.4997115403045488,0.9760139255987942,0.4511690043749945,0.2537362664354185,0.295094729189587,29.56243220971151,68.61262500371068,-2.1272150663490077,0.3878210887248762,0.022322872897717616,0.19059030112082598,atencao
0.4819216803611276,0.7032543662119323,0.20758201009175664,11.194343183372615,55.28546056179306,0.2989950903222294,0.3106009713953296,0.3680202708751951,0.4485083616907207,0.1834713674340842,32.98402205884577,36.86156008761459,-0.5422976315141792,0.15957723278671354,0.05403959234790234,0.6641437572413672,atencao
0.21848391245570103,0.24600014769850376,0.25601282647369267,18.219642984099153,34.353583453432904,0.6149143946710736,0.46096959221253964,0.4162830286924285,0.13152418854890854,0.45219278275866287,26.302261477333072,77.76738343418114,0.8961106222679884,0.888551382703368,0.5326777265912499,0.09832366709196383,atencao
0.49413111258178266,0.34190856549438364,0.4557587353490085,38.66948401799468,29.695557747977563,0.4194074482006515,0.6740013710698536,0.5327865640651016,0.4112953261897083,0.05591810974519016,37.00041337855319,80.3133698644915,1.5168727585731956,0.9907239105537778,0.1910354777600769,0.97184209147679,atencao
0.48143023954639597,0.38084997391372744,0.1919857413351495,38.608978234890685,77.4285173463998,0.3356800572909086,0.5415062821224879,0.40867052653667646,0.28053792134934874,0.31079155211397486,31.692278038945894,77.52261366811294,0.21365506425890413,0.5685821806899978,0.6325337688044397,0.8683962094619007,atencao
0.2712413089370106,0.3856132433013939,0.23753262567912942,20.56981162757618,78.11660942622534,0.0937064121338238,0.8434277957090492,0.6181648228235054,0.24281864874746492,0.13901652842902967,29.63535583455845,76.23157339945567,3.291139715107632,0.774676768373454,0.5521857391706481,0.6263023324067365,atencao
0.45369615446658107,0.49841072862144165,-0.16699479139693948,11.293003268449722,98.9420483759915,0.3520481544893572,0.7617427064695159,0.2734448901353725,0.6207559719693565,0.10579913789527103,25.057440395743008,72.24825992304466,2.908454175124085,0.8590383695462995,0.5857603583708912,0.8190574556693498,atencao
0.4289533140781614,0.71299929453406,0.10283303709868735,15.372848179845446,50.1250280367571,0.5834782965302246,0.05829720386235704,0.14405251498382615,0.5222485491148704,0.33369893590130356,37.23711529974921,66.67160156409801,0.5464212676535007,0.7009820060218269,0.3024553798310107,0.8875800485895678,atencao
0.5810950686365515,0.25645026269112825,0.30893754516438415,21.766533803006205,8.770210923138029,0.449451661843855,0.998421233923774,0.48623438844334727,0.4616296439277665,0.052135967628886205,39.17475825083865,68.93135024941259,3.689864481035574,0.04415604911173121,0.6398435062778967,0.25947564957181846,atencao
0.5945655556073506,0.17897589459559676,-0.06969870643108936,38.433390939076894,32.83996619057492,0.5909055949239269,0.7524024537194672,0.4765569399932795,0.12649324095326844,0.3969498190534521,31.715689106585472,75.31976466674915,2.7598057739814728,0.15763423171681779,0.829492636485023,0.8494115879493195,alerta
0.18171280684043115,0.22835581840895927,-0.1280839465541453,14.235971906115548,117.60065558361804,0.3711075858895486,0.8639033162941132,0.44490018421112376,0.39528864652175644,0.15981116926711986,34.591705609567214,68.12492291806524,3.0072366384857894,0.07098919115138647,0.9980712535922371,0.1947937836376018,alerta
0.41222883023852985,0.6765011851360252,-0.03324721300924671,32.90547531004637,71.55102902792424,0.12700010831141317,0.6511977120953464,0.6826202690000347,0.04675518259793535,0.27062454840203,28.87067264080317,51.386347834103546,4.607607014900749,0.00987960664205656,0.8384443861722143,0.41334226414881536,atencao
0.5881019409999654,0.5197770282258839,-0.09472446620609154,13.260476181240762,85.16845017612243,0.0588658997933227,0.8562851280467623,0.1531603331965563,0.5542093795961593,0.2926302872072843,35.57735998676226,53.7980551080677,-1.6017975291171762,0.30599640875723655,0.5574987596799474,0.5582596312485993,alerta
0.5021953810060613,0.2858394130054541,-0.1173242585190635,39.43772732173831,0.8829395550497443,0.24709270536708428,0.11238297492870941,0.39919171092654276,0.5228454641523548,0.07796282492110243,25.20633679135841,79.8528734186146,-1.5911665386983573,0.39235596048155974,0.19342959167995655,0.7138909630740324,alerta
0.7495428888318256,0.6303655103296012,0.06112321643787394,21.44849497327405,62.1846878619025,0.5036938064735651,0.3477378355593156,0.22887682071909132,0.5218431094256415,0.2492800698552672,33.30694625067889,35.856104289858095,4.000570301215761,0.24102973233592573,0.6814458761198209,0.030141317722528038,atencao
0.6110855421332615,0.6598904976362334,0.47166273680100407,33.25703616697168,4.503438903816375,0.5636689375621009,0.8764209436044927,0.39913296979522184,0.1611431127208454,0.4397239174839327,35.95149319129177,69.9410290622141,2.950037360471115,0.06460464808632094,0.9376537855579782,0.290509412778189,alerta
0.26405409895700077,0.6502343201486808,0.13100069972791062,20.277732484333953,68.30762545097376,0.2422393425032141,0.20165521126689223,0.6679171087288154,0.2753771364097811,0.056705754861403536,40.60926014490548,82.73887762126077,4.338909872920647,0.5298630908366776,0.2118665397323024,0.6085190982103903,atencao
0.19939812318030087,0.6973022468657104,-0.1402676763069754,28.83006631476426,110.49250195632905,0.37217504857411055,0.07824209858002273,0.275703925163145,0.527767149952039,0.19652892488481605,31.482708891078833,70.31140849789868,-3.4318285570799225,0.27331931995714165,0.2559956205265771,0.35736867914911874,atencao
0.5996934947444209,0.26395666311268506,-0.23457408102625701,15.760482542201101,116.21029566004894,0.323727287882153,0.788118939945219,0.40435830629568587,0.1536484732917291,0.441993220412585,38.00823345067751,84.6955994115891,1.6498136953543696,0.7960371548635623,0.14900854341165115,0.7750250556294934,alerta
0.16855791737913525,0.5907772536850809,0.2917327233672365,14.380630578908876,64.8663210466709,0.3168398098284281,0.8354861556432962,0.45128287113905574,0.5165036899185753,0.03221343894236882,35.16067950903951,69.37724527641655,-2.698344956888973,0.008052621625281198,0.7367216436264017,0.6516521611507162,alerta
0.5600429068914243,0.39935067322819107,0.025378949770929693,38.14192418704394,54.98457663026591,0.2003766635800978,0.1626522181899006,0.08837244735627471,0.5085740755893338,0.4030534770543915,40.75920591972637,36.71815146084305,0.5350747846332435,0.8425270512876103,0.40656150342365927,0.23440145372373578,atencao
0.8081611689974703,0.64729905937854,0.3985563045975555,37.529418337133,113.40205130981929,0.13864121826914794,0.8543459827827155,0.613760697404981,0.1095417855846606,0.2766975170103584,31.772420486210322,76.35049408234619,-2.5982776133190018,0.954753678945957,0.06269563888638408,0.14592897959233309,atencao
0.5528319245131152,0.5735189401550486,0.26058415334465473,36.62406820638647,80.83317983960342,0.17784756285028852,0.6867677955971696,0.4470737944316647,0.3421264375680322,0.2107997680003031,30.424620777840797,49.23149559696596,-2.8472934191360864,0.7161350631535696,0.8749499914902802,0.6290469935870504,alerta
0.42171894834456536,0.604690840224821,0.37680523296016327,28.763003504997805,7.787913544609135,0.08596605165617496,0.5200826832165839,0.4891644368930417,0.39916086859810207,0.11167469450885636,40.081413977800445,57.30286128322204,-3.8904848915617016,0.7336440652625665,0.5576719047025667,0.4504673277047577,atencao
0.6003017529096472,0.5265051944926965,-0.06884586649431854,34.24804633648834,55.887069320099705,0.17878498218532507,0.830250192781385,0.3837176690318757,0.3812320367349724,0.2350502942331519,25.837154823940914,50.6045957953541,1.6721493114461392,0.9335623116027332,0.3310942920003558,0.1689570411013186,atencao
0.4707770233440616,0.21532870015530947,0.2885050840918995,12.071108107341248,28.82940221571647,0.055980583456496646,0.4192492493189658,0.11320453536437876,0.6627207840892483,0.22407468054637295,27.318551679872506,48.42770531048397,-0.7687964497892255,0.20907128530034913,0.34398297606109696,0.32637420531837735,atencao
0.5319317525211544,0.45426749728300997,-0.07554731301033901,20.043671256720373,56.376518573841786,0.4577179604133858,0.1939939562233972,0.4306702922890107,0.04269545590534523,0.5266342518056442,26.400875387928757,56.57028518348927,-3.053305436089255,0.9945655682085767,0.29025122019090677,0.3030467483185866,atencao
0.8090253661435676,0.7400353306909303,0.4982082075327479,19.411093742714687,54.65586864076341,0.25564401480199384,0.28485267661061364,0.0714401442407926,0.5067523806592289,0.42180747509997835,39.33286926179885,53.93757242203369,-1.0944600004182115,0.7734812033785419,0.4554801723926418,0.1081319723393751,atencao
0.42027184646054194,0.7093022432231273,0.2409181393033683,29.0693596585784,69.85737633776904,0.6825440624274905,0.5051640182933148,0.6093873621216221,0.09594868687412549,0.2946639510042524,25.18032619729543,66.66692909212946,-2.4795031769357356,0.7265707083277937,0.337041688488145,0.5469090192652281,normal
0.8228333946767399,0.1280629282680576,-0.024164969850959173,20.678733204119215,42.81245884191015,0.1759160830045936,0.5313307926731757,0.02708285935092546,0.5814810817100193,0.3914360589390551,39.648171643449814,75.65756004937553,4.475253483514935,0.36109057899529273,0.5479463040706094,0.7636486339125541,alerta
0.7837454493692446,0.20712963022413414,-0.07091491705156822,14.455203449310424,19.712453934711366,0.274788570701236,0.8055808264412336,0.5845948032361181,0.2757701836936093,0.13963501307027248,32.67155252131154,49.85443265936204,-1.1199560281478669,0.5457774854056106,0.7735172522712942,0.575466888852987,alerta
0.2870537943525075,0.18562370274546525,-0.13771240268910298,27.89401226240631,60.44633215079475,0.28259675311699656,0.7913527236523344,0.4237135745687418,0.22719034236420338,0.3490960830670548,25.0684297405175,45.686057641100874,-0.9944182903954912,0.653917788273347,0.6744612834443735,0.8262913649373523,alerta
0.19855291061261582,0.5718869414904421,0.29044481505966874,34.43151762007244,99.62434612149144,0.05549347244059935,0.5813665572045749,0.240683757789734,0.5490422672392831,0.21027397497098288,31.82796801260471,68.3447635435171,3.558722030596271,0.6203428613172159,0.2944568927541171,0.12756854721543132,atencao
0.22054460096419864,0.6315604644070143,-0.11409172895176176,21.463704833799195,79.68146736811228,0.5954851694756483,0.7807854833654764,0.09920540542052497,0.07555277344506509,0.8252418211344099,28.175614297765605,68.51600329153908,1.8298018515740377,0.7049846384775807,0.5287410115397793,0.4356118578222239,atencao
0.1627552779560848,0.23878238810193675,0.2060077760383658,13.968061452954451,40.6041439110259,0.07079639909381107,0.19177345829367098,0.503674887979322,0.32107443326672014,0.17525067875395794,35.614808287026776,80.0565619643086,2.3915444666270123,0.08238173907841062,0.8401261599122508,0.6094151036580991,alerta
0.21611007252914988,0.42880425041868886,-0.07506022711344623,15.900645919384692,112.26276273106286,0.6611168925740069,0.05006452709329434,0.4163938857199945,0.26326360218984923,0.3203425120901562,36.54909942866799,35.79728432266554,1.7240162359006455,0.3556484328316968,0.06820623474272547,0.6760015609419073,alerta
0.6281047413914498,0.64645696820728,0.2626736030747883,17.12449915508152,109.46490854990186,0.6298483282108533,0.8736338226347001,0.23738640723312812,0.24069691613669042,0.5219166766301815,33.287968696884995,77.6520331058255,4.515766555537088,0.43400001659547716,0.07829726698690476,0.695786306423427,atencao
0.19983205392216027,0.5763210040980629,0.3926987692594584,18.996927789836086,25.121807926091854,0.39808924545587626,0.07555449376276957,0.43272154239113564,0.43345015858683517,0.13382829902202922,25.68883193247439,61.050108647417844,-2.1369925159775933,0.26062929787496647,0.5561700680497534,0.728965427097881,alerta
0.3732829412056329,0.45245418356970135,0.3613214566729553,29.283852115189273,4.730110214443557,0.40333712369233976,0.2466884297439973,0.2760435895121603,0.6816249521814317,0.04233145830640811,36.15418967424243,66.06510445860494,4.901353175802161,0.17262727026922375,0.6391151283898032,0.6514298121960167,atencao
0.7414127176786182,0.48372599879820244,0.3467236312911645,28.02836453613157,88.95704500209146,0.4749556499215015,0.6953189496243846,0.5140399564611076,0.07306471852417316,0.41289532501471926,39.31465932129386,39.56857202807074,3.4786055980086186,0.1389274799128628,0.2114130157759041,0.09422808894086765,atencao
0.1662903550150781,0.43043435549558196,-0.14043595516158572,30.882395847011175,99.31323136189839,0.3015825077576765,0.40944793762730913,0.3623559581909653,0.47625806586727776,0.16138597594175697,37.24551271454882,56.63074664360228,1.3007532998870799,0.3663833922565851,0.745220126691518,0.6953056776022964,alerta
0.720127937812255,0.29340649335723334,-0.22487279506315908,20.875059535945397,116.14374791416263,0.470694484208606,0.8763139699155088,0.09127848331836391,0.48019717881004176,0.4285243378715943,39.109284622240416,46.36512036192619,1.9613446195662405,0.49344170056256587,0.6462633770407274,0.7247826567743876,alerta
0.3472983423413799,0.46726429535836045,0.2941065042142778,34.71992955639935,106.78036729059728,0.07909945264751647,0.29797979466226954,0.3730508160272452,0.3605270375431874,0.26642214642956735,28.408661900365086,47.71125150412546,1.8394328885055264,0.0629764401466607,0.9232892682362864,0.9934799343336271,alerta
0.23271537933515937,0.5477754463325589,0.013095131725198661,16.122629834672807,72.06417218476977,0.08513095777732227,0.011871346669359295,0.36454485563724226,0.3045973376721697,0.3308578066905882,40.1110949741602,60.20475573380137,-3.474433983467615,0.9464580945905495,0.1689542018585367,0.693362436701126,alerta
0.6377160157549054,0.667659895309525,0.06749429244284527,24.07122242554462,63.6062807054857,0.3471997727527038,0.3006556405607441,0.08232072085635028,0.5851187134565122,0.3325605656871375,30.47728866101537,75.62279752015561,-2.0378515132125523,0.7652433228607584,0.7513742653580107,0.6868303957515489,alerta
0.5902599927459188,0.5135893800865112,-0.2735232711256176,34.02816164624291,3.340926151510355,0.40725449571892264,0.5780750491848317,0.28768022482470773,0.3719614590039945,0.3403583161712978,25.227881842283846,72.18904650724281,4.653237960722743,0.7308517731854666,0.08364309058326702,0.514813290181972,atencao
0.764230409468937,0.5947289990780528,-0.07936001811620816,15.404759431978578,29.59877362137334,0.6270814662182823,0.37593837540329333,0.5164313386957391,0.4212321247234288,0.062336536580832096,39.3376579875942,64.5499979542977,0.8092798597344135,0.17286052498872695,0.5652924095178975,0.8679229085851139,alerta
0.66454973066272,0.20404656272047245,-0.2713750567067056,13.295893412223489,55.15377020795117,0.11802941204013256,0.5348727557587553,0.4477398171565362,0.39757711657534406,0.1546830662681197,41.010961572400355,61.97090963767335,-0.5948175706427916,0.603800768012189,0.5518951394991458,0.9968347619611583,alerta
0.712436651269394,0.4000123583728634,0.44730790671106063,36.51051903063969,75.42046801002815,0.5847211526760281,0.8765981188350187,0.44999114597824796,0.13322656772463323,0.4167822862971187,36.14448935609493,56.3653021617245,2.858346170501675,0.5297249468086674,0.3883850446467406,0.7790448701974321,atencao
0.34742420079991454,0.10606555288761065,-0.09311281926424905,20.28788988277588,66.87021999820928,0.18653076923984524,0.9124850542303685,0.04334162556546689,0.5903274943349155,0.36633088009961756,28.93442271787822,83.63549867806933,0.7206704839022864,0.9824688457866938,0.8445711476685672,0.6125003778578084,alerta
0.274207680645806,0.26034126193905494,0.1737365941370569,30.51610374727096,89.11631876180286,0.30615437153152064,0.2659740646541121,0.3817863848178859,0.605586499982644,0.012627115199470173,29.279655892803017,63.009627711711666,-3.881535057112922,0.747671770080158,0.004370644786012234,0.07895482693156819,atencao
0.6754303261486008,0.5722001148234531,-0.2668675774380391,10.760458127918154,33.5720317064449,0.25579158263781837,0.4621404732699007,0.42646387774252686,0.4989713263555566,0.07456479590191661,32.93207884840553,47.69831991561111,2.6261383704360615,0.5757618837162312,0.5201794018985207,0.7267391317296276,atencao
0.7147843174870848,0.7446764683770862,0.26682028260980944,30.701406652283488,67.79431291829678,0.31010092736250927,0.5491440152414512,0.09758744253774491,0.31856868928745136,0.5838438681748037,40.26312835322413,46.50453960200198,2.589958040475752,0.8508126664701222,0.21715354983518742,0.7085615685819504,atencao
0.8433535994004713,0.16446576473169033,-0.025426756109020177,19.483039346409115,10.577069206895056,0.1478220737471806,0.9491124568882471,0.41261860015548757,0.32930149913660944,0.2580799007079029,27.54316015450849,65.56765153875709,-2.5136615910102305,0.15509427086070948,0.7434986191164329,0.7755681478094317,alerta
0.43883237383799856,0.36097130530983734,0.46323130891401604,11.672225607623252,49.639862829984835,0.37732054836231066,0.9986173191643847,0.056707959693294,0.5805050577146114,0.36278698259209474,39.04155238291928,61.141376365546435,4.60994079581792,0.015216529690977199,0.04306742630609717,0.12455538839948932,atencao
0.41041266005494825,0.6200461296544537,0.4549004605939306,28.29438284644351,90.01929995455212,0.5710676833903887,0.23540724884152664,0.4901529735689941,0.38971109985662084,0.12013592657438493,29.952147747987556,35.38489014773564,-1.9848268161299711,0.6902333334145232,0.8315546881815776,0.6537325001261435,alerta
0.6934890725193977,0.23262316250878426,-0.023502974392514364,17.224114482195198,83.20810241148529,0.33699710674628297,0.7269798713458154,0.19152350439076923,0.46251276384909684,0.34596373176013395,38.745964880294665,76.50326860978896,0.11974430643979339,0.09831146023723747,0.8380922267069515,0.29572390495167467,alerta
0.3885624781771125,0.460805217046486,0.4658167613368978,21.6042172615564,118.87712846066148,0.36889882433382937,0.37803106223319516,0.33513513541453405,0.45297915392768273,0.21188571065778336,40.64461035922616,70.20611771162173,-2.9673763486517677,0.1154336399835092,0.8328660124035029,0.7602712434028337,alerta
0.8015301279224953,0.5764963424192886,0.5467340224739621,12.417424368595409,33.34693511853072,0.6016989304328543,0.008108196886213226,0.15279816468407856,0.35990819608129243,0.4872936392346291,32.26739582390344,68.09146448390518,1.429540875055296,0.7446807264245305,0.15256852673266985,0.24037395403146622,normal
0.7508889262901083,0.5003905426691164,0.40160331450535597,14.41489753284836,59.7827159008775,0.50893777451472,0.009252522435902355,0.06104070066549496,0.5536148322796418,0.3853444670548632,31.205861119794022,38.43903288488295,-0.6209399194850875,0.2705348441339891,0.6304065185610449,0.6839786768204107,alerta
0.4502958191625128,0.22221607750002048,0.4181406455919447,18.93931706487531,39.54364965287961,0.36879536553786,0.46056600756225574,0.47135978284990443,0.3410943956653809,0.18754582148471466,38.63776242251213,53.102792508624574,-0.8214388401126507,0.6286312155688929,0.014367359183389605,0.2949929469839797,normal
0.6756097474540481,0.33099996964573064,-0.08834257430727355,12.692785016804713,52.87237368710097,0.2175021713229668,0.4883349130043346,0.09558735423039748,0.40037523388880414,0.5040374118807984,34.0012090004497,81.76911303663931,3.4427918949885257,0.9174069260927484,0.8479625912891998,0.008994292817431138,atencao
0.6781800118592777,0.6094646599155081,0.1901970390290929,37.32478794058946,102.83401558432658,0.6252023854492282,0.022569696573442655,0.4967965022163821,0.3664233949531738,0.13678010283044414,36.63563382387435,78.12946206706819,-3.9139445843456957,0.3164745316378583,0.7229751935086205,0.6333579119730954,alerta
0.22218670818515282,0.4602472341858108,-0.2428324731277373,10.181411295519352,82.10508902261839,0.4250632610988629,0.6869274167743025,0.3580715931435136,0.5177288102127162,0.12419959664377012,35.58809702834005,49.27714689347667,3.1815209380318024,0.2171441578399188,0.5311537308992527,0.11326908315892237,atencao
0.7817870346756967,0.10339924880289328,-0.21931975370158074,24.515806565929342,105.8929429617098,0.1937459465719507,0.2940033885949531,0.34913089182742907,0.3131355318789291,0.33773357629364187,27.599110375961537,42.852944204956934,1.1430370917327082,0.10656288374105172,0.7305914330966171,0.6592914727882141,alerta
0.5036766607134999,0.5946439940182611,0.549058720228297,13.697423743976543,24.421332999826376,0.22492783921470672,0.5598931015359494,0.4833618859629434,0.25165167665852306,0.26498643737853356,39.36143612492255,57.454397858428855,4.874886621321792,0.13046236141972611,0.09432409665177222,0.9256094483569375,alerta
0.7285202262754191,0.1229523807111554,-0.02235663798797566,19.230372684338455,104.80333414097257,0.5720365078085599,0.30091907316541877,0.4340953360146595,0.17780626716061154,0.38809839682472896,28.328176894023315,52.791518933383045,1.304988985438241,0.06222269537884273,0.5286558321768563,0.9692459342110903,alerta
0.3740347207214282,0.5847269587753009,0.33595632524151947,37.78178679454797,7.171472901406131,0.07869461535684605,0.1671343148693072,0.30925422469558256,0.5073470241918321,0.18339875111258522,40.84879644920328,69.11131883529956,-3.5015877926683787,0.08764237882974013,0.29127649181644544,0.23592308732761258,alerta
0.7768662599473403,0.23161236410740432,0.38566529507279407,14.850836598219605,106.6319136524583,0.694859921568733,0.4071737385988753,0.5509616563892362,0.0959482073769291,0.3530901362338347,29.259711954176513,83.32174050421598,-3.544192062006463,0.43200458880915393,0.972619463222973,0.8092532276506549,alerta
0.4224411751139141,0.7227477620775972,0.4293197803561449,38.97496959154998,39.48885353528735,0.13472859181461466,0.23227336479050076,0.4075207211176225,0.037466365411456794,0.5550129134709206,37.47597654565361,53.15007249912807,3.9483768773464876,0.32086504502396973,0.8571179506239017,0.3535532768724403,alerta
0.15758635603620885,0.33916148834635496,0.5479840527918332,16.17383130968265,37.75051600968798,0.5674445415080093,0.5348009769191681,0.6307810526507305,0.3306030531235046,0.03861589422576489,29.839141689391063,38.1112086326121,3.570927309599478,0.706560814322998,0.7332756958339769,0.9004570727479824,alerta
0.7837673834934845,0.31250555061975144,-0.09472798753166231,32.24698325400489,61.45062920383967,0.30660395590159384,0.19882853028647995,0.34908007556598025,0.40251213553832615,0.24840778889569357,30.402351945976687,79.88070041711927,-0.8869893197617911,0.8702416582470018,0.9337476352497319,0.7874895686293738,atencao
0.21390067375029348,0.19677723271608905,-0.26570179716925524,26.40031794691935,112.8828225267878,0.3699405191368534,0.5084059766446271,0.16778421001847907,0.7143494748426055,0.1178663151389154,30.27003149729919,36.89748651199354,1.562292357630235,0.7847732031423843,0.34684330456547374,0.07392171664576364,atencao
0.3735195463132904,0.29864274006863967,0.049512790295398124,36.53436182790277,5.733763761768644,0.6224228753519756,0.15737851486886756,0.00455936822019292,0.5219528810193685,0.4734877507604386,37.71416831844341,82.63829485766665,0.40632221350040254,0.5306372566656522,0.9008798989881812,0.4071369938772773,alerta
0.8150433769355634,0.6698229951883303,-0.18943143064539508,26.619797665093927,42.267717008489434,0.3183922732329886,0.670974709485785,0.39986138788954767,0.5403192424163817,0.05981936969407063,34.465857005479684,68.228971400452,4.704476496224469,0.10244211623265342,0.3252382321067103,0.3373178260096741,normal
0.8154250028562893,0.7476173194577107,-0.28093799421225313,26.03677657468926,102.7886386420003,0.39937093988760236,0.7539376844414241,0.24613153188633322,0.260111432319827,0.4937570357938397,40.010191749407454,82.08446042209746,4.549648107892024,0.7097672839415535,0.732796719691153,0.785181020723277,alerta
0.5514065216863002,0.3394011948294514,0.006362803070263212,15.863740011051997,47.52653729225601,0.08204478056596046,0.11039423424993378,0.3583635523699174,0.39134763999899613,0.25028880763108646,30.225336226468762,44.982984332448915,4.85455107686697,0.36282872472687355,0.7364169117764491,0.4102857106531591,atencao
0.5922860485188595,0.3915969101204527,0.36617751341395105,14.98688086154976,23.89882771164804,0.05152585801384455,0.4678024120373392,0.6442965382245484,0.1070905974154465,0.24861286436000507,36.763872874964655,37.03498976269038,3.798039025708378,0.08565039391541018,0.018349876454093472,0.6845883976530838,atencao
0.46391186538482376,0.5693461098317791,0.18125358754131032,37.49467453346543,50.975301759769415,0.2091199174511218,0.07087170065487358,0.10954023282183406,0.14437190248006518,0.7460878646981007,37.80012619427288,59.41049891382459,4.185964316975912,0.8424664072126257,0.3610596982781952,0.6024352555904404,alerta
0.35524754018864513,0.6760272573022984,-0.034138709171199044,19.83514596550102,46.26630017900032,0.49237901039719867,0.5981824455420024,0.13606916100496003,0.14351686108109699,0.720413977913943,27.57519592150929,57.53117072850626,-2.0444909910957723,0.33821651718250556,0.019432672408497886,0.9756387190976338,alerta
0.38006518175894116,0.48547881722140973,0.25619070466881183,21.162467648886878,109.84994417600441,0.12882218068343887,0.26440429792964537,0.31263883014185373,0.361858487561028,0.3255026822971184,31.810019074436788,51.57461366274414,3.4790611009079706,0.21824883251157134,0.9970920176102486,0.9377849568016149,alerta
0.6207629192539269,0.35449170381558903,-0.10278454673751086,32.79470975285165,91.43212508917165,0.12394527322295712,0.5276244568387078,0.29894220936745125,0.38321984239523216,0.3178379482373166,33.20789740395699,82.88282371943487,2.379714018838472,0.8714520646188432,0.122196761829238,0.4276995147387187,normal
0.676662170606376,0.3682041965516054,-0.28777577083872774,20.16470447268422,60.61386668928076,0.3171243952233371,0.5174610093842912,0.288055333643068,0.384202375329787,0.32774229102714497,31.046685628204365,76.12918660807162,4.665078579452631,0.9021338684470049,0.5428108956481094,0.7235782116411493,atencao
0.704105330608094,0.5521517952229245,0.3497003784709633,38.56187339917008,118.60446800658853,0.4710940750953472,0.9243543461938004,0.39473815444540294,0.5385241170071362,0.06673772854746096,30.47591413147535,68.07910106877966,1.1413564559835745,0.33897083719155985,0.7905562387626373,0.8294600939812218,alerta
0.7027326999561877,0.10209187134278115,0.2301816221344078,32.13783306996401,55.8333037531108,0.5128467949611548,0.5490832225687229,0.5597608541778354,0.408749099090627,0.031490046731537644,36.66913819795991,43.14291458189139,-3.233495499604993,0.35480141928137343,0.20126360226089246,0.8988857538621452,atencao
0.21384427213408325,0.5027330693488965,0.34795723082581603,27.922877277202602,6.988539698433027,0.16599293816394362,0.5829984797183156,0.5014307392474588,0.23224731714440836,0.2663219436081329,28.669728760211306,71.71617041092624,1.3765900206843762,0.5796285275831441,0.48505266809547265,0.06813426377648368,atencao
0.49609421329180703,0.3310704567868823,-0.2669026858154842,36.42685481634257,31.472918617798186,0.10173229579182759,0.4016531257643803,0.04288792492003625,0.7876694846636416,0.16944259041632215,37.05964266926919,71.35062273498619,2.17922835219159,0.7334414938106582,0.6074287609211508,0.3020787992734968,atencao
0.190291132011651,0.6162282653301048,0.4115516836560545,11.488177250484483,52.328457626317515,0.6612580720646036,0.9490796031828168,0.4122267541501549,0.37314827925529076,0.21462496659455438,40.89575133864242,56.253408680800376,-2.0171107415881453,0.06314920190686346,0.16020475439554538,0.3202300409685218,alerta
0.5346702176266148,0.16044391588503593,0.2265972700308579,17.711880765676263,18.828314897534412,0.21943314866536612,0.7771859094396096,0.18254517866422343,0.7074095951166802,0.11004522621909645,34.60835786002177,81.23929548570068,-0.45297954838544463,0.5933436571884717,0.7785554599115385,0.4344459512198786,atencao
0.45907135096136387,0.4823314735164539,0.17888604810574416,23.9510900266273,113.70781515888515,0.6046752234456705,0.28540529030284156,0.6319398000558121,0.3474212864075571,0.020638913536630676,35.39438202457106,43.34889411145052,1.3865307264651197,0.9528200617835816,0.2993364571893653,0.16926475071541902,normal
0.7713929279308098,0.41263237842598044,0.2309219408973519,16.80935618414563,92.02186773813277,0.6112694428008318,0.8442095857762321,0.40447918243901504,0.5712756790023904,0.02424513855859463,26.171855936109516,48.366878120583216,-0.6330483641514499,0.2620938971799537,0.21102307633884032,0.4962058799500081,normal
0.39564050878645507,0.5175115918383978,0.43476825983810957,32.31715561906456,32.194464051332716,0.5521396846456539,0.43239636018509,0.40453489437856244,0.1874103142944367,0.40805479132700095,39.69610736150308,38.16121696253168,-0.6254705448520248,0.9088272140969338,0.5582887464374169,0.6632143272984561,atencao
0.2319469114993241,0.14215483641392943,0.19889603057507105,37.57624093161176,70.8965440221499,0.15974184432417055,0.8286671435335939,0.4516310562980176,0.3341730767672819,0.21419586693470055,29.852612382397716,74.77254790887937,-2.8022202474448235,0.9501683407630936,0.4103136276429379,0.4973639202167177,alerta
0.2500941774369851,0.4769894618282854,0.19380782290495246,22.713103597927702,86.57389885314865,0.5841709485152302,0.822888068293502,0.4111991840476593,0.4694535212869394,0.11934729466540127,35.4558698139856,66.08796930476987,4.466720507698994,0.26915364097108974,0.9202859446364178,0.6657930951976158,alerta
0.6830574422022305,0.4649649821736904,0.5420772835059011,20.263978003356847,112.95347146881576,0.5500128635070314,0.1888701867628544,0.35500041961656237,0.046872466520617224,0.5981271138628204,41.64490688566164,50.74701528406248,2.754449460455869,0.7542018658853505,0.880062698198154,0.0664416318179003,atencao
0.5827526443213827,0.4644290613705111,0.3432206420082829,38.84652196412699,105.79624190104927,0.4378699435690411,0.7011411313835769,0.1825062952584719,0.7745621427764481,0.042931561965080196,35.12354420973773,43.19068317971577,-3.9888090502050817,0.23877500831956,0.4833506633888832,0.8759873317074103,alerta
0.22078587328595317,0.4922669832876957,0.07594973463346505,23.345572984826227,61.82306713658564,0.26918132285981927,0.2906429693065311,0.38304278582154255,0.2778550552818413,0.33910215889661616,37.320061286894415,37.00738850143702,2.8905195561994868,0.7376111617321327,0.35926377472559756,0.9390691921010684,alerta
0.2088747642804982,0.5397041591971354,0.3012874500279887,24.671452013478497,92.9583143751621,0.22063059277325364,0.2974926699926682,0.38786203844879524,0.22577688653225098,0.3863610750189539,32.570433509803784,43.33727843129683,2.658154933920729,0.7974199712888259,0.3255179816312652,0.6179074241186486,atencao
0.640678392021384,0.6232428497925003,0.030845900938020254,20.54949617025716,67.4573704593102,0.12922798785223333,0.29634807688058074,0.15057904691905957,0.7487236503917748,0.10069730268916571,26.026219339755976,57.66423231688291,-3.912421358600293,0.24720570371064943,0.2675636230815074,0.881390998636897,alerta
0.20093410445493545,0.27538346808333936,-0.10545585688902581,37.286454190364154,66.32446680546481,0.38134209348556636,0.7255682475599482,0.4854338162491927,0.2594316113845374,0.2551345723662699,38.559188941326404,47.35884845053031,-0.6735613214761189,0.715869543583235,0.5445478537124773,0.13144601664821243,alerta
0.7253020415032493,0.6362821166170404,0.20732409535459556,27.068664498455522,13.769035000583028,0.43041956908140017,0.22982604179253607,0.18615992619984914,0.3116916984482515,0.5021483753518993,25.594980301487755,47.949108871598334,1.4607292129297758,0.8121045388640898,0.8049786047345435,0.7974489200763102,alerta
0.6443695590095473,0.4238661934712449,0.4889547833968589,32.86523761544934,15.136518961938247,0.28357034383526164,0.0009058352460902253,0.05081704291396401,0.35738802088932525,0.5917949361967108,36.91118309109352,78.77881833338571,0.07475586672232293,0.35857887210691175,0.31075660820355777,0.11914819347259398,normal
0.20694414644932982,0.15008788143731527,0.48976859201314343,34.35420155052659,63.54403380269489,0.3589833939925645,0.7152368534826331,0.02336738997116886,0.2816675303376538,0.6949650796911774,25.389666743543827,60.75688367305503,3.0018750684845656,0.16770277598972694,0.1900940896880815,0.4080102314975367,alerta
0.20938639985963434,0.13805810400858648,-0.009380513610333208,20.255471257517748,32.26338539748079,0.2862843972900233,0.17118474383512527,0.3987470330485796,0.53364597364929,0.06760699330213037,39.6591890218034,71.46259865642074,-0.1708750062900939,0.09196456731751357,0.4754838061832868,0.32381853455827503,alerta
0.8406477049508227,0.31725490715243954,0.1485258462884408,23.0108299396114,2.524428295256236,0.4666539372584558,0.10448239530783465,0.4497301248220951,0.4176048132787557,0.13266506189914912,27.67981260916067,36.785547451407155,-2.6152332749154668,0.5753817036099419,0.06903441679766653,0.5855918252204543,atencao
0.4119895570292842,0.6101830351224539,-0.12010948621561796,35.454153232187934,86.74070446802547,0.6358184850677662,0.23751612059406013,0.24116770805570084,0.7080894599119952,0.05074283203230397,33.74261542252337,53.258167783901435,4.787740618464458,0.9780981193157132,0.7012790061297068,0.30151453523953353,atencao
0.4094495029468236,0.5599926075815953,0.546286443074051,20.89766055027431,3.898391602819795,0.15654817033051416,0.379900522322704,0.4574239077872323,0.33157585031384584,0.21100024189892191,35.1515619762135,58.958467369772094,-1.8216400650155808,0.8229503200222161,0.5183582663019336,0.6373136296671327,atencao
0.7189596970802518,0.6125997270370642,0.5339502216877454,33.81805400355554,71.43322093248655,0.2979157264370302,0.4759063274732007,0.5408170229326195,0.192974895764181,0.2662080813031994,32.77827192534801,44.32084276050924,2.459230794871991,0.4358396389345528,0.49637480797285416,0.36738728915195784,normal
0.8130740041687011,0.43622488668704607,0.25208259025133034,38.22976967723311,64.70325529527773,0.14156459256805984,0.04457004071263082,0.5119404024503043,0.004581950888396389,0.4834776466612994,30.79297931893108,41.00957707227693,-2.7115931950233527,0.5366209028549586,0.3004453795500225,0.8607903810304645,alerta
0.8402007446760096,0.38612934867106885,0.3837519507258525,28.69631119204021,116.25776286933653,0.45621345076509073,0.9705733326273605,0.09366256866858771,0.8182446410629671,0.0880927902684451,32.95284303507652,78.51518892499212,-1.0388864759446061,0.27952788541181894,0.9046734375317367,0.6338838402196115,alerta
0.6773647296812592,0.1958441423590846,0.30783513709114513,32.248818623556666,58.105576721717,0.5237658311675872,0.7160630534195581,0.41727771769325134,0.44835206727391047,0.1343702150328383,30.294067815979698,81.97158135498984,-0.021751524126186084,0.16306586736006357,0.0904862918495527,0.21529829732144612,atencao
0.413381709871641,0.3133252898460525,0.20418448618354806,34.15291936123405,7.632172365335683,0.6557432761883463,0.32319406532433614,0.17247482005239195,0.5386637031352999,0.2888614768123082,32.44807990037467,38.94033490227037,-2.269911959256425,0.48208115823227327,0.8698240088870314,0.33612942202808704,alerta
0.20845050168906812,0.38211258801301895,-0.25465420255943694,35.35118946689927,66.2025561367754,0.23126675206962716,0.31869725728539733,0.5160528047362578,0.1591999198483732,0.32474727541536896,31.101520846966523,52.450935627122156,0.049636187317485536,0.4635015661671852,0.37670520241592265,0.8474208876266558,alerta
0.6940028411492057,0.1575902792917512,0.08654969116976197,21.85160013570388,100.93154047393217,0.6676372838125296,0.4485425493684594,0.09819428334898747,0.5019889686754415,0.39981674797557104,34.62548199962147,82.91428140722368,-2.58553459307425,0.5219299528037602,0.8806235159750223,0.3864797499874585,atencao
0.5408829748150635,0.24339776926228732,0.273568356842299,11.537903775279945,119.62191411377279,0.09112073668343862,0.626244822763033,0.3708216258436292,0.3757123357698953,0.25346603838647563,29.04471075816472,39.15808665662325,1.031058850873011,0.9528045855639408,0.7287614583323836,0.5357990655656452,atencao
0.44695540647288334,0.4888464411414303,0.27590187180113207,22.056288137102186,51.6411808426887,0.4419590111869823,0.14637306658896776,0.24326771410892692,0.016785146130582927,0.7399471397604902,41.80716143353821,67.1820686439363,1.9734192726817454,0.6038953001447722,0.1041707266620383,0.6489419359523327,atencao
0.7844480695663152,0.5781810242554735,0.01715422565902608,30.212686893522694,38.4358490996091,0.08713626757316448,0.18892981376495233,0.05580729289736811,0.5638661167450346,0.38032659035759714,33.51478920749682,83.61106854835027,-3.4380914437479033,0.6057718366223738,0.8315362865093536,0.34780964958591676,atencao
0.22783823761430594,0.7489258824054172,0.5004381886593261,23.510511573423784,108.79839563423987,0.6309532220452642,0.8594345828335509,0.4730131433789139,0.16247307326687416,0.3645137833542119,28.300755316046665,83.91118342906873,3.8401890897395123,0.12802476286107678,0.6821768336995051,0.2939786307580683,alerta
0.4948375730036014,0.7065236653733125,-0.15774652259873612,32.46889452581196,22.949055489134565,0.3943758870955351,0.25625492388907256,0.5711627073096227,0.09954908400894398,0.32928820868143327,33.11013474264363,58.56116654518716,-2.33373203462168,0.9964888661768204,0.03230191291534845,0.4752549026080286,atencao
0.15794755133719335,0.5176673796978745,0.12530552928322658,20.709472884059917,73.85146980395119,0.4850764279958174,0.38019499797517753,0.5885218366853328,0.33005553428261264,0.08142262903205459,39.72905720192201,43.137455389119026,-1.9717381721170857,0.7728449442346685,0.13370268210966996,0.2148809720927891,atencao
0.4780624493958884,0.37381123464114685,0.28725138006819945,29.042324233120887,48.685730901713725,0.5905230518417941,0.871271850950117,0.48363728717389903,0.32264224087680715,0.1937204719492939,25.370715483114726,45.104215748871944,1.9521485607475668,0.8772033440940048,0.6356280558356951,0.2842105869190634,normal
0.18941229297728612,0.5135152870603513,0.29256543500803794,15.592594145619238,4.929883794666634,0.1477019046145797,0.6631478293998225,0.3883204992448837,0.296167681188651,0.31551181956646523,36.55242002482391,79.48006975621973,0.21875954390972652,0.4143004118309941,0.6626005028802849,0.062078484032036085,atencao
0.23317254138765034,0.6106735517521508,0.2513431132534933,32.48108309934871,41.67461691668373,0.075084515259787,0.34171187934168834,0.6148112196949964,0.20823011880139622,0.17695866150360742,34.315452545496775,80.58415021648679,0.49456039253959094,0.5021280957856249,0.746651432837595,0.30397027597100545,atencao
0.2322683727439734,0.17691852410020176,-0.06600501856591884,26.370879064390774,31.82742270032095,0.6212727448433538,0.6836995457246208,0.46424401848841523,0.2537686434941375,0.28198733801744724,27.882485904292302,65.39398219367774,-2.846605138931806,0.5220838091622765,0.7202454007749819,0.3207040933635693,alerta
0.6044472114812445,0.3664381783025874,-0.1672244166163713,16.12193165639802,82.33093847321842,0.25470659784830607,0.01968321538141371,0.30985016723669534,0.45100207237204437,0.2391477603912602,38.897099468183654,73.30881997349556,3.251622396887674,0.19409453928960518,0.6595199546699549,0.9618331662913197,alerta
0.6722314154857963,0.6458714856631512,0.24054927780270435,18.75733520493422,113.85485972303017,0.1338362901526574,0.7356426600113652,0.22798851084652613,0.4650731449919486,0.30693834416152527,31.271038580358095,71.99656257352041,1.5534882149378904,0.6894891563269572,0.7662389017464225,0.5897288254658801,alerta
0.5583581355680117,0.3494914187564786,0.20940679871852214,32.45826125745497,32.16566248543653,0.3544998041066062,0.4870160405162395,0.30609799689002726,0.6727225920027694,0.02117941110720317,29.99463448986363,68.09107989945535,-2.781561610214896,0.9029767236174566,0.5750857058923728,0.7873824254158056,atencao
0.8235207839321793,0.4717169762976713,-0.14754739125414515,24.47803706984562,97.37591269820182,0.4388989492024121,0.8131821472844613,0.5165298624761943,0.17147278341962555,0.3119973541041802,39.078128261567315,76.36384774359695,-0.6340056967696359,0.163705818138419,0.2607913855244549,0.04537725278032245,atencao
0.4124094056665928,0.48205008456042886,0.29936827373497893,16.480943211792166,6.643178032609143,0.07013089222463158,0.9546376520064683,0.18097169107678845,0.2670849169811939,0.5519433919420177,35.8549257852583,69.27033115201606,3.2936893946152717,0.0863182734861645,0.9123766137307182,0.10653669360837192,alerta
0.34999846039730254,0.2199095645368656,0.08689619297360801,39.018135711108926,64.57452120477758,0.22868217786710698,0.9257885494945683,0.1434903784979654,0.20890404088299655,0.6476055806190381,40.27040442247201,61.70011528737496,1.1151954138795865,0.7382189055403422,0.01821403093197793,0.8145369608625923,alerta
0.7580193897326222,0.33545303707398744,0.26759650286268005,31.453750594506637,8.46600764518735,0.07131991827998241,0.9092650434553408,0.4226126242727657,0.10013539492401348,0.47725198080322084,35.70802296241039,46.84781812940784,-3.022160987803626,0.27320183167298207,0.3665617198714902,0.6235495494176357,alerta
0.3065170869636168,0.31743233768225587,0.4117620178046281,38.71404497619388,112.08395893567672,0.32321800297707426,0.5121699559338871,0.3773524559820312,0.31642245284658677,0.306225091171382,37.593900184845964,72.19440720593096,-0.6450065878964195,0.6238625416173293,0.7288702930971633,0.1909820305402029,alerta
0.8242557776084279,0.11702786054584212,-0.1557308357096153,22.813151360810295,91.96215366688682,0.6318150188930588,0.36014211413893804,0.16715476359450265,0.5199668265356834,0.31287840986981397,39.21958023641342,58.67189339191373,-1.8157504138983889,0.6957583379921807,0.4271560411496743,0.40479540586173823,alerta
0.15850813228287144,0.11572464652938091,-0.28372686220268883,24.253010220751612,78.95398934455108,0.6887240674708199,0.46503532473067277,0.3152962493206924,0.5693176672872832,0.11538608339202448,25.93057381046893,49.73958420037547,0.657189982883537,0.3219107635818218,0.02483440748001431,0.5386724999816228,atencao
0.8289151786953473,0.6406030783892528,0.36223719843641883,36.938656485550574,98.86756579495972,0.46408090977735783,0.6898960033133608,0.47129254458463316,0.338677092755822,0.19003036265954487,38.192832300779465,75.09731378708877,3.5902501598479057,0.8151445974257844,0.06598090311621319,0.8436098291374418,atencao
0.18021193836540328,0.2774960264823281,0.21824281137972362,25.75148020736154,77.70237546841958,0.15506450095998467,0.8839977768711867,0.22947620857183174,0.27201460132320365,0.49850919010496464,35.433010191442804,69.83568001765141,-0.0735957867602215,0.5499889821142169,0.6486373691382886,0.06041199169449418,atencao
0.7738001795886498,0.4367511980552301,0.2946936341788035,31.218367357170013,116.27332766091494,0.6388021034995487,0.20698630300011955,0.411136929351953,0.20318826654497527,0.38567480410307164,26.181632540758287,81.866978156235,-0.09992172668509225,0.8689994079518027,0.9648645994052997,0.5967222893673624,atencao
0.5193907763604099,0.2941716228327025,0.4124317287403462,17.5651863248659,85.67495374377258,0.3855610850800392,0.918193158461703,0.37486123708580643,0.3451646167966117,0.27997414611758187,33.64582467176815,43.27208200094388,4.148158120943332,0.7632935525589475,0.5518636358344989,0.7170359215866839,atencao
0.8450753572835102,0.7114415093249713,0.38238929460082555,23.401794061079215,110.95903314986961,0.14993705286689674,0.8151802319698891,0.47966001649193435,0.3740355423372617,0.1463044411708039,26.401787325727216,67.45946423182465,1.1856687125654517,0.8685756320374538,0.5067578180237691,0.9778918579104594,atencao
0.2016575953147792,0.26854289326275294,0.516782124889501,13.703495974310654,62.055827041276565,0.6491223351435799,0.9788560151782346,0.5971770893077781,0.13543485651535117,0.26738805417687067,37.51110242929478,47.211973404408795,1.0957197865766615,0.02016138211789409,0.31832521305626726,0.8071600782921844,alerta
0.5376979990809245,0.3792769282803078,0.15554481702430056,16.17940107630885,14.04772955782352,0.5423548829700169,0.8802517732816871,0.5483058344921327,0.2786246121435455,0.1730695533643218,34.29052913626401,80.17914926508209,-1.6428109731214957,0.24350626073859472,0.25669067386606315,0.2762273135652734,atencao
0.8285117749333692,0.6672746628149911,0.11522128776091961,10.028302458028932,63.381326570762056,0.5256084272700484,0.27993732969190666,0.6217976755234443,0.3694523163184048,0.008750008158150831,41.210750136009054,39.97497071283078,1.4695047305341369,0.09000794044593863,0.020984981756284715,0.7095791938782651,alerta
0.5161684909191041,0.6472568184146756,0.041604119907120596,11.177951549459808,15.224739367571196,0.510967457466363,0.10595591134404769,0.7136291827609766,0.11069495593107014,0.17567586130795315,28.113301316720086,67.80809032224386,1.1831942067565677,0.44208301718934917,0.27295486764047117,0.7632778849269771,normal
0.5905790466946838,0.22096592160008027,-0.16936261358242613,39.31851469530788,71.09921750116861,0.18022088371268752,0.11224107199158861,0.4323411380912018,0.5181868778192164,0.04947198408958189,35.302568692846435,74.5542860764015,-0.4283367669232243,0.8899601216153182,0.4491104408652524,0.7297354999183951,atencao
0.637024082289232,0.6217181513672118,0.18671614794971914,17.27061085410287,57.899167263319555,0.1871543496098919,0.2912233185782761,0.2909732401470381,0.4191771382116555,0.2898496216413064,28.596896287698353,52.74589201823536,4.916260093092625,0.4675402622668692,0.19794978304895017,0.82014406795187,atencao
0.4681787453374412,0.3978214763796303,-0.06453935432291799,29.89932128512006,74.70904773993381,0.49739044897771567,0.6141837239845392,0.686803213467147,0.17176013123629594,0.14143665529655688,35.43910474036577,82.70690396919046,3.937018684532781,0.8497130445803941,0.08734798848142922,0.9037299762136376,atencao
0.5892906560588443,0.4139297668554809,0.4831113853810292,35.17299096398835,1.2056377265797913,0.19281978757175794,0.8043203260971725,0.5747467334296094,0.10431155155304854,0.3209417150173421,37.28504494013456,77.53653422930186,2.74627661069134,0.3271782380193179,0.7177278672546026,0.09842986898934025,alerta
0.5590200183461701,0.18676198207036349,0.195712183635533,26.519813777096928,23.380858998643692,0.3351366029219817,0.8992503069815647,0.17530321706398766,0.43189391599180993,0.3928028669442023,37.279173598602156,49.73091498424517,0.8361102957170043,0.3395700728052524,0.8946202690680671,0.10476385768111884,alerta
0.7808106073436922,0.15239098394213102,0.20391415343189373,14.594335002518687,58.95965182945571,0.5583011866360619,0.6237533843692328,0.30958470038055375,0.3062400221699872,0.38417527744945906,38.85625784160437,35.37705463579994,0.1585382170516727,0.8955617303268776,0.9367720696870856,0.796399988770646,alerta
0.1818124662390205,0.5731605495329474,0.0016859617454585418,31.843493120084993,114.06042739069618,0.5595691367635965,0.0056313127480537295,0.08627658672337267,0.8984013925644879,0.015322020712139442,39.510353875291386,49.832858805903044,-2.3359234429912057,0.42581714651170155,0.6179987284969893,0.2523724765214709,alerta
0.3466742327145612,0.42269974903094487,-0.2558090508189486,28.007542302987492,46.03308484261901,0.3446201521418087,0.1863167765185335,0.14064135018488566,0.20970093315314606,0.6496577166619684,26.31361934654201,49.065523523537124,-1.2483627338683867,0.7897654877946664,0.052774582599281805,0.05854142195007794,atencao
0.8152880388535911,0.38395295669986673,-0.2730177994329597,31.93751768042125,50.92464312643616,0.5649234598789092,0.09972620385336795,0.7374383480862668,0.1917807860098223,0.07078086590391097,30.835541670230867,79.49823037504545,2.9656471984088917,0.23664354788190134,0.7408626299617734,0.4012291809806058,atencao
0.7731846487236415,0.5741803486240579,0.05983487253021791,33.09239868571262,85.76353068079466,0.5951041675287368,0.36332447556901004,0.43958407727627435,0.5137835165882412,0.04663240613548436,36.681082846116695,83.35605891273738,0.0837405854379627,0.9488008296776355,0.11009530526188638,0.8198769118260781,atencao
0.468959726949999,0.5975833843442213,-0.2281194286173478,39.26231103054235,72.45513087433416,0.4756042383347691,0.5013509936337459,0.43479823223220204,0.5294973342095193,0.035704433558278674,33.47596688565061,38.521999298513016,3.940425649125512,0.5745782465305711,0.6697481176878239,0.12656502381398038,atencao
0.5840928184610756,0.20329030898507983,0.21581991220911828,27.2068984008013,35.871138011799985,0.19847680400047307,0.04339717857856085,0.49687810138350935,0.1674076576601843,0.3357142409563063,28.241491094831456,58.56474142666583,-2.668799772890241,0.7593235685784019,0.7793658357478758,0.6718419718044675,alerta
0.3441668280867929,0.49664634716046685,0.44882705479370893,20.249233380718053,49.29796746809133,0.2281076572506059,0.3484779757956553,0.6444823228615292,0.2549289385764951,0.10058873856197566,34.396062692833866,62.41659992648979,0.5751238641227285,0.0895156997948855,0.7258647108264727,0.0036158617715676966,atencao
0.2816848118066329,0.1879801534804956,0.450477594040914,29.453936707007113,26.123975862867894,0.25464675101567796,0.17917967462532258,0.5537014085367749,0.15476394013379244,0.29153465132943274,31.926406097024444,39.645583066485166,1.8226911561917785,0.4926642258305287,0.9518838057611306,0.10973744721244993,atencao
0.47458888345798744,0.5883938059188797,0.26018859861239757,12.053221277278784,115.92257509562502,0.1259226700270688,0.6470701662588739,0.5622824007312415,0.047915263984291606,0.389802335284467,31.630650720123185,53.87488545687613,0.6516361067713339,0.9010384977340232,0.7381462844673897,0.35085034576848684,atencao
0.39734655961823695,0.5270208515736408,-0.12045294324800862,36.92191954964759,15.67612578688317,0.22755375324046428,0.46427236932434,0.21802339884838468,0.6018073242599227,0.18016927689169251,38.765813196406285,50.85412086964753,4.003042024264884,0.8770386290433045,0.6932097779818085,0.08360228102441403,atencao
0.5585592782956105,0.7217995037042477,0.4335473066550413,13.581430340145904,44.62041414797034,0.18618749580314586,0.4953176469339088,0.41681895814214,0.29487620035736006,0.2883048415004998,31.92917167514708,61.80281771635437,4.906069536462258,0.04681395723422754,0.2617431721831024,0.8459016674371129,atencao
0.20441424587548937,0.1448227106316738,0.4531794200162271,19.835285136574548,3.100676666401343,0.34596368737559136,0.4276917880334611,0.4395976394808747,0.34108919342177485,0.21931316709735035,25.44972659316721,68.0595449865969,-2.957488074927672,0.3036984691289467,0.9247686864359017,0.8640705031454688,alerta
0.8320763653663166,0.13708556874831532,-0.13284445278998508,34.47236141878363,26.613539032025567,0.6404844061169722,0.956019710486567,0.19754573131521574,0.5880031305306338,0.21445113815415048,25.98707676114855,70.17425552482834,-2.830405863307711,0.4433200064790801,0.1795438707941669,0.7555707030995242,alerta
0.840347521135722,0.28342159855058013,0.32681217290507575,27.919371349921356,93.65653660561858,0.11791220589007274,0.21473512512156323,0.292357668161357,0.4354007526857664,0.2722415791528766,39.55614870875755,41.83775118066938,-2.82708297795891,0.17226481435578822,0.9048966114731264,0.24247963139561746,alerta
0.6387131998138216,0.2701086944283389,-0.05645838341194545,21.809065608323262,24.141027874665536,0.5181741505658071,0.5166642598438743,0.3832083846059271,0.5799664886700433,0.03682512672402962,41.330213770212865,75.64738509723108,2.130593864634748,0.7299983109899704,0.31266254334591037,0.5232470752399798,normal
0.5252674564408842,0.2605362193967999,0.3822442654999903,24.20306978125064,9.607608303475871,0.49673395286853295,0.7360173683653359,0.635264327484513,0.07619297973875605,0.288542692776731,36.70295871974703,68.92710148953795,-0.6459151405374586,0.18451199559871156,0.13016359387766874,0.1841885255233714,atencao
0.3666693314004294,0.6890654773386738,0.5476522149180623,35.636421796065406,56.93438158134279,0.11224022913118248,0.5568444131345626,0.47895932088675125,0.1513310065682925,0.3697096725449563,31.194260999701363,79.45374583733599,2.5998319513931545,0.3466396943698862,0.8266830272711707,0.2812784500731108,atencao
0.7196565137948641,0.262205029902179,-0.2744778954700161,20.200131581796764,1.1963081681422194,0.64967206318877,0.9290208857168011,0.24019363000551858,0.4997181255233686,0.2600882444711129,40.95620536851037,57.466802971771706,-0.3507567440171915,0.6632806368578182,0.002495453600829145,0.5160052921737911,atencao
0.6293118207877154,0.27676732198361015,0.46276098592229226,36.08949054436514,10.17193853115998,0.4195069314019327,0.37796835564128417,0.05334097346736727,0.38288140529128617,0.5637776212413466,36.26765246838751,79.69448813610958,1.6484604919885726,0.48208934452447993,0.8320883176808307,0.7350138084607978,alerta
0.2638318575414239,0.5936088705716764,0.22923595355885945,12.644032929300746,96.91510434755702,0.28642158873819473,0.463675805773178,0.36876411532881764,0.3819132387443242,0.24932264592685818,39.35367033638874,78.28870611780377,2.928722051110041,0.7385710386348938,0.2623118420459759,0.09465438039363916,atencao
0.7876490291456897,0.392330897592851,0.5273752262900981,33.303953116258924,92.57680138315277,0.5417500792719493,0.08852231521472842,0.4063275161562035,0.4214751922550527,0.17219729158874375,38.01948916862916,56.920466617963484,0.933943195894285,0.9612079012228597,0.8847212727556213,0.29669669762808615,atencao
0.7257760700462182,0.6048618620208678,0.09525808989746354,35.42642899164209,109.81665844858752,0.2172875479610621,0.6089991110519285,0.3895764183289232,0.4249525061845149,0.18547107548656183,31.44536836813407,54.05716576464893,0.8555323140500546,0.1165466877151975,0.6914791822415791,0.9266213485719222,alerta
0.8148599393043469,0.14248800241685042,0.4202797409856677,15.454529585120163,102.54185230928994,0.5007813940801082,0.28821196844810604,0.5505386327100815,0.16404568519047139,0.2854156820994472,33.13793741446335,81.64060074851284,-3.20589107242929,0.7095677163980609,0.6661833328505901,0.42912331778188817,atencao
0.658003655871852,0.4169212758876998,-0.24696504169146433,22.91039597116601,81.98106758877817,0.0758122849219607,0.16030903951556885,0.18709168573257218,0.45279148697666827,0.3601168272907595,28.164246624257693,70.75823672692188,-0.3029643138150866,0.23034415563211452,0.3653195631648434,0.9388696739093144,alerta
0.5793906371550529,0.12184884011913372,-0.015012807433448572,14.964993239909669,6.279942876079541,0.5956152244460268,0.5445312929045081,0.36211913171383503,0.22697586356449487,0.4109050047216701,29.964239707492478,81.41226732190378,0.9119943790244385,0.41447672740756925,0.05940297389077098,0.9914005415521356,atencao
0.4427701254034332,0.14072458224598045,-0.24303594291147151,31.19812386982653,93.9418341583989,0.34131105056385697,0.5323102633799106,0.29335296588392434,0.4295866269218588,0.27706040719421676,38.22813624187087,74.84873894479065,0.15782743099769014,0.032862725795139824,0.8300730982055773,0.5266598261114159,alerta
0.8029099383478092,0.6891843446738671,0.5290416634572102,26.060433041849702,101.46129730086726,0.46385039433266206,0.07587164122404755,0.7409474087138354,0.1216753241723359,0.13737726711382875,40.197632662012836,65.46487196457072,4.1070380016958286,0.13590738229269894,0.17090379517652798,0.28804400978485056,atencao
0.7562447226502859,0.19050949122643684,0.3944278211810613,29.059700401249632,95.88985749263453,0.19380458287434438,0.6982154534944728,0.19352590814379653,0.3939186557872228,0.4125554360689806,37.315827195274,40.792638850188226,4.158775689075405,0.3197772890488997,0.3722586418947522,0.790776808572579,alerta
0.18165306907433257,0.4460734434788911,0.42466530805907504,15.894609008686334,61.01748423696313,0.4900979132279911,0.6237721906508529,0.47202854549771306,0.4277200738284973,0.10025138067378958,32.90795284316285,49.57403362895492,3.3972564252988553,0.34198580528798495,0.6003546855090818,0.15931073552501496,atencao
0.1684568821480764,0.36721214169045924,0.4972704467188102,16.352375861572586,27.9482206379378,0.5519561793306298,0.1890172827464972,0.6148876585881076,0.28788325006859256,0.09722909134329999,26.470657571975707,83.44212035491958,-0.62231732164192,0.8995852164620958,0.4822537385606217,0.2520468596720705,normal
0.41352435681463473,0.32577316206824775,-0.22766203679818242,11.24491976529719,101.4395970826472,0.3575885714748591,0.46943486215404384,0.37255947359699154,0.2601209954864555,0.36731953091655295,25.96811512787362,50.97110493571022,2.455692365187809,0.7418129092665151,0.19866063517131805,0.7848799094992822,atencao
0.717387331547283,0.6848916746967271,0.027757953636333432,19.66202605587189,87.25953716881662,0.45152250064016625,0.72032291647856,0.4822378441885838,0.5107646708600618,0.006997484951354422,31.363534598418514,39.662743489268536,-0.4424038503735117,0.9721829681870411,0.1406163568822839,0.4336459247320299,normal
0.8410932905204611,0.11418520790406818,-0.23962034431259818,26.79233984001025,117.69134092666219,0.346611850484559,0.5294357405412765,0.26543663469819534,0.2837357115430942,0.45082765375871053,32.88496921905028,70.37766779596599,-1.9066576092181684,0.5990715103352405,0.12324627225029061,0.20153793698766675,atencao
0.25529182377246973,0.5314632960141329,-0.12082586368247564,35.738047419919866,18.68311173071195,0.6311593900175996,0.3954890761835702,0.5735631094328066,0.36355466051029856,0.0628822300568948,35.355050577626045,71.70021272718421,-0.9138762080420655,0.24171373209131797,0.8630078814992009,0.6511257449523244,alerta
0.5658915007464945,0.7262063822388077,-0.10503908951797847,30.00782342376042,27.079749966246606,0.3736149673343074,0.32233845808094364,0.5280392674195301,0.04097863423245428,0.43098209834801565,25.110321863578953,49.27288601435754,-3.3613183004301805,0.32765502992164286,0.031559549061333625,0.7327618613816829,alerta
0.416623599641715,0.46410931925019727,0.09874112939044194,23.06188970199254,25.415777985780323,0.5971756608687322,0.6103938666440536,0.03898947768593647,0.7817338700619191,0.17927665225214443,41.82528913792721,49.88359896731519,-1.0140024189581753,0.3198359232919671,0.9770142595998943,0.12507123945056908,alerta
0.8289400784702222,0.7089346003215097,-0.07172215766440376,38.593603431824135,95.1047721145604,0.5708788378756615,0.9391086983102406,0.5036692349526083,0.3599868624307736,0.136343902616618,31.18696101786873,58.44464927543919,0.14667995535054423,0.3264943276632516,0.1985286903854141,0.27698025997493414,atencao
0.7394832461949961,0.13396762153591546,-0.21416860920490305,31.577356017274955,22.428875574014178,0.3168281338764317,0.6717448404774834,0.4657392354689453,0.3883974710508872,0.14586329348016752,39.41760928461906,36.089447488112775,4.59932805302747,0.6729641731118157,0.11032229687907813,0.22127675537223324,atencao
0.7368300932977965,0.37221565739820495,-0.15763257427000843,37.9049560858765,7.999179578796731,0.19955491970735878,0.0747459036363155,0.5193475315620094,0.018242707769838974,0.4624097606681516,34.09443399631188,74.46615051805819,-1.1793047240233756,0.5308079280904162,0.5769716547767951,0.37985462876245213,atencao
0.4780852118564791,0.2691025641253333,-0.17481577098072268,25.82763919816497,119.82729679027544,0.3139533861638511,0.4606849734821338,0.4040987819808034,0.4220772190522548,0.17382399896694176,27.21747072706689,50.85443936370628,4.122081852849686,0.3854241780866443,0.07998595794069663,0.7634448955760644,atencao
0.44037365163636555,0.5750336272374744,0.5271152782254536,17.76712824379419,2.9780653734178975,0.5870412942538931,0.8908241315106276,0.240084128258345,0.020343092929937794,0.7395727788117172,38.55861439308687,77.68815510009888,-1.9402755175885265,0.1490897687287166,0.6024532631635949,0.7137081022743242,alerta
0.34138495035149435,0.7378431088232104,0.3453986308807026,11.58480059094166,100.22928721906388,0.19796114828260503,0.09446242580108688,0.9747430687962169,0.0025006377143110504,0.0227562934894721,37.06706027363789,75.13152108000169,-2.2812799201667553,0.022139162942145907,0.8506266448136132,0.662523910383704,alerta
0.18946284765564897,0.26674454058876107,0.5225972454791277,31.782545544515514,43.844020986078334,0.390883624807537,0.9888757121375433,0.5569481941933994,0.41285494534678796,0.030196860459812635,33.966413443796874,68.07010165593915,0.6709591078894848,0.2188346775876926,0.047898021467424834,0.0062855458685912025,atencao
0.7553056633785372,0.5252134909581484,0.0737794135317223,13.639089940166023,100.99385517093783,0.5739628861744859,0.9490693936454213,0.05645127767450745,0.689183472635109,0.2543652496903836,33.74740255267426,51.24374335496444,2.0526023236766537,0.10747140396868127,0.7998686045285441,0.14214331338038944,alerta
0.7190307063910543,0.2287634612938311,-0.06338679058674185,19.083253848159018,66.5544589453374,0.2797603588334462,0.07827448072987586,0.3600013929699268,0.2531163123271425,0.3868822947029308,26.487153297765776,60.815828083058506,-3.601009742779467,0.7854450308522394,0.3944774409821187,0.22329754910206678,atencao
0.8498023713002913,0.4674646654715464,0.37854921762780874,25.97412723651692,108.19574753836321,0.46743626405175326,0.9334133204495549,0.0020019733546859453,0.5328116560942433,0.4651863705510708,36.14943212575586,57.24146287989795,-2.0104072145750496,0.11249795781388539,0.15949063383120998,0.2719558460388496,atencao
0.8476457859517338,0.4015561163474185,-0.022684169665025178,26.93249763339243,111.1431583697552,0.20966052313172945,0.3631325902594622,0.3809904897581382,0.04921231989934297,0.569797190342519,40.4911676478231,51.94409431243371,0.10115299851184822,0.7242282373068362,0.17609648026745905,0.1464265416489,atencao
0.5388021939218391,0.7318034642604991,-0.04552413235045394,28.01749590961408,1.0917817536931196,0.12103163948930394,0.8447091670758625,0.6003811399192022,0.25835339978899213,0.1412654602918058,26.58516362676309,77.4068144651589,-1.020960976151367,0.38565868977608264,0.9187645436942262,0.41031555147388965,alerta
0.6882911906263574,0.4955427272527033,-0.10236990662334344,14.987659910491018,9.049461119134591,0.5663497463103566,0.4183833377132715,0.5915677925607551,0.11066877582086485,0.2977634316183802,29.479694661031385,59.175353728883266,2.413589714134897,0.07337838974377597,0.11060575194066447,0.07518058501402591,atencao
0.8113360109176996,0.3271791418564322,-0.18977286850939992,21.392122144649463,30.043047548502656,0.11432960521565944,0.44085511270251587,0.4581135391873792,0.28119924807846247,0.2606872127341584,40.33923554851568,76.63615488985732,0.6004453643718515,0.8127300494315858,0.866782787115657,0.7500221903877807,alerta
0.744753173474188,0.1741622601771567,-0.08200639813574889,28.515826813509,80.3178499636202,0.22639790680172994,0.6342430909775426,0.4132598462602385,0.4494312126375876,0.13730894110217393,29.833846466936485,40.260923707091216,-2.556768049564898,0.5796305702366134,0.5442446209836146,0.787720787296105,alerta
0.32314367122023835,0.19831043867770748,0.0020217862028045763,39.09456593901354,106.59266358138072,0.605821124298336,0.7744774192759833,0.2017536608336388,0.5713921721399919,0.22685416702636926,36.11704242705875,42.051239430016786,4.050188413835814,0.23576151286357305,0.03905617881643908,0.5742666896008981,alerta
0.46538089471706545,0.24645600446830282,0.2728950769238709,31.82893413099066,55.193034155275534,0.27520503660113366,0.033789150948248636,0.5977048215698566,0.1650741411154753,0.237221037314668,34.09190880403345,83.86601525564885,-1.363848920649764,0.8946811743326679,0.4644761457173383,0.08970487704196783,normal
0.24041159060604647,0.2631283298711937,-0.24681988411346614,37.67811271281873,72.83677395291186,0.6824794771842047,0.5931559955271343,0.8084813586374013,0.09306757937015836,0.09845106199244026,35.13756928506565,64.38842313030449,2.5801799806798114,0.04525831387055146,0.8174495144763007,0.890083169546758,alerta
0.8178357190811056,0.6529004375967395,-0.12106910128445847,32.86636174942531,22.619982335467338,0.6868273176030087,0.18673299409737099,0.8556959641476832,0.11721091429443312,0.027093121557883692,32.068411326813305,60.48848367495245,3.0192420119486894,0.2018196081977629,0.7262027876391004,0.9656358287081145,alerta
0.574322244115616,0.4647948123836412,0.38767009424792503,27.751509066772012,96.59602006580224,0.2243794132948118,0.34594951786320294,0.5661338065243704,0.3468154842533432,0.08705070922228651,30.09985499941309,61.157803157205585,4.668419302304919,0.752046927805861,0.48878241768471786,0.20236356032178937,normal
0.3100499638524239,0.44020409239333824,-0.17511636495379485,15.760701074090337,116.07937336241636,0.0766358444624288,0.3479686661552165,0.4003174745203134,0.40964118299313335,0.19004134248655313,25.825068662404373,45.76343870164299,0.48656719871691223,0.7093779303098892,0.860049879696217,0.7046398194407197,alerta
0.6201904790840996,0.17459976671499136,-0.00875162545585667,30.000569556775392,32.23187194975169,0.5082911347334964,0.4690603402211536,0.7257065004253671,0.22179772593420755,0.052495773640425424,37.65277596800079,70.93519747509865,1.5425196391798899,0.28927169372447803,0.1203647617802297,0.8419386306424858,alerta
0.5826897683205271,0.6590908006771328,0.4349600835794191,28.701386978797213,59.37911419206556,0.3431412267214234,0.3341364118761734,0.48604403637364674,0.33875233397462085,0.17520362965173236,37.68358885730186,39.23903118648772,-0.9861133586841966,0.062024875352783115,0.9099410533923689,0.5398435225427023,atencao
0.40071390262298834,0.5698292970855144,-0.1683134855280737,28.074075113717992,10.333933260764855,0.11548934857372459,0.10736111845066776,0.6788063664176303,0.09604663735578119,0.22514699622658865,36.402337581338294,63.66618565515116,2.1036136407085984,0.8580780722249438,0.8464412084833488,0.32332309952674887,atencao
0.2294903145397403,0.14398443523500104,-0.22967368972453855,24.693576039647223,67.09639877555621,0.5098898323357278,0.14562873852545144,0.05751086236824796,0.8646588203393303,0.07783031729242178,35.94177439803355,63.53843982929507,0.17045137279687772,0.3136976380699026,0.708276825657236,0.47855871508035264,alerta
0.6201012369149597,0.5600928131993497,0.11185729581800924,25.85969811967827,60.33401302160166,0.0702636909227488,0.03343798556109767,0.32188477071777843,0.5663351732290515,0.11178005605317001,29.143191246847945,80.70942120667556,-0.06112871748019977,0.19571341492826522,0.8178877421287493,0.512268750784452,atencao
0.5142153906326553,0.45329984127271994,-0.042943415413244035,20.03327581354312,17.33237809860931,0.6156278488199574,0.4702490853287543,0.2408349556722613,0.3810768695892095,0.3780881747385292,25.37986387402695,61.30914050524302,3.6992077620449493,0.5160618223609771,0.543815506842666,0.4006370441880279,normal
0.6906228742149475,0.15312147473540588,0.17889710981127604,25.579380779269094,53.047945574169006,0.14012414392364742,0.9544476948529885,0.16019373932247746,0.8268348928283223,0.01297136784920016,38.74816174705248,41.85313479870898,-3.548480408511802,0.9102271992824473,0.6751624290976669,0.9298424936337062,alerta
0.5141144507783953,0.39789541699362674,0.3832341569109539,15.926677170354347,40.09255825038759,0.13275272118537124,0.11567522364811655,0.0238754311238959,0.5030705986390221,0.473053970237082,33.34935510682906,63.63766296240813,3.9376618504868164,0.043546577843375345,0.5605980707077789,0.743883110942502,alerta
0.746527050222978,0.4150525866345306,-0.1834237850701683,34.1552319208113,62.61970503662272,0.16418699367957992,0.946264493003082,0.24841710412238505,0.25042074536268044,0.5011621505149344,30.21624822194451,39.56638221826662,3.6686285404570125,0.7658040880308877,0.3554285305079493,0.24130164225496398,atencao
0.5363347871421399,0.20775345110612925,0.19359422187114228,15.573308640961233,70.2785202514559,0.6741731330198432,0.7333615147320935,0.46266902601148024,0.2045438330476805,0.3327871409408392,26.73284241526969,45.189691764996084,0.557296282056102,0.5724732279387089,0.5688607973611776,0.5855571873198685,atencao
0.5426565800747704,0.7147037955501835,0.12968244633138437,12.548988696683992,1.019469432865141,0.5005600841649999,0.6374988029341632,0.4274763088676293,0.3529565838956869,0.21956710723668385,26.066267045323603,36.55542920937081,0.4118256878506541,0.42544911655181694,0.2574653325319257,0.6886891509311674,atencao
0.7636575218608415,0.6524839914624303,-0.17753303188878033,23.08738079071472,91.32071795394664,0.5708914980513639,0.6452777553235629,0.5621901100457267,0.348805800046341,0.08900408990793218,30.930734270518016,60.66467912297492,-0.7437336876805882,0.74408044410506,0.44027917084078527,0.14015642170213027,normal
0.4324380063486779,0.5348645192639204,0.23039871269963513,29.749223185181854,85.5617150234089,0.30846274072628943,0.8267276483962821,0.23555520695911147,0.36112509256888836,0.4033197004720002,38.68053010103799,39.22663076467862,4.94756412513561,0.9658244244416323,0.2807754072602432,0.3584257423801488,atencao
0.2438106599154485,0.4004921146503947,-0.06740564481834407,23.131504748006243,43.95436634478266,0.2686032728782211,0.10691986437982137,0.36846285052433214,0.4198460793609302,0.2116910701147378,40.61830373867512,58.46971892656645,-2.999476005215429,0.22920621116269102,0.12288778946138901,0.905548281603916,alerta
0.17014787341933726,0.3676476020299305,0.11465917076241067,18.302623958539257,6.352312268258191,0.20241460440906045,0.5047543235655417,0.4358183321175897,0.29641797923832275,0.26776368864408745,40.2447731984221,81.6472517662072,1.311937120657463,0.14364736507211961,0.32186185638990616,0.5671731001852015,alerta
0.6785960789715333,0.5231327536481202,-0.23006852436449737,26.745135516713223,90.59190477420604,0.36242121840306574,0.6970911382607585,0.12535258834511637,0.661369599763555,0.21327781189132855,40.64001419074413,70.9880706509666,2.135134311011753,0.912881745222697,0.8519872181847706,0.21699774606031685,atencao
0.5842166859474253,0.4545307151144886,0.09064644863157967,20.410070062365996,114.62101925737589,0.4086886767972095,0.5868204450735637,0.36009359017694476,0.2940458985389279,0.34586051128412737,40.43133083319883,38.87058371126465,4.408970073952499,0.6689530774573037,0.3810807706423057,0.12278479811915077,atencao
0.6428558376694564,0.14047751882322565,-0.0395060521636027,37.98603070379899,28.818191522641705,0.4606536483742909,0.8327790710232946,0.3642097961403651,0.3756056027486994,0.26018460111093544,33.96282077720673,46.21049061044216,3.021831471710853,0.437986021561966,0.7480036489688691,0.5182268934748777,atencao
0.29907491305623746,0.43312672170071564,0.3990240295075513,37.67935418810716,38.822953648444546,0.21712702759915142,0.07227170901135149,0.08776024642095558,0.24531014150142205,0.6669296120776224,28.730065855467366,68.68312099467171,1.7946248253039219,0.5732595702642831,0.17519785423816125,0.5476857230291441,atencao
0.2454600329107388,0.6241623512013457,-0.25156808205223696,25.071154599162863,22.057546737817795,0.6666251525869439,0.690701039499166,0.45341789571927366,0.35703958192373286,0.18954252235699356,38.566791908225944,79.73509305120919,-2.948689148690896,0.745613905176244,0.4244191591676416,0.33441445135461234,atencao
0.16018126596751733,0.3985059204380228,0.0558161836805805,19.836519820547757,69.23233480138076,0.16034302383463828,0.5340277303847177,0.3972406159787411,0.44076487852605256,0.16199450549520636,28.633120572493844,36.64592933819769,-0.6363983485167934,0.7730318987057172,0.11485606933517656,0.6304160284191185,atencao
0.3954112911646179,0.13377177541027446,0.08966671051172237,32.11397241869918,18.580967357694593,0.677674563598168,0.3791608639799434,0.03523698594974973,0.40691081466160134,0.5578521993886489,29.542523704861672,75.6225565860297,-2.7504252170681327,0.9198941808189646,0.1386210633674897,0.06868468621938872,atencao
0.5629423807982431,0.6110808295996215,0.31625516485425104,11.101388304492,42.743273215365534,0.05965647962987747,0.34027498223403085,0.061278845068075745,0.5241577810066183,0.41456337392530607,28.965323470983325,63.090694016915435,3.930914592189623,0.42684278889562266,0.6174363798900692,0.14513969326614062,normal
0.42457083156981257,0.23088645838838337,0.18814443882667942,24.243070181309538,83.64156167211155,0.3627316996809496,0.6208326327741929,0.033908251650947574,0.5002624035818646,0.46582934476718785,33.7547008628287,62.30456626481963,2.7465904000727868,0.293410910019395,0.6074818174490111,0.5462738210112592,atencao
0.45623244541661034,0.26810354267722525,0.26713048661505395,20.089701828110005,67.21391796112181,0.2666890947757658,0.8909953746442648,0.5386439231770658,0.09578504487449496,0.3655710319484392,30.47106763887436,82.8906591376679,2.817831081175063,0.6396642667898419,0.21337190735486222,0.061815693844453956,normal
0.7829110861456239,0.20705912973099233,0.3604918928039928,37.61607655307664,46.37550771935223,0.341930219054663,0.49617592610111527,0.3086804791375336,0.3524526681748492,0.3388668526876171,27.620652843630804,72.38223062983866,1.8703086599618972,0.41572789927953036,0.47442319428879864,0.8809087649911006,atencao
0.3937788269163102,0.3146397921664734,0.43287252760946054,10.360090818180476,50.42995221690503,0.42093197633751284,0.8247231640769201,0.6572283462021764,0.1607297752488454,0.18204187854897813,32.703948002196,77.5059434028056,0.563391832430387,0.5945984539489779,0.8633061669779479,0.1421463704565168,normal
0.5097926424118675,0.5918884786976127,-0.03320582778590003,26.584446271550473,67.45330591478753,0.3331329527082608,0.4021563818439675,0.1655444062632042,0.5982598592812219,0.23619573445557387,39.85642305934784,52.69977847723334,-2.6502604648285253,0.4199857984559502,0.17420150867648287,0.6739198740845365,alerta
0.6985571089188002,0.43760080867755924,0.15731929955931756,32.21990743199878,0.7037673464593563,0.3196504526960367,0.10239446279317654,0.4930487461363906,0.43886004626647723,0.06809120759713219,34.69939853414952,62.7182020414205,-1.0327460196545344,0.15299578667817448,0.019210533073514835,0.3912034417144252,atencao
0.42757994762488905,0.23317282819796317,0.41409186667331993,24.550539625721235,9.421184214433183,0.5262702200186492,0.06150573645863855,0.5106500182656065,0.15214803844423658,0.3372019432901569,39.93170530008898,65.77028387138853,-2.767757867707985,0.4694267516589584,0.6519951406635723,0.39978774754224844,alerta
0.5854606901595114,0.6705895507988265,0.5410334613202981,12.56209090488165,105.7509681315614,0.495819578806202,0.051334371323677574,0.05559961986443338,0.14861342718772225,0.7957869529478444,28.329827146345337,51.07919701812325,2.524218285671089,0.6909178219410328,0.053498208088684995,0.7648895286111438,atencao
0.7536545961227216,0.671728205718494,0.45609141438719875,39.173841700837066,9.345478690954891,0.5916263333233011,0.38015014195766994,0.301141238933497,0.5962839007538464,0.1025748603126566,27.83855585243342,63.51240624736998,-2.557941015801955,0.7992838076676498,0.9799402385724459,0.49946213417291396,atencao
0.8146644365603495,0.6658759762799045,0.015747173230720335,25.540312941282938,84.81643154526061,0.21247333780567207,0.33723775083584207,0.40275861874143165,0.2615413726675427,0.33570000859102567,34.784811136873145,46.832768973985694,2.31902195154517,0.49332627679654684,0.609620283798881,0.7256554636438663,atencao
0.25295143665032654,0.25521753739800057,-0.13410846036414711,28.42558732957034,110.4045796930863,0.4461935313401413,0.7179370236225695,0.475674529211858,0.040673543555472244,0.48365192723266986,32.87659132628664,42.16878355341198,2.230298506363143,0.16523789021040092,0.4703963528439723,0.5051912287527692,alerta
0.798611337613046,0.3933055737176423,0.11598365679560046,17.09829348122522,32.48203251620773,0.4303766105053549,0.7428215015848658,0.30426917024461697,0.6018233132695868,0.09390751648579623,36.222934907998265,53.698512963866634,0.1337403109216,0.4146877096494316,0.42999254002430676,0.5929053414052634,atencao
0.49448140515567673,0.7402432764915688,0.33039523406063603,24.504942553204113,44.45897244714171,0.29032957706724766,0.05085396883373983,0.17571767325584828,0.5189579044288721,0.30532442231527956,38.50865544745528,71.96448143732185,-2.7829421129375294,0.7862939288416982,0.5730706585169314,0.7607146278696642,alerta
0.3307710718092708,0.6018081096014938,0.11868371014030299,22.874484758749656,68.27056870136596,0.36593740223674254,0.22112326288901496,0.6232572627668566,0.07690354984656558,0.2998391873865779,37.772224026087,80.80935740369438,-1.1667925647936697,0.41285927061707284,0.09062443672021492,0.6073087429212753,alerta
0.4713950293667829,0.11765882379661388,0.1107037338166183,12.246875260059511,105.80507635663017,0.25395839314872365,0.2742618501588997,0.5163807292380562,0.4156986546068209,0.06792061615512282,41.018439952195536,57.885702574911626,-1.1191620183200373,0.6965307936042223,0.9300190588194958,0.6156151093887886,alerta
0.8360228026998339,0.14238298431931984,0.41249585791953053,13.184810606424016,113.02867047125042,0.14219885845104036,0.5476119841428094,0.18256620981372365,0.5069521609850444,0.31048162920123207,31.770358955669195,67.14118441377158,2.303466198289641,0.5072136816780898,0.6256420685518778,0.7892195914275945,atencao
0.49483266579500873,0.4015553949280163,0.007193212207108446,35.12417558856323,88.74758977335216,0.18897078693077635,0.14451522390695026,0.2098289415801599,0.4160024893875784,0.37416856903226176,28.508574618219072,40.15185654875502,-2.976312825276481,0.2412231251093967,0.1839784976109088,0.9490868158193733,alerta
0.3801261272012557,0.6909931338100141,0.4308254735898988,17.19459856619771,10.394371302563282,0.1185838701607807,0.13394121940000037,0.38850946703552863,0.5169894069289109,0.0945011260355605,34.36551487911406,80.22318792761644,3.461617815944817,0.7961505080230743,0.5625810537646628,0.37671615393533675,normal
0.593380598021708,0.4501561686692642,0.045784080808965066,15.848748144958916,80.29849866418209,0.49399522387358064,0.943788889207958,0.6741052885653444,0.20313058398016454,0.12276412745449126,26.882633043250156,63.43021067849672,2.8490656116732254,0.08421345407068703,0.13325650583301163,0.5771171572259512,atencao
0.3181019331447351,0.42357813022228863,-0.021001860173411435,25.147343537504177,49.23644662471945,0.4794728055209484,0.804202907297781,0.4024708208272501,0.27059293366051274,0.32693624551223716,29.910469096637733,74.01691238125785,-2.3232377364315346,0.5248902827551506,0.017552717558312114,0.0862731577335456,atencao
0.20310432967606473,0.1685579049718099,0.08589142451974419,33.06241394087539,56.48411993892739,0.6678941415269173,0.1806549020911703,0.5528337249185854,0.12739230480204017,0.3197739702793744,28.534096939473457,74.72206004606969,2.472479436010005,0.20889103424340494,0.630516985213998,0.3588038805688669,atencao
0.24021580533745446,0.5269070680707911,0.34807991487363826,11.858395557369638,5.897806841421245,0.5242909688707068,0.40656780790549096,0.3678941400388335,0.5026077645356507,0.12949809542551577,31.741583185550375,47.824026318405295,2.0166186332103964,0.06706562854137565,0.6484833418701278,0.412049225889386,atencao
0.2396320872704407,0.6343670543901465,-0.19289827631560486,27.304237589147675,22.927456721562983,0.08382979519148544,0.35562199925756555,0.31892275316808627,0.6712233249037433,0.009853921928170509,26.890681775037663,61.45872265909247,2.7330872009983365,0.5029339370832488,0.5836965828034155,0.835237316824051,alerta
0.256331885458606,0.3472730048799155,-0.13304366650878519,13.5763132852172,94.86163290403773,0.6247593630538202,0.7910040740654073,0.37114667479387825,0.4114163529355198,0.21743697227060196,25.54130965731766,83.02398757804887,-2.29964300096175,0.4995621559349236,0.18348320436002308,0.5133924021256768,atencao
0.2471790208545871,0.6041477031014628,0.5087281018136283,11.093831524768554,54.47505996574317,0.6107388559147218,0.5102129164781221,0.38052928191704827,0.352038791289225,0.26743192679372674,36.16549807871054,39.48172724104139,-2.5816871005917825,0.7069009016757208,0.603429858494767,0.7310663732984578,alerta
0.5986123213622502,0.7269098250355276,-0.1508321167258462,11.582318564866522,36.19946899573786,0.3381582085022541,0.12784973699346702,0.46542748675687806,0.3741328501753642,0.16043966306775778,35.374232630926684,69.15249490147818,-1.871644126695212,0.7447506930519049,0.056510940924519804,0.01900740002567136,normal
0.2773160590794014,0.2324481984329979,0.18256822024139646,35.02492324625324,46.08228887579498,0.43081098284314895,0.7389920631562439,0.055437722136144174,0.5370982365810834,0.4074640412827725,37.04210191265724,83.1132039017586,-0.707154671659219,0.7277914886928968,0.6092383555719223,0.4644926696283156,alerta
0.39196709832670423,0.44016426027658184,0.19241729666264723,13.539174508841846,102.52794159908163,0.6844509161071373,0.39688797822491895,0.23136481212679016,0.2964288841997021,0.4722063036735078,36.226569484612845,50.02885540270111,3.142984829322211,0.40955873291675504,0.5540170191076188,0.9013176651635842,atencao
0.7777518869342083,0.28663967275497415,0.11618079274270815,11.354540932368758,89.87988208859483,0.395997836501308,0.26292424763214706,0.4559137536828426,0.0729794171955611,0.47110682912159635,26.94300957942052,78.07239607021741,2.6413154373096503,0.6316897872265625,0.6552548308390995,0.2243139093057851,normal
0.4817731481840106,0.6153553723719956,0.24803346129029585,23.13699661428737,32.677847661729935,0.6384591884444583,0.37549862202072015,0.3702841789772222,0.03703482013035752,0.5926810008924203,29.948340983385986,81.68287727041358,4.329064330506798,0.5769452426439603,0.8954756057523938,0.03152218530711293,normal
0.617290416964719,0.47543568782275236,-0.10464728307202431,35.319804158260744,14.100220825484797,0.10397519257662119,0.49775656360689635,0.3912635988004989,0.3886305655733572,0.2201058356261439,27.20195236830599,72.35431046974125,-3.472333968112461,0.4215617561169196,0.8503581052395366,0.43340873371347644,alerta
0.2706239098411409,0.5124785714076975,0.16976292761023604,17.87225129467906,30.239786597288607,0.17418371466064383,0.34311551641700944,0.4243971218853502,0.22519049628304957,0.3504123818316003,39.33053083482557,46.566415615347914,-3.8959934708723294,0.5972126941859932,0.9806541915625387,0.7044318206475954,alerta
0.28460231316606954,0.6186442037503311,0.016347266959862605,22.651378525777492,110.49077412656804,0.33649071323685653,0.24190577259175783,0.41417991075321886,0.31273387776738754,0.2730862114793936,37.6973621410439,51.700035941329695,2.292249467307192,0.9472478767062625,0.976241032936575,0.4544635068414695,atencao
0.1786080313865352,0.35738080723059573,0.2624171706848108,11.197675976912537,69.79066054197064,0.430091925419248,0.39850202880398033,0.45517613949457897,0.2565708616277069,0.2882529988777141,28.42595904961012,36.79046472088654,-1.4864125378525088,0.19289374368137735,0.7723196933737526,0.45997831351126583,alerta
0.2682545441505152,0.6948085444645781,-0.17995998813282293,23.472355424046278,64.01762504937395,0.5805481037108201,0.019172910749898242,0.2621939579358697,0.26683870837176793,0.4709673336923623,30.80225708832819,76.57266171226776,-0.9932899401956421,0.9057720957855263,0.956419622177728,0.6698050412383195,alerta
0.345013237322371,0.446468763709991,0.18524580431355486,27.32839241911401,71.56723196309538,0.6923703748430714,0.7724978460963139,0.4690468028473032,0.2551069035375312,0.27584629361516566,41.43245486849165,77.480559325554,0.9212182332306096,0.053455513983198366,0.867283885889112,0.254388808283049,alerta
0.27390733899372277,0.2026706348429762,-0.14252019792417484,27.127211612564345,43.92339188958183,0.30275347270817565,0.1709448935675858,0.5321290662677519,0.3267646634671548,0.14110627026509345,35.10070908395407,66.63551549830964,-3.0782818918588135,0.30838921290166066,0.7275824498949729,0.7518897916419774,alerta
0.21209177362993892,0.5523344268097217,-0.06315339635221903,19.972800765230957,96.85284243834153,0.0808201634910552,0.043904613630637246,0.37607820665174274,0.4033340159400152,0.22058777740824204,38.619645154119674,52.62639256319257,1.7842497489324476,0.28814524861152824,0.0753842546437552,0.15311353090573343,alerta
0.23444510977042055,0.6156198777848654,-0.11409666972495422,19.465995419894064,62.79434991602998,0.5707614771419611,0.6536986929050792,0.3491028200744787,0.3902608803730303,0.26063629955249107,29.498047591068396,38.84055138199603,-1.0736729839196482,0.6263651078809057,0.049049888269887765,0.3957506052859877,atencao
0.47254513762290806,0.3058950900938924,-0.14458788711150544,13.198708568097937,14.009748332255466,0.4428474674038252,0.7739361288236722,0.1364153478076793,0.5913536286326945,0.27223102355962614,28.57089964304819,72.65288049574548,1.694436118708925,0.13122495177729032,0.8375995675057702,0.656008108470918,alerta
0.29443360288405473,0.6571665170491894,0.401854308826567,21.003949619388052,15.487814979487556,0.1790528582643311,0.8138291315928432,0.44172922269118353,0.3378133989719392,0.2204573783368773,38.32658779039132,71.32630968049614,3.5060622176604728,0.8823476118397537,0.4896558578716983,0.8283690072301977,alerta
0.40498890273365284,0.6889931155977481,-0.05714856748824318,12.98484006618894,64.4230975803142,0.3716384968039231,0.49350918266059995,0.33220886549081946,0.5588627100716755,0.10892842443750493,36.659831738934486,80.63012608694504,-2.459997999963133,0.8285514084650413,0.8146066843749209,0.7915310711650553,alerta
0.5023920895983998,0.2799879167955758,0.488055214584782,32.99787834136155,112.3884261685007,0.5325016595969208,0.2053681846899853,0.16891361440080438,0.5005938133204016,0.3304925722787941,36.57662479659999,71.52660105026811,4.377857836230682,0.6520658196852778,0.3129182706552194,0.7216855993076978,atencao
0.6332763800405556,0.7392889572648943,0.5244375465434123,38.98822893244558,37.00225460114385,0.5507676615946184,0.7372276772498267,0.4039155673970698,0.5484413514830303,0.04764308111989981,34.3947878910963,76.43474711220009,0.7761932695619942,0.45841383179219775,0.3976498583230128,0.35909638353639106,normal
0.17751849788876925,0.19146249323169298,0.18557139944653278,39.10223370000121,104.3449402631062,0.37475196779919523,0.6997130771543372,0.42997172851040094,0.18093967655173027,0.3890885949378689,34.58083182720133,72.29773089519998,4.306349886565716,0.9329560421420784,0.7001867210119319,0.12230431629372385,atencao
0.7095872792363298,0.2313101844616185,-0.17844904573413253,35.95213298126181,91.69147038946552,0.2483894445837584,0.24627073410317324,0.3143647130190957,0.05249633963937586,0.6331389473415284,37.506857590206316,66.53435941561582,-2.130429260183997,0.8307465547205559,0.9153267369320932,0.2168342176929906,alerta
0.5895302726436354,0.219746145504717,0.018366006872644114,28.023764480188575,29.737493148828822,0.6829326783250207,0.903407755862793,0.07198046605426286,0.6182009241336969,0.3098186098120403,29.59004217906032,56.348319709550466,1.4410639814381385,0.4993151480812449,0.08776147447888594,0.864833814576485,alerta
0.20723132236421032,0.6810933115051158,0.378072423845982,31.025970917316396,4.360889797949095,0.48118569712172027,0.104371458082829,0.3971795000815762,0.25528385177914453,0.3475366481392793,30.997063919568248,80.10586543211389,-0.36501594408755755,0.7018733544543112,0.8614781446346063,0.8573313701326595,alerta
0.761505036874744,0.5252901590112252,0.01228211939250995,18.556174080412422,12.221671817085928,0.3153543875750941,0.9826882395913257,0.3396782812776496,0.5423766728507163,0.11794504587163407,39.817825098840935,67.5484285953735,2.9679997204041193,0.5669299521796846,0.7930127248793652,0.9515608525390158,alerta
0.7946106803722692,0.19886778409447736,-0.22603536444262956,28.92311260517862,87.41927206169282,0.23230109573302404,0.8602478109774646,0.500266913339401,0.37051414813358785,0.12921893852701116,30.25070841720668,54.91776609829545,1.4531804889196671,0.5879422383882645,0.31553927072985466,0.0759886518955416,normal
0.19275457189840461,0.3862102219394269,0.17326717428895982,23.669486483196323,23.960368564877605,0.5252169389523154,0.6878986454790752,0.7390317690329524,0.06505142126813711,0.19591680969891045,34.28726271344809,39.17346475909786,0.45063911262486567,0.33097606943747127,0.3552166141315596,0.5368090852774561,atencao
0.3438143537030426,0.4999437162953714,0.41835272377162963,24.460520193307975,44.552510460647255,0.207419239635949,0.9387498882798329,0.7463652496217353,0.1910757990578514,0.06255895132041323,36.94487088811363,49.535242795219105,4.216868657879077,0.46208460462489676,0.04646147722190963,0.6486830449042336,atencao
0.7143408958551429,0.15425165524309914,0.3765374290719771,32.73329681125474,60.20389992077098,0.1616114928328973,0.7223111683237078,0.47122943756220476,0.09731869732713143,0.4314518651106639,41.998722056164,62.18633674150824,-0.6059464224548781,0.0781214307897442,0.015740611116717984,0.7106573770668566,alerta
0.6737817832685609,0.6735706394647701,-0.1511453308891997,18.457550667917552,87.05618021401953,0.3943920278253456,0.19045699703004593,0.40236633999187665,0.5774154381272619,0.020218221880861257,32.39995263542065,48.781768500809726,-2.0201781559163665,0.3573486916645925,0.4770061263577291,0.6438632350104302,atencao
0.27916471354946415,0.6223422980369978,0.27184992225059673,19.541188350835597,13.587746791095046,0.23849180521869218,0.44215613811281174,0.383541683788364,0.3780574714722816,0.23840084473935452,32.27757890262404,46.0617673958951,1.472910681668825,0.695828515362152,0.09553964549731053,0.770011389902282,atencao
0.29654452633569717,0.4283844028248148,-0.11257137607969991,37.7392537338591,48.76396863329538,0.4587883442003497,0.07150302433163536,0.1546483306942534,0.6491284466749311,0.19622322263081546,39.32400245037235,61.369675704392364,1.6162559345553236,0.9532160305061863,0.19400181441521303,0.35947157628934157,alerta
0.4093304719539673,0.7286322999184608,-0.11452359563065356,11.686728845529167,58.20874909712345,0.12666013866825176,0.3896574222881154,0.21036507112485164,0.5332683393310359,0.2563665895441125,38.693552891417674,43.49101729478673,-0.04814840585312119,0.9630641127630203,0.8467671995266636,0.17943277213548214,alerta
0.4891660896337149,0.37154463652881486,0.4429610073094075,24.56902895240021,64.89924767658476,0.47571171796875894,0.7416030197372087,0.5843769443870381,0.18585034582976298,0.22977270978319883,37.428289989487325,75.02050316625517,0.3794903932044411,0.5557228691248917,0.5710283912504525,0.20458337215043854,normal
0.5827783400712071,0.7396717073737236,-0.08778139017080433,37.384024012235855,98.203276967426,0.23414274319850642,0.3864433509308174,0.022710063856050174,0.3874306770461073,0.5898592590978426,32.87490383595349,59.2184075671329,4.635980728699099,0.6066222518095821,0.6336324372661134,0.011978689470164339,atencao
0.40823954769884063,0.5341479992223576,-0.07623975545969047,28.31089023454471,20.601383405186027,0.05015790738243328,0.3302941754681341,0.4903864091825723,0.16312440935775147,0.3464891814596761,30.50696504273217,63.69313869813251,2.5941712225712115,0.1857211855009675,0.18747933083192003,0.35032187210622234,atencao
0.4737743012932035,0.512536327615062,-0.2994446178528954,26.392212226363963,96.93977421919467,0.13250843748821461,0.5953557225103119,0.4980291536413212,0.21384336097389672,0.28812748538478206,35.34841820394243,42.36916337986743,-3.004584236656807,0.6953081080935307,0.8286618044544195,0.09174405087997728,alerta
0.6732296566936296,0.20787068194226027,0.44006867900669006,17.492325376880657,83.14541132359827,0.6568499955928111,0.872204528998895,0.2864145700752984,0.6563419433281998,0.05724348659650173,39.895795983237896,51.22881678146837,-2.0908293621645013,0.07065879267438624,0.8679797724397476,0.3214886927901909,alerta
0.17567824202341853,0.6732530428980186,0.37370559122776464,20.29826467193345,66.70449770387512,0.6137805154249826,0.04758319254611243,0.3020759212809643,0.3878348016096841,0.31008927710935175,40.024216789545974,55.50448416305765,4.78018970992003,0.28468568579944453,0.5233275937130434,0.6282100771662478,alerta
0.3267058610408145,0.37786829714839987,0.23322959482707634,35.561452474140786,83.94334444830864,0.20184587082355393,0.3854704346997354,0.47678449271628437,0.4134450881767151,0.1097704191070005,26.844471866197452,75.41064152582516,2.5381899841417814,0.6683633472854422,0.9125577718786598,0.8944780555868199,alerta
0.6493447101191867,0.2054517137586116,0.33772589934801595,26.776543953053743,49.44212867419877,0.5559417379545692,0.1582407418152627,0.6031834714458382,0.3811384716924575,0.01567805686170423,32.28195482482356,73.50797615430763,4.235406135301879,0.3103101315434893,0.8448286249545817,0.8396054509905164,alerta
0.7766447863810395,0.10819488798424338,-0.17075871768918194,25.442265812703397,16.60771031617495,0.4455715355630832,0.6953542507318696,0.4744069277337629,0.047511429059006,0.47808164320723096,32.90027325537874,46.14887373938407,-1.2652468241015016,0.04984687411445432,0.731324176674438,0.2526742119575769,alerta
0.5081742094809663,0.46384119436494864,0.08957505539943916,12.987391406200867,79.89182883184408,0.6810880624424152,0.10572456043113487,0.4684092822136181,0.09281475055901647,0.4387759672273655,41.6194612479038,65.80895408035039,2.6768017407793305,0.8318704093509638,0.7340759156936286,0.13408314219804696,atencao
0.522479439685721,0.4428097543797397,-0.0014635207535362293,10.480844693653694,62.96067680227467,0.2928436786971384,0.6648077585802445,0.43973834004895174,0.34843565393291714,0.21182600601813106,36.52596625912393,47.17281788859988,2.426024376711603,0.31033000713456305,0.10539347395086329,0.1930722737967313,normal
0.22502040793784323,0.5675798545399531,-0.22028995268153595,38.91055566061147,76.72497606513306,0.49294939813616123,0.2861808707979073,0.31722963786246766,0.4048685325340609,0.27790182960347143,31.9231890934552,84.41235778451227,-1.3477901310456244,0.06310522485867842,0.2708360376956658,0.9709866519036069,alerta
0.4631886567764182,0.6786677344615714,0.1132109124326855,21.309585018605247,40.559853723418804,0.09129821957554707,0.1989168137372247,0.2732283992757128,0.3626614738251043,0.3641101268991828,25.44298406175508,82.60619390654352,0.9573469290563486,0.07478816450286518,0.06684721981767605,0.5494744796854908,atencao
0.5228320865185162,0.1516142800179692,0.4826287027912402,28.09639186298513,108.82398928078031,0.3075607754306638,0.9363525578249854,0.24744194835713193,0.5763584159095817,0.1761996357332863,34.61154772168633,63.16323602603103,1.6467360014326573,0.2517587987887536,0.008681209226308662,0.18250222300057484,atencao
0.3197293525443108,0.5754727187212355,-0.2659497488069097,12.39145219561855,70.48438422906924,0.6764814797723172,0.018524576745955867,0.513385616136467,0.4624354232936412,0.024178960569891765,26.633291585852053,69.94512859470714,0.3301862974471854,0.17801594722152625,0.15830953138391013,0.8407461546868151,alerta
0.3384702616645666,0.22181776366342845,-0.05225822353027515,30.493428571691396,10.248298114904859,0.4003375683925783,0.43777727188956894,0.43532014070035235,0.2605549678490604,0.3041248914505872,39.185649274911974,75.07151911043225,3.444608359922115,0.7743001177801508,0.88048718264694,0.3951912443125549,alerta
0.41409891417323585,0.6578150845521565,-0.12359020422515202,37.97700126117883,53.97647888453144,0.23712167716764893,0.02162699246179378,0.4629266000745975,0.35045265530031927,0.18662074462508313,37.792817229696155,71.04992100224518,3.4958213761819055,0.32168404666703443,0.23987405903605152,0.8992221519747273,alerta
0.16404983844440846,0.6323912840100765,-0.0975753443841581,27.26995758992259,90.76272656923612,0.12817612603359446,0.483593048104329,0.5418132420023446,0.2854044343434619,0.17278232365419355,32.82865571843904,69.99143455412104,3.655404934714011,0.8046957850398325,0.9701539625917217,0.2606771268344865,atencao
0.3754554159082248,0.45151594074060386,0.47216936909746904,13.783459671262317,95.29614740787268,0.5072934211179947,0.5010473777944182,0.44559765292868414,0.3208913512227639,0.23351099584855195,32.2965832522089,82.9277003974764,3.2308121218834653,0.1738459978231528,0.5972909995612061,0.39322175880423615,normal
0.2980136048975812,0.5616578191051526,0.09785869609914666,27.451645824204302,59.351646331651054,0.46915642822932235,0.321662471394747,0.15939160080957207,0.5632800592772779,0.27732833991315015,40.25476241466907,64.82280531536416,0.3927512947743015,0.4928791795440838,0.23725848763469037,0.5049477627900846,atencao
0.3792481465245402,0.30432757356943646,0.09635450099884602,32.99041639313957,107.36970849975613,0.2930601638424535,0.13216177752502367,0.3687992547032699,0.47417883291513147,0.1570219123815986,29.903791957108183,66.81513359095278,-0.5670553166589354,0.6880371335531288,0.4971308034842128,0.8926153340890316,normal
0.23383349227347583,0.40625913430632954,0.34648929608699003,22.19249609722056,32.12021246331571,0.6681118787127922,0.3763875377344753,0.0279424524816107,0.47736961538630757,0.49468793213208173,29.233339355815104,77.46343752190906,3.4823865534293352,0.6519908538658549,0.21909482270011538,0.8687574316050558,atencao
0.7733690965179264,0.6340639835118066,-0.16868162659581304,36.39513243824403,49.27184366859199,0.06443182844210271,0.672262939932566,0.4391962296248684,0.2691388204529423,0.29166494992218944,40.966356358037956,68.49454339292035,0.4118131270064014,0.6011294099302688,0.9839735581823739,0.5743550703038779,alerta
0.565514717487834,0.39852237816258906,0.11417555098504323,29.460488600720936,107.8316292682764,0.24742050356068673,0.7823958086444591,0.4278243213215669,0.15098863268013513,0.4211870459982979,38.75717922480921,71.64663110087614,-1.782657412348163,0.9248216019311698,0.8472649839049639,0.22177550978089067,alerta
0.6253716234011427,0.3325688724615372,0.0654874320029008,36.977467548676074,107.55080597658947,0.6486951660947279,0.5307506023881423,0.4604413924021248,0.2709760747308519,0.2685825328670233,38.95063508214231,46.70843430983212,0.5660917908999465,0.22852514770674437,0.026238788782329103,0.4033569717378751,atencao
0.7024198670251368,0.4212380907126949,0.2073740869646578,28.705159337420117,82.28553225896171,0.25860803490763623,0.5898343944397556,0.5213045262430591,0.4191420791972141,0.05955339455972671,28.318294842690733,53.56334620575355,-2.723351602726821,0.4937192044621054,0.9477760314674711,0.9756330653655054,atencao
0.4989095392503401,0.6383620140841919,0.5496240477628729,13.938639160144728,103.07766565466642,0.21396434200586073,0.2006163711246527,0.45416646815617445,0.48754197355046325,0.05829155829336227,27.436031854325886,42.36506728559465,2.2246654153891896,0.8839925500724087,0.7210651073028873,0.6077732238774021,atencao
0.21084420166119658,0.3178852307910673,0.35403155996974006,19.290751333155676,10.65279203474792,0.3972432664553107,0.28733033322764945,0.025797818064725715,0.456464956229231,0.5177372257060433,25.442502346891292,60.28827211674027,-0.976708465384843,0.07789376559515704,0.08238125202127833,0.7810977551241967,alerta
0.5259745792729834,0.21294503553823346,0.038185847564813136,16.053848447573706,103.79939714493315,0.5854711374483496,0.16189561005235842,0.43524861041321933,0.12842721528102966,0.4363241743057511,29.02970565161756,57.786370034012315,-1.6540708139729112,0.055888268253075246,0.6706377463264456,0.4498646953614197,alerta
0.5607887826146154,0.5628091132150075,0.40342009443293997,37.26479493150587,38.47438878602721,0.11704539457093469,0.24929535000461134,0.39148616339009457,0.30343320084021824,0.3050806357696873,38.161238359143525,84.85814071397284,4.608578716112705,0.2333022875582914,0.6469266979656855,0.5320072754668064,atencao
0.671807631929031,0.6368858382602531,-0.15489789118439182,32.81200201862448,21.39978149138596,0.6629634612697285,0.22488678022553177,0.4201240555789063,0.4599377065252149,0.1199382378958788,29.080653118990547,65.56043264077712,2.991928961824769,0.6330212195380185,0.21878874580758345,0.4289541122325441,normal
0.4521616823607756,0.16541436104029666,-0.2741058666373839,30.291951067300182,28.72438036104556,0.5667973727677565,0.5194487863912376,0.503561269065957,0.17590514720118708,0.32053358373285595,37.394755821112895,74.32224115972116,3.0836255245153845,0.2598796264498069,0.7584467000075756,0.702920998061968,alerta
0.2393062119568946,0.25591817329136407,-0.12621888340536788,19.02898958894865,50.15622096166645,0.16781266610850876,0.5626887557907294,0.27512907800082037,0.20741171303715364,0.5174592089620261,29.282440511246165,51.70073353788271,1.6134977235126513,0.19023988380879897,0.08706470331296712,0.8514710138868774,alerta
0.3486431340591071,0.19228179334464604,-0.01065017730287926,15.521343161506405,30.143040552536068,0.5128051747788057,0.9449474208215045,0.410835567850392,0.32062879668249183,0.2685356354671162,31.71997246516142,76.57726656713982,3.5525552945926737,0.4588023153582921,0.4894451812312478,0.5073635432245636,atencao
0.4041576074790445,0.3261619175284083,0.13399364384062595,32.69353263966735,38.468110321979886,0.3002231697144121,0.19557064710152305,0.2933943209690334,0.012813039653678223,0.6937926393772884,41.713758928493945,65.75424832438418,2.832462330470431,0.6135980687694115,0.009923207163087922,0.4808674586362257,normal
0.6021420689321209,0.3927281362885182,0.2228597694600199,24.22473837637239,16.197418328597053,0.3114915407496071,0.6416757101614959,0.36726851399461663,0.29883158844827634,0.33389989755710703,29.161799431830303,69.84961657992193,1.388963337202549,0.2485577070167404,0.9687374888947464,0.34028646709839694,atencao
0.5495448132682383,0.5867371190261492,0.4740148596322586,16.773686564518876,35.541211867079824,0.5591385600852631,0.8172592689875229,0.4551514903247244,0.5375411716431701,0.00730733803210553,31.39830066407055,49.72153889747272,4.650119616665457,0.30069118672374207,0.7515636317769093,0.1770966942940838,atencao
0.3992677081284923,0.5232459301730882,0.13337590811788907,28.498659344958252,68.67405774504014,0.6758101251874759,0.5602414637830525,0.42493689028559556,0.44858204040580973,0.1264810693085946,30.11848206790863,62.43191958477885,-2.275645452840193,0.6135593048115139,0.15885207615965602,0.9392477228751088,atencao
0.8405606741550857,0.5036035688609802,0.12608429793187004,11.21001556415356,53.02244497092767,0.13232631735067604,0.2550036525010757,0.3270908239284918,0.6076389445510743,0.06527023152043399,26.863624767610037,66.70184867068043,4.49041747095276,0.9457384219894527,0.341674039951283,0.316079718679505,normal
0.574042373549821,0.3290437152962754,-0.2572934416504652,19.785107623847605,41.60625134830934,0.32340965397123256,0.2625502300200002,0.41687359428843207,0.3340288629263937,0.2490975427851742,33.32820041622402,64.45473379082905,-0.38705654201021567,0.6747417274380882,0.16056237780817628,0.8006914635742854,atencao
0.31605875421519614,0.646940909505094,-0.27032518024220975,24.05670983773404,89.57425546285367,0.36261204525479723,0.03925305307099991,0.5198129771375559,0.4469519412242538,0.03323508163819023,31.43774127666104,80.75968557122832,0.7555908506133795,0.78290414358456,0.7666174641293146,0.7153470212874742,alerta
0.22124773083428262,0.406336658808807,0.16848596762891632,14.438750023282175,107.22119656719815,0.29460268102074844,0.3054442265484817,0.2932071557825257,0.39722862232445455,0.3095642218930197,36.81308045872376,79.91363322462767,-2.8953461241012195,0.3668100947554688,0.05889632542771517,0.7909176002781291,alerta
0.2570013974290324,0.7364182097098504,0.0724518212610929,39.53963432772519,90.81470674828765,0.2860729304155462,0.7446036790033801,0.44076572920049617,0.28609013304133774,0.27314413775816615,38.89910729817629,83.54920289384353,0.8609669502961186,0.27225435938446607,0.8404066555637142,0.9367681333721024,alerta
0.3221704098691557,0.5121923898922289,0.4133033357332539,16.272920937688426,39.8400842541215,0.08397463391503775,0.04751775720711038,0.0553138474385599,0.7496425836858654,0.19504356887557475,34.25224514642586,68.37140030034948,1.5008607667237408,0.45426774320262253,0.9421963388357298,0.6233707602208972,alerta
0.26247696128168896,0.1820720820169268,-0.16342235299493157,13.910593901297966,89.33306014050645,0.49560010336570504,0.21929528250483066,0.1324130238069524,0.481102292445359,0.3864846837476885,25.547339175484726,83.59570650628423,4.979313876276716,0.8071328287116737,0.6766279428062999,0.8979503433820446,alerta
0.28059691683591403,0.5395154153490321,-0.27877408720050784,16.10604621660689,18.237621896886147,0.33353937112802945,0.7062324985317819,0.5244296046331177,0.3467859078977624,0.1287844874691198,35.52168005599027,76.62390000159544,4.776731699643738,0.4562996417905558,0.2129654500014342,0.16769732291229367,atencao
0.34956661808569295,0.3113176100306043,0.08168295274060705,33.07183399479173,15.63815857095491,0.17661597171855237,0.7826515628228766,0.19731559519983613,0.23643608832809052,0.5662483164720734,25.941642410355968,48.541607016997965,4.697575626868586,0.846725408789861,0.3600900958135508,0.6267125759567876,alerta
0.27136151670632835,0.5461126778459634,-0.0981432267605811,22.765169778155283,41.47524444433907,0.5804217764963444,0.4553184100619284,0.578790429787985,0.049282492067707954,0.3719270781443071,35.47805750118342,56.371783477564854,-0.8645074590814836,0.9887719806951271,0.47723987480893126,0.7722756129146127,atencao
0.7777357972384976,0.14526674630556374,-0.25782778266198814,26.96247819257614,96.92428428528684,0.5716644862985581,0.6980743384786489,0.8613547567440971,0.11309799395436312,0.02554724930153981,36.645509137576205,46.919622109450486,4.921398488705391,0.07202666573033634,0.6046247722022537,0.27164113074417406,atencao
0.20616362196314952,0.2136729341643736,0.31590854382048467,10.630274709590822,29.561789669076223,0.3661545582577809,0.387952168654892,0.4723911893143586,0.29178945104744475,0.23581935963819664,28.362049669497814,35.20985804152826,0.09930336435599774,0.04541015608370369,0.6686630898116874,0.740753801291965,alerta
0.5171579726991783,0.6562292182887611,-0.20514595003633962,11.032939257199438,7.59040906784155,0.2439929297460443,0.15991324502412751,0.5267073984475024,0.03923885912219166,0.43405374243030603,38.9288845282701,44.40243765734543,3.6665263288571044,0.14958970291336182,0.5542147153188828,0.7784768291162368,alerta
0.437277778892763,0.24766671206528468,0.21707157500660595,23.374766494810487,15.80514422476261,0.46476027176769397,0.3981494935229065,0.4872758719427951,0.174581132717967,0.3381429953392379,40.48844723675883,35.20302931434378,-2.053120278829252,0.3843696757343462,0.35131392082185575,0.8311879560164448,alerta
0.8376650318360245,0.644076731407911,-0.06110771235814419,34.49965729604871,103.04939622354962,0.23729888825531198,0.5799678202031429,0.2886402634077012,0.3920628273028435,0.31929690928945526,38.822478389934936,70.99192306752451,0.5524986169094213,0.1310422091454324,0.890917280564903,0.3128829125959328,alerta
0.22842723151763664,0.2815294574953668,-0.15252835719823124,36.55716636122696,76.05399416967451,0.20340515471041282,0.9480532818528903,0.5368030310427857,0.26324906468291465,0.1999479042742997,30.186856233605397,56.27671488605998,4.694108865148449,0.870664477618756,0.08139205801795824,0.6816065901683092,alerta
0.4284989193320191,0.51787324153816,0.022788794481419905,12.601197027869206,30.3841396043972,0.5248345251171123,0.06875095208867732,0.45425005633706467,0.3549058443642966,0.1908440992986388,34.97293121157578,50.62873635389291,4.523282572310848,0.023146251027063802,0.46625605424349503,0.3042532834097621,normal
0.8286293032927582,0.5511978727813902,0.3812289097895107,26.150893063030683,66.63549903938176,0.07621140581861796,0.5073940938449606,0.44539669885858774,0.5170744227181119,0.03752887842330042,40.55185753625087,73.0860445547594,2.1536139003928403,0.3157927163358225,0.7755648384674807,0.7390403874984554,alerta
0.7558549881257862,0.4332255895442845,0.03327954036888686,37.39689058837811,63.309554691042045,0.11159950617248607,0.3289197782107244,0.0673485884487096,0.5377705602766978,0.3948808512745926,30.451300345788447,76.62433873098226,3.1803289029775383,0.18469462949420534,0.060872665291400896,0.46297366514571225,atencao
0.721950449664496,0.2984519398528753,0.3381542018293974,21.639182631936592,78.65231741287936,0.05441231311533336,0.5083116942766945,0.47663111606838005,0.47993644170602634,0.04343244222559361,38.940472978512226,83.764976932494,-2.4121597305783875,0.9315393301575323,0.7053352168113012,0.59754437452722,alerta
0.33053197893145786,0.23821884464121248,-0.1933366477207219,34.886974942851054,27.98250653059396,0.14941307120902697,0.023975447376531678,0.4832061900889798,0.39905333398558945,0.11774047592543077,25.16107723144884,67.10067923376207,2.4949269453574168,0.6694810048900279,0.819711622753325,0.4158399814305689,alerta
0.26962131117304605,0.12157308046557705,0.35685570671531736,14.010869631983086,103.72835846332772,0.09484350566179864,0.3130253547015813,0.4406022992695744,0.22011495829350006,0.3392827424369256,25.061993947339495,58.07644792700259,1.5624572750183505,0.9120302564513745,0.6608312985270522,0.1619829269298243,atencao
0.6180502539471017,0.2975651608064705,-0.09860667382934862,38.06183469003396,37.12422744960154,0.697271539056947,0.819868147527005,0.562855347550693,0.20285978902080126,0.23428486342850585,37.91509822576245,50.26321508037179,-3.176034378238785,0.9723287103103934,0.012936892275355993,0.17802952960536367,atencao
0.8005631923893101,0.524555813845334,0.27578416040554193,32.54269952593908,83.29579847714842,0.2377264804701582,0.5539417338546375,0.423294184097832,0.3286902222222906,0.24801559367987744,37.94460889616106,46.11591046071131,-2.9815689406929136,0.4970982436773692,0.18013702713220625,0.0775689072621345,atencao
0.5397340251097508,0.7098981319915137,0.18091432161484694,38.24003178360705,1.9349575646657868,0.14702420823501072,0.4505824928161174,0.4470480687861605,0.4159891212701436,0.13696280994369583,38.412612193489,45.64629752413006,-3.024007440238643,0.23431910804802625,0.34211307889195075,0.6180726797216618,alerta
0.5501288826289299,0.6662829134709838,0.48977300962993436,30.298517006575196,44.71885558729767,0.20664756769734666,0.2855250717153396,0.08622000062789549,0.6082780132097283,0.3055019861623762,40.81045624409876,55.45946873598994,2.519212413468521,0.1937287861965893,0.2336900356380459,0.8486383979530593,alerta
0.34598536556219894,0.5979421047479467,0.029224140279016986,20.90211795998281,42.205178155057,0.6584816215010875,0.2980425227913559,0.4393040955156828,0.11384960685279784,0.44684629763151945,27.00440730094483,84.5893177643965,-2.724563125771848,0.22291886168584052,0.9626521402274274,0.020836826262080943,alerta
0.6886450532343558,0.6124907731146442,-0.2437595894907256,38.145435175741675,65.21813142996174,0.38810414496585716,0.38310143359058446,0.24150548900990781,0.5818309327904425,0.17666357819964976,28.9437447447227,35.042684871870165,0.20959044003023397,0.7085933076220029,0.6515939141137936,0.0662395020883535,atencao
0.28093062399026636,0.5322401872593969,-0.283717837281435,18.267003289275355,8.72835141326358,0.2871317626001069,0.8355707099645604,0.42490816758265637,0.28358815641698365,0.29150367600036003,40.36332364635473,44.86029486155004,-0.7871637471001804,0.040445728123000735,0.2969709573515703,0.4574669923029103,alerta
0.37657546548297055,0.2691864574179019,0.40282977682684024,19.965175661851976,94.815764847133,0.6177044476409925,0.9672132068082684,0.40692814434926133,0.39614940135724713,0.19692245429349164,28.01301536213001,44.41964912017869,0.9545372669319603,0.051361073032714866,0.9296974986654456,0.7377207361681893,alerta
0.4478055070314917,0.6896767699587893,0.14602529201221742,31.02425254005221,26.133696212108223,0.30674367585687107,0.4386553813503745,0.16495002287397342,0.7890419586055214,0.04600801852050516,36.597897548801924,70.85597427661462,2.3582883849746255,0.60814294238315,0.7405941994761869,0.1577076447119513,atencao
0.5053272650791185,0.5359760027387922,0.3589574440597069,32.95948898576159,81.24453778584123,0.26775557047250226,0.39335283874776183,0.1942695700458762,0.4838704890074225,0.32185994094670134,34.01787100069386,52.624236379903095,2.1625028349919884,0.6420571467374065,0.28460721182704196,0.27165131954919386,normal
0.31968681269055615,0.464286410137286,-0.10073823999021247,37.882104515474616,96.38545478929119,0.18473363965732809,0.8465507758198628,0.31004682119130095,0.4059863827772542,0.2839667960314448,26.414292506475622,57.863040229591036,0.6396792432293896,0.66526292432246,0.3788815694019554,0.23200620128180716,atencao
0.23038577731744248,0.1721431549887627,-0.006678816313751279,16.144072271686284,67.42523474898158,0.29556793554111743,0.4269053206363036,0.1394542572322294,0.7853677868332601,0.07517795593451042,29.84948225300606,42.43120652349525,0.17901386249346984,0.37188050458859123,0.19942885830395674,0.3990512186711541,atencao
0.5774340297091428,0.39058610347417655,-0.2744117086203789,33.939941056576714,88.90598480663826,0.2558448314110019,0.5520181722956512,0.28545733547858054,0.662103542268302,0.05243912225311735,33.846327679496454,55.24985194384739,-0.4196596438996716,0.8059448887141532,0.9710739982658219,0.22499867701757115,atencao
0.352041387268179,0.39923287628125215,0.5172684758879955,32.156381601908905,79.42323746580067,0.4902475735437916,0.23094166459874443,0.7637714853615667,0.13788909529902083,0.09833941933941258,39.489951983625176,40.1599905952918,3.757189534739415,0.5336245877266176,0.5172964958900732,0.352598678544753,normal
0.5568667549958286,0.6619663461897355,0.2676877206956915,11.913836687607937,42.663575658240916,0.2382287580359726,0.7435025357790752,0.1926197042334797,0.49227897253076314,0.3151013232357572,37.028154323449456,61.65216439442916,-1.0223337561461951,0.10546563000941944,0.8960566874979846,0.7285425986619442,alerta
0.2580539006919416,0.4553213431220625,0.4932243245954104,21.61669423630621,97.06302468402784,0.4251798351746649,0.5319883182707819,0.2527810404530794,0.4847336636352603,0.26248529591166025,35.572013744733866,39.896918269142795,-1.6657076094925465,0.7970993070673452,0.3464997710168477,0.6110092484541891,alerta
0.48679807129837216,0.3472603568307663,-0.0743280536852885,18.48296371180296,35.364164386263354,0.09282990727078225,0.8090345502403417,0.638659680328835,0.09294480208914693,0.268395517582018,33.43255912900405,74.5254190586578,2.6898394428974415,0.9530677862704583,0.8608416030974757,0.0811817053916929,atencao
0.5228126027861101,0.7349202135319286,0.21974406954181175,19.13471273062091,68.54555013018206,0.17433795185273432,0.7807327300286697,0.21775331608019877,0.46804557097381805,0.3142011129459831,30.077627724840283,63.33008587702447,-0.7621288447294621,0.06003631300235868,0.05388684842716396,0.6377456662457177,alerta
0.18627647577569884,0.1719683856621052,0.27672497304874216,39.488406386641024,89.44772869698474,0.31481342654737665,0.21500476827002857,0.30670934512571896,0.20379438993478238,0.48949626493949866,27.02716349242744,71.19839368867585,3.6229873978154163,0.3913513387005799,0.982090317524288,0.4770771715592135,atencao
0.38562299473574435,0.37465647840276406,-0.03008275478104977,29.283322404397836,45.47470917750091,0.659017015040652,0.7156355505577624,0.31958028333161675,0.39760521192304593,0.2828145047453373,31.954292587623623,55.92581933263419,-1.0490015322656974,0.48751604483474764,0.9120343670333027,0.9345655747071387,alerta
0.24409027385728196,0.12731603886141343,0.4208928497632856,31.530284733804987,36.332112914091006,0.295213790715202,0.8000544079513714,0.3692996317840669,0.3528185142476553,0.2778818539682778,25.484814396491974,54.074564662111364,2.3175034211712937,0.14647076007831694,0.36320294477665493,0.28930431710405324,atencao
0.19436247933093742,0.5809376784985048,0.5050872434652107,39.29852911945028,55.12152122073873,0.4816481787798921,0.3461072407823951,0.5594000581798987,0.08740736274622875,0.35319257907387247,28.587950117536458,39.91044445244318,-3.5940189434319754,0.8677089477828771,0.7747221653145774,0.72616641969916,alerta
0.8429721626729616,0.6967497589294479,0.45212685004160375,21.316053473729163,98.15561932189843,0.21580669457390877,0.17260911290227454,0.4082554682457434,0.39111058890140515,0.2006339428528514,32.35221738983522,61.19278035214113,-0.5299340790071199,0.284149644890044,0.752257926473826,0.7308608230445699,atencao
0.37564769148230603,0.2820242642078181,0.3282069295484667,34.055205053584174,111.59061157747978,0.13257182438260062,0.00263215557958818,0.6075933904328165,0.1415817199598341,0.2508248896073494,32.116288156422556,60.7251082428546,-0.9109284252920364,0.7830085399381601,0.9012547971029317,0.22150078100918735,atencao
0.7169121120982443,0.6579220899194286,-0.06415502223378905,23.03592889913486,65.41000954318682,0.08804879005203259,0.45090365309314817,0.14000603123520713,0.48885675589343497,0.3711372128713579,25.75302232694887,58.40510222248027,3.3501086534833107,0.670994482028316,0.3072549811288111,0.9032236249709361,atencao
0.3282484583346347,0.2899418498002335,-0.060626364210212974,36.0860101544494,79.37594463883822,0.24851877405278833,0.3524327315388416,0.021955258769678982,0.4044092295551635,0.5736355116751574,35.01402260992995,72.02591823412246,4.70349862905479,0.5980458224670234,0.4655200053141495,0.49118320042960306,atencao
0.6270519055567505,0.6920006050685449,0.5188562723791323,15.419726239339095,108.3928346686697,0.15247966741799018,0.5549098338254089,0.52664803715459,0.4504838535917042,0.0228681092537059,34.34463234950502,76.62522000161772,0.14793149023665286,0.1921428486965544,0.8649996126060531,0.6788833668893024,alerta
0.6821595019227805,0.5900752373379096,-0.2912581784546618,38.43058531192839,11.825622169553087,0.16310679121048072,0.18804109258878576,0.4214312119894768,0.4711233174111155,0.1074454705994077,26.327773168355517,72.53948374742541,3.4235264943838226,0.2207035205509057,0.778579454135216,0.14585555888350454,alerta
0.566947118425491,0.6231894049469351,0.3086424772558229,16.563151252326392,27.849429343939804,0.5444935504515175,0.8596655476664752,0.45857430885762096,0.10819950479755625,0.43322618634482285,41.03377189182747,42.19328714034219,2.2972523086162857,0.04734840474656932,0.39346671874027916,0.25780391699196925,atencao
0.4801033319851108,0.11170426114029543,0.3003092381719729,19.786615209427946,85.0680007501899,0.06029474611416824,0.25775521562810966,0.43580484925926927,0.436305805790227,0.12788934495050377,26.689507242164623,66.1029754641054,4.706473888973239,0.24071242978226637,0.8457252329121221,0.5861071179372228,alerta
0.438288639903088,0.7258267320981169,0.22928610980732794,32.68576702320341,98.84933542947596,0.4125765817280323,0.22642960508764998,0.0364679690648,0.45650054489180836,0.5070314860433917,39.532180571034715,39.01615528447667,3.299976629085423,0.3454436094605141,0.04695403923240149,0.3190272683733495,atencao
0.3942077865800967,0.5723361448457102,0.541592519173836,21.8126542469622,102.84348339966935,0.2966498973857521,0.48071405648435594,0.6796956913087727,0.0991890414893567,0.22111526720187058,25.0052654425551,69.73111437202382,-3.302697406326425,0.8331453038624254,0.7820463029629902,0.4996929185709734,atencao
0.8006704009734781,0.2980882120009867,-0.034902479600833536,28.2463413029934,49.81286122259191,0.37925749994055563,0.49885102374427426,0.5592109297468131,0.25336113116090603,0.1874279390922809,39.99877861577151,54.09195482805633,2.4195355014401256,0.3663926667148053,0.20676585943370063,0.37400519937328924,normal
0.7314335854514104,0.6391065321582505,-0.011023915775739024,23.337205032082856,10.72078827502402,0.4158396541894918,0.21508522878509284,0.770667203855907,0.12893081352215202,0.10040198262194097,25.335235447473313,41.62494781331433,0.8194974388013625,0.7546217827656064,0.2861209078237872,0.640553796644048,atencao
0.8255188374665587,0.2829887789697045,-0.23290150749542776,32.27109811269345,52.53377727595439,0.2536890013972308,0.27186072672591577,0.43906710419888645,0.48891642699581467,0.072016468805299,37.88280454216597,78.1025428488064,-3.8520754786090556,0.43944228129548757,0.49321484359559364,0.4871453627808089,atencao
0.2370080564398813,0.6672899957179832,0.07637841606217688,16.849937571058327,27.688150824846453,0.2418207591197854,0.16970523915524494,0.3262500144031603,0.540850907483273,0.13289907811356663,31.148743792104298,65.70041695194686,-1.738183371471007,0.7848683119938884,0.4497345010699739,0.004609935973168167,atencao
0.661607232642551,0.17317725376775905,-0.07810875270037909,11.75373961710631,34.943574599594896,0.5267112020676886,0.7184601783231668,0.5242930118598484,0.0694217242958531,0.4062852638442985,37.54968560231744,52.73624839737637,4.295797205242037,0.9762716004370399,0.5205701068698809,0.649680837945384,alerta
0.8068383197747264,0.5573958853495172,-0.00812130314900239,18.997881924191987,92.6721068205007,0.6163300422787521,0.7700890312540819,0.05875660954397178,0.5016086489098535,0.4396347415461747,31.829668492224634,36.53635898252497,4.334552355080776,0.23984155805758012,0.5447755956720238,0.42212155705018173,atencao
0.2768631463159621,0.4514540098191917,0.4093860217172836,24.229259946052906,9.063250323106423,0.17517806109804313,0.4623284974592826,0.34118986066873713,0.07196689462932696,0.5868432447019359,26.20543467964131,61.86551295018053,3.1896541418057103,0.8623416119638762,0.33152769103149693,0.34169834049022285,atencao
0.19654738715674425,0.16274740562703655,0.4951618364983715,15.040601565780356,99.30974609768425,0.11345219434784681,0.7140870226850174,0.38674614727123624,0.4569800060822742,0.15627384664648958,38.047613821721185,81.16129392431162,4.836016429501905,0.6218240863057747,0.17522751301703,0.09414675228322356,atencao
0.6687844545030414,0.2572309883682453,-0.14212688879559218,20.64391868969166,51.32029029890029,0.6335672741548168,0.7359353919374455,0.4188405553232825,0.4151523025178076,0.1660071421589098,26.211295650463203,64.8189916351183,3.258907021617844,0.8172942615886548,0.768481229287306,0.22036969056649147,atencao
0.5521311792259384,0.10806262358025462,0.01663259182044602,21.999490548807056,71.52767173207141,0.2774320513708091,0.1382755276778086,0.279957226888725,0.4727369406679812,0.24730583244329374,40.676047411340704,83.58253023097465,-3.9081623144327935,0.6515859022678052,0.3999761490871421,0.22377229158085343,atencao
0.7392801437307904,0.40469917755192886,0.4893359777980851,11.721755310648206,10.75826774828148,0.40835630393082917,0.9661780248345367,0.2452188411571797,0.5361817124085122,0.218599446434308,25.866558608458245,41.822555913522926,-1.4094909372863942,0.42394950727415015,0.505840862459059,0.935369499404729,alerta
0.24784066363840263,0.29582241949400023,-0.24746280841416074,27.499217445526135,40.48308940287355,0.2837030439380022,0.821031947096431,0.37443518879010584,0.4324293297294128,0.1931354814804814,33.14852972211576,63.415255229741845,-3.724382359860134,0.22807493944179036,0.6446967183511181,0.4325129747465468,alerta
0.7066871183019231,0.4889323647935433,-0.22149355110532826,36.53030283913863,10.764110281781495,0.13177151862493336,0.2044834611958235,0.5304061773720742,0.46613813132714665,0.0034556913007791597,37.291585324463526,74.90625240032148,-3.153028281361965,0.07003522533116502,0.909637922306656,0.04206584721517004,alerta
0.2911391240334211,0.29320457501060115,-0.161627659174705,14.552287388591573,115.38524674573314,0.4330655692160232,0.18616503574607024,0.31869753697523984,0.6798616398540493,0.0014408231707107493,31.68518990146464,61.27703655628581,-2.0304326474430154,0.535518364460717,0.7075528311402199,0.1388166822433209,alerta
0.2645591600059931,0.2949474224795401,0.20593090900784355,27.934240402045422,96.87139791915006,0.39134155365025924,0.12566114557958274,0.5403394426232428,0.37573107658203614,0.08392948079472103,28.692969068071392,39.55331779937363,0.532026916929702,0.9903260945268656,0.04545922559038451,0.07903267573291206,normal
0.26498605855169505,0.5830755791755422,-0.17209856964490214,29.942176147325387,55.15593052277523,0.18194581347427818,0.13837856254191838,0.7337092251752223,0.2007620498432227,0.06552872498155506,37.90454634373246,64.14430007736088,3.6277880311581594,0.7380418050142062,0.8385603633980176,0.5888693902072113,alerta
0.7202023041619675,0.13129284338592975,0.5228649242331236,22.58004041257865,26.832305798840533,0.34371487902398057,0.7481617990286962,0.4262633262527603,0.22875978483336348,0.3449768889138762,38.33300998140835,65.58689529212359,3.7577008054139727,0.3273455413990166,0.9893550151275191,0.18662149156682672,alerta
0.6156380544873401,0.6868817468747918,0.07970734816974234,31.0329276209281,112.01461262998227,0.5680158776101698,0.46965425695162355,0.12530703943484284,0.7121575668371722,0.16253539372798487,40.68581472722424,71.43546242376763,1.5458167270156684,0.8272048000867352,0.47248502537138215,0.49855764028177596,atencao
0.5161457973383835,0.6539715183542679,0.1262902662976415,22.32194630473036,41.35159148723661,0.4337769670201293,0.7829341727398672,0.43999264863256704,0.12101902959796428,0.43898832176946867,31.39480687732832,73.0605757582737,4.353583451596116,0.7689840001764066,0.9695903364546007,0.37006206286997556,atencao
0.4011813388864517,0.5340730440971643,-0.09034017656540444,25.139118639323048,19.31813180248497,0.11299626259354664,0.7462548943502054,0.17048057102847086,0.23611251665833982,0.5934069123131894,33.606279486454554,73.53863441053036,0.5005609393118728,0.2816357933534568,0.5473287423431494,0.8038763771441993,alerta
0.7640403785691757,0.48559402056979983,0.1003162145695235,10.22059133663281,67.57972661447458,0.40621397319893776,0.6046127135052216,0.3070996020896874,0.28172641251959485,0.4111739853907177,31.173183528383227,68.17221968194829,4.001324397198815,0.014307489794234685,0.4596159958719498,0.3204896372653623,normal
0.4247115751958448,0.679996623790774,0.2626265877414599,30.751603424040663,113.25289444137793,0.5067798945382315,0.6863666065786795,0.37273648191354314,0.1641764077885412,0.4630871102979157,29.37039097147326,45.79055932093291,0.08658730698810935,0.1181626385339496,0.33140476472745506,0.4582654823968083,normal
0.7216196076301039,0.2204646166936644,0.33850056641093645,29.840280368341734,0.459634860038709,0.5652572137574884,0.01835572437914179,0.5293740021563463,0.3556396479583201,0.1149863498853335,37.76756034613935,55.21178779197397,-1.5049749332030595,0.8773061903120576,0.6575548758333388,0.7212855485978258,alerta
0.45739443599915286,0.1513299554240386,0.3407878703034261,11.152026319790338,28.57498119047985,0.4589264261122733,0.31177764680502196,0.2654178096282376,0.5297954442730785,0.20478674609868394,30.774081365288243,73.80649863071993,4.2477162629038485,0.8365630353048717,0.2298204205250446,0.43335120693063933,normal
0.4138611005974353,0.25568161044119975,0.19120744578997512,21.047503221853994,112.61371684924892,0.14922780695150942,0.6378221792594102,0.24291942222604687,0.6503144191065161,0.10676615866743706,32.278540513869984,82.67134917004066,-0.5085843188901764,0.29520900087836244,0.10493421851440432,0.7932155360131891,atencao
0.47387584996872445,0.6164758811551236,0.4687058087447787,39.37095522375002,20.530316022859445,0.5116126232836044,0.0093449534862442,0.15800784838787268,0.45591332340585444,0.3860788282062729,31.862452179608475,38.9473482418311,0.5306369796001551,0.2851954262844204,0.02723710258421408,0.6616843562366649,alerta
0.3609645119148994,0.12253567337221416,0.3947966702101931,22.622096877058503,13.589214196778382,0.4902721999529856,0.03297694368259341,0.4205407477390271,0.2803060900060159,0.29915316225495703,37.11524083599468,61.776833889859745,-1.040254307223905,0.7928649871024711,0.29238011271526376,0.410529113946716,atencao
0.6733265661233758,0.4788244428042683,0.3434908974938317,25.05836215395525,68.42246589597653,0.06587747391141159,0.8518879824703832,0.13627872813871147,0.3888461974984914,0.4748750743627972,40.602525643881556,50.626113566215324,1.965538402616568,0.9377374698954221,0.39577083216703823,0.5039819256863627,atencao
0.5019042730647354,0.7470343855243514,-0.2527353065716085,37.29790474479155,103.42125879537959,0.317635983933658,0.6840248616920718,0.4650289843329591,0.20371919913324715,0.3312518165337937,36.33485304222542,46.26969471584149,4.955281025054319,0.7791372567975999,0.5520766962812478,0.9672034558421935,atencao
0.31254888660277214,0.6562024609944006,-0.2941537321132981,31.517856275972694,57.253178123271134,0.2664176605255426,0.26536973312034395,0.11604358541727094,0.5547025768020988,0.3292538377806303,33.016904133601955,60.290534175985755,-3.770378060217073,0.6055786770307615,0.29274982518700643,0.6616114965083923,alerta
0.7797022012921979,0.4389396978783332,-0.11941981438384797,27.462103933726706,119.34771080214297,0.48511784176486816,0.687962840118709,0.7093585836932091,0.2279842561775862,0.06265716012920473,38.24648695056102,65.30446702782683,4.098632054063913,0.24267135033180454,0.9840595723854112,0.9049952259723248,alerta
0.418723854961248,0.14136659103631755,0.26399505482643454,33.93414044023218,81.50060394455915,0.19048827800209844,0.7924566691392633,0.7988050143970232,0.15375673705022538,0.04743824855275136,35.896512510076334,35.488611570974065,-3.964665487096611,0.5257479140952607,0.2917451682411676,0.17875850347106437,atencao
0.530487002779792,0.6403927843507113,0.049517865550163964,35.930987993679196,8.88898886525373,0.43406674993326794,0.30679428311010126,0.21563401974629343,0.4605772289724623,0.32378875128124424,26.03037607100283,74.01032861005955,-0.7219490696841002,0.23351185859326462,0.4409753884464087,0.4832361562451519,atencao
0.7845304776751828,0.4893360303151869,0.042045320404415,23.706642152118008,119.13985580183704,0.643583875179212,0.03603737749918745,0.43273250635762317,0.21045313197935325,0.35681436166302355,26.62628096912031,75.99410656297238,-2.4825387433943713,0.8080114200967736,0.10327616553190033,0.9086616698450506,atencao
0.5869665971397945,0.17470644808871844,0.45189885499517174,24.25325094795506,48.94730841362285,0.568571541935595,0.9327791246877345,0.4436317343600876,0.19359553733849008,0.3627727283014223,25.644588049251766,83.27554122839665,2.8160760260529614,0.3869610795177373,0.26062651333707565,0.32261206144141763,normal
0.23182862849585484,0.16100723513518153,0.461228420912063,21.581528069555073,34.4883040614579,0.6489475285407447,0.3451798382956305,0.8517806184833904,0.04350611567520418,0.10471326584140538,32.765877545507436,44.032186661234746,-3.5445024331854387,0.8336972169940262,0.04833213978899109,0.9676641981464208,alerta
0.8078824865294326,0.691257432633785,0.4727989744455479,39.001184200553816,66.94550202934627,0.6860288785062485,0.10648176328470638,0.49376168296672407,0.09427765553632886,0.41196066149694704,39.0395083837624,64.72762811804739,0.9813645822589514,0.3816092179827253,0.559508633437328,0.09707749047365744,atencao
0.5893956371499924,0.534980170909751,-0.033203634962226725,30.914987628710513,36.51691101850372,0.0569355825540058,0.4918568713931474,0.6379029955420429,0.1231687523990657,0.23892825205889143,30.322413878972984,56.33126867381972,-1.345664795392186,0.8241494051998913,0.7510646831324317,0.9026711702750368,alerta
0.38443393025996025,0.6390364195558911,0.28739744082837254,12.496691986242169,10.374900854418279,0.45478182964536035,0.7684677956641338,0.5873938046116863,0.035442713581693715,0.37716348180662,31.53072311257219,51.741392577767535,-2.796967760217681,0.33331781516524195,0.19570981433606793,0.4452121220658587,atencao
0.24749045086437108,0.6713362851834738,-0.06911179591678576,35.88878869939055,0.17140116950120632,0.31834560854328914,0.22164731461755915,0.21096745760836494,0.42170298453049676,0.3673295578611383,40.46111084225414,63.281672571875234,2.946363908923767,0.44013270461766985,0.36791093781607076,0.07374416514116067,alerta
0.7058176324892071,0.47165202883140944,-0.13798164188671766,24.416798225088044,53.950002350431475,0.6089054187178291,0.26949005013336336,0.39184987858549436,0.3443550508580251,0.2637950705564806,39.22735857038313,74.1191546611775,-2.0432484917026894,0.6154884193426575,0.016616226727160566,0.8795215925860874,alerta
0.5840509291499595,0.43634012864077687,-0.14306241125473615,12.062617192674624,100.42361066719107,0.2136795563059356,0.24271498679858317,0.041002874413189457,0.6153351553421994,0.3436619702446111,36.30581791050352,36.15263917226051,-1.9869230915055498,0.07028761402991868,0.8395220557222121,0.25194021240911346,alerta
0.523422764383425,0.37977781670864363,-0.00920852226594504,26.491517654899333,68.67782227560919,0.6876691679247995,0.9916730528316782,0.19665039336537488,0.4563948468954603,0.34695475973916484,29.535664295568274,83.47000562830934,-1.524308933758693,0.9482070618154644,0.7799635249316695,0.022250125495225204,alerta
0.7757248081356704,0.30601528206422757,0.06546397681284849,22.51492836927106,119.9048758732129,0.44891018020343565,0.19740373373054254,0.7370935473335635,0.17554876536827477,0.08735768729816192,26.98970520570354,75.49407928528554,1.2809008744522465,0.5736057861238032,0.06325403087429238,0.1358071055691923,normal
0.7020180478571715,0.3824873745581626,0.4063067953968082,36.33248214587874,34.421597477663994,0.5657993114487401,0.575520216966124,0.4177587526548102,0.49496155637709766,0.08727969096809206,25.272999985561935,72.55768518227893,1.9369933852167343,0.5078200146908023,0.3648676093204113,0.6591147418997616,atencao
0.2561724158129258,0.6030217762246016,-0.19809257054819468,16.11983810828162,33.65460777120664,0.10563970933479941,0.9252646416569643,0.37617151534884796,0.20764121115126793,0.416187273499884,26.819181434275155,73.01936910902518,-3.841577286687895,0.8393939711199121,0.9552866138494954,0.9778114891381948,alerta
0.36820544745688377,0.4912502301598355,0.3246869702856601,34.79393828476549,19.169935228073307,0.16924762509326224,0.14689656887777924,0.2013444864999898,0.41287829318543084,0.38577722031457945,29.974139541607027,54.45303548093263,-1.823173274975887,0.8657627298968276,0.39202705607897703,0.1114621395835168,atencao
0.323942397870126,0.6801401384706499,0.1517366770609096,26.730660735563582,19.68763059184022,0.542962387472232,0.9708541978677002,0.44904911153100857,0.30791759808800306,0.24303329038098845,34.38043108085142,72.58102754224069,-0.12126241745245459,0.522260404529016,0.5262086767240161,0.461948048124762,normal
0.6707624048008739,0.38819700934647206,-0.055246458725406344,11.638309096404072,34.222391521205736,0.06429123932556034,0.9474772343956246,0.2685670391317639,0.37575947265019843,0.35567348821803774,26.08800140679058,54.33851043014788,-1.012207430548902,0.9272623257936373,0.3552428610103552,0.1806365509475325,atencao
0.17347270431504555,0.49460822616719013,0.11889664685290097,39.15535903976454,95.14080543282326,0.5809706908309588,0.8845719870582626,0.3635145496358008,0.38099165796510304,0.25549379239909614,27.315872231413632,79.93534147873964,3.9575359265979744,0.06473776607648063,0.5961313881282618,0.7450365341015921,alerta
0.5489227794099215,0.5103499095097926,-0.0450492406895307,25.378457323095997,108.69081487637375,0.059066862149742445,0.21455652133000225,0.5638249840194892,0.3438119736875644,0.09236304229294647,28.078371939234998,43.86111916532349,3.0893785779777687,0.11322579225121754,0.9781568756368222,0.11805889976181416,atencao
0.6837210800184833,0.4846031554991116,0.20666966195256015,18.726305626947475,117.01046036492176,0.4771272453898276,0.6340550560109833,0.3429213139143374,0.3192346862879899,0.33784399979767277,35.74369558071621,49.617371210757575,1.6330119398494478,0.5967882300144401,0.9975025034811971,0.23984174848088957,normal
0.7637359457332246,0.5567119525055856,0.0687673344269576,24.082205259677743,27.874758491574315,0.28731104815067376,0.7608914729612402,0.17294508306440998,0.791067334344914,0.035987582590675846,35.46842658266212,62.566877134953806,-0.9576182560266422,0.3540658617935837,0.7747149780111912,0.19640596764907137,atencao
0.3894572241011352,0.2543317544436241,-0.16025530028295304,35.73573350552467,105.755705473691,0.44747165426747937,0.9860279281964297,0.5012958045161607,0.16074042319037934,0.3379637722934599,34.3630173483266,50.960551794363624,2.306051103615438,0.46422516618919885,0.4043110980204393,0.5525197803669779,atencao
0.724880113270409,0.433036455404764,-0.20090438662765775,19.147093731551905,39.390610713280445,0.5024204145429239,0.18042382208137042,0.3160889492828331,0.4292280186844304,0.25468303203273646,29.258524219830974,56.21186226476367,3.5927421156121495,0.32807921789716654,0.4944322008289883,0.8731840920006323,atencao
0.22744221586864505,0.16774612182542598,0.16469132976131068,15.78029189460101,13.54086534202613,0.2726088924710977,0.7660258995192964,0.12309611022885951,0.5893919573869159,0.2875119323842245,31.309034750718446,59.621134469929736,1.3534733962308803,0.4047253114449356,0.35673132811230546,0.5110902011564186,atencao
0.7425166042141628,0.34993236296912816,0.467051078293188,13.872137407926443,104.40299106241987,0.12017559127204311,0.33880116992711296,0.0902453150377734,0.613194704446384,0.29655998051584265,26.643725177741633,77.81766744067544,3.0601532020404125,0.8226463471462995,0.9855746299043462,0.05824345277147125,atencao
0.23924206363238767,0.41698359460382184,-0.0076359664259672555,18.93578195170634,76.33267615723423,0.09526981403637266,0.17562646556800232,0.6534251856007343,0.20706649458282333,0.13950831981644246,28.849830263886933,61.15961268043464,2.7419446525977307,0.5934761998543047,0.7077603058254037,0.5633889305968313,alerta
0.42810110339225704,0.5239457687045571,0.32305009113922983,33.401442611201304,19.767707529727407,0.43280841466565606,0.42137694121385494,0.15360590099415866,0.5078867422592681,0.33850735674657323,40.26098885003387,53.122992430728026,1.1456358004429,0.9973445492834982,0.44893144543351127,0.7975209993180093,alerta
0.7081067560456875,0.7178451841810323,0.25986215169880195,24.14879095585785,51.5797509015603,0.3884259799271724,0.7938359121486164,0.18711321456260896,0.6307916904301825,0.1820950950072086,41.65475968940908,47.38680820175579,-1.1903510486064013,0.7868791978209629,0.012115270109602339,0.1321561973043227,atencao
0.2549421991441416,0.49042319325643136,0.49182167716305897,16.8244481108062,34.47092338524812,0.5324306559287361,0.46484980370405216,0.3480063380746567,0.48645164800397106,0.16554201392137213,36.01021295588501,55.43379893960986,2.712039422011446,0.27366625410182666,0.5204834143905483,0.07271121434459171,atencao
0.310475976662849,0.5833360455147639,0.3978338647042698,14.985549988292476,88.41534824522364,0.3813280815025591,0.5375231002030485,0.47667702230955683,0.3017170129975179,0.22160596469292523,40.585995964398144,60.78680522071849,-2.138832702781542,0.2643451177266962,0.9839282017016179,0.18780777755756906,alerta
0.6555767978751464,0.4290729386718818,0.1816144700696436,19.981884295311374,54.40994767491217,0.3245897635200714,0.9951594102001212,0.3229531792082089,0.49408824148781044,0.18295857930398074,35.926612306824225,72.30574286016181,3.015395118243804,0.3358982701170071,0.5230609089730519,0.7460863228216275,atencao
0.654025575582252,0.5121676203946154,0.25847592349899123,38.19773118657126,118.71359341276619,0.30875666585355,0.399109299557426,0.3820823197780248,0.35662100314359746,0.2612966770783776,25.56434026379299,41.052438808616934,3.240920229282797,0.8432594806477427,0.18242668548911367,0.5916804195320016,atencao
0.5988033430197081,0.14610594048695275,0.46362849659642974,20.29080137770073,6.5693978711514145,0.06719048668848385,0.6154007547092398,0.4639590749708755,0.2933335620198665,0.24270736300925802,41.94496394476896,46.08045941195755,3.3993039161333574,0.027287650650565598,0.022093747104774852,0.5405946539617489,atencao
0.63576391112697,0.26535452754720057,0.03959096689889463,39.64372227863906,42.6018319363496,0.26811218110282714,0.36524420161537186,0.1674232128089738,0.43377045847644224,0.39880632871458405,26.682189128671094,53.982700793433665,0.25624373880611806,0.23018127887125772,0.35470375812420907,0.24947989463176834,atencao
0.5299071103433173,0.33520451058334017,-0.022224500020889215,24.556913672960686,57.82802005319729,0.6844131023909212,0.39278564632870494,0.154460688674481,0.5649774494430821,0.2805618618824368,36.60491062456603,53.019920255975734,-2.267673090066205,0.904918420344267,0.9182280556966069,0.33223659524685945,atencao
0.3262593412348669,0.4071206807542338,-0.2908105789100831,15.374917548704527,60.37602656979837,0.6178111245476077,0.6956407534454081,0.6095230308086452,0.0859411926720872,0.3045357765192675,29.29821545227143,54.58740438026059,-3.1024875994053813,0.639896436083252,0.996554108175881,0.9658850129433423,alerta
0.3919871954527436,0.12967168457654943,0.40256841306274466,36.73420275380528,37.912298686276415,0.26409574357224147,0.9378869760948835,0.01134571129841076,0.34489764761109737,0.643756641090492,31.663678919418324,74.67606323201622,2.6902512543913177,0.22684709550105642,0.9453679748120026,0.2406252267293857,alerta
0.27711840176099795,0.1910156634096565,0.38083359534286026,23.810661194044805,87.50882989170816,0.43206701329314184,0.5423589504923214,0.5064471195576785,0.3124281781822117,0.18112470226010985,35.98088114161595,51.207720148108656,3.976352460768319,0.21914496823258034,0.7294199932542568,0.9016454232550885,alerta
0.7859153929335398,0.2799293000643488,-0.21121365961487132,31.290140305135733,104.96964881867697,0.600742884598071,0.7683999289487798,0.13483544607572598,0.5394067923489718,0.3257577615753023,32.42028493823102,60.09490902013323,1.8575452295321604,0.8626181017594305,0.5581427284406553,0.5805315044577366,atencao
0.5583742563362843,0.7314962490856829,0.1903287739627953,39.51134749627455,112.64631623734357,0.33682831888754455,0.08920655881696382,0.91761361617924,0.03511932468362785,0.04726705913713227,29.259283001829182,66.19535164289482,-2.7025594565046736,0.8937575082770465,0.590686146382252,0.1232964663712478,normal
0.4305959917345479,0.31537555461698297,0.09438444344185432,11.50526050959922,96.61120521594314,0.06167261143759813,0.21115803743192696,0.1775248802983068,0.5103242380979156,0.31215088160377763,30.68558517693152,46.608927509180255,4.414068036658167,0.2561310909621153,0.5389920090919609,0.467312378155068,atencao
0.47340406255089285,0.41332668777285364,-0.19909726881725523,12.900836793627015,102.06962367679193,0.09843180018211604,0.5021316409195324,0.3058578546187986,0.3159672921932286,0.3781748531879728,30.806317987693998,70.93476935737695,4.9019181308538755,0.42051035807653225,0.7070493049229883,0.9485487173608759,alerta
0.8130983377282707,0.22746351327995543,0.5334829930016152,31.613702243882685,66.06543607439946,0.3817552688766592,0.02001172362877479,0.5711739463395875,0.2901675671600767,0.13865848650033583,41.308506376639635,62.355565986914044,-0.09959251058570251,0.8345957386283172,0.41887322669535243,0.4185655981373586,normal
0.25734598218125615,0.4970070461992494,-0.11750849565614785,18.45475009886416,99.10658717121775,0.6801355941893209,0.2528549787625588,0.41443041937863173,0.20643236398476705,0.37913721663660116,38.57642127069867,57.339058151568906,1.353427603463941,0.7710074386098854,0.6692040049557655,0.8633865647893623,alerta
0.5603608824117581,0.2824440900853833,-0.242850946923023,15.529041908502972,36.420469097754264,0.500586202442264,0.5174012898249661,0.6344247376630475,0.3479160901961955,0.017659172140756896,32.7953291151498,75.4892013369157,2.99505668001492,0.8139161065660845,0.12161211495720103,0.2564286946517077,normal
0.5041220752191261,0.23454517598497743,0.20562027257662324,11.180856394591885,47.817451453105726,0.09609552443507019,0.014961198256300712,0.3698425808790771,0.5286049027734129,0.10155251634751004,28.39695564580319,47.1747629592591,2.6275081104504023,0.5183981907879688,0.26569530656148377,0.570922151800373,atencao
0.5780179648042535,0.4357722084898864,0.32803667556307786,10.655401359586055,38.02956165822532,0.17308456926471077,0.2645462862260417,0.42195510891255805,0.5517149168418538,0.026329974245588254,38.78727387446515,79.15879853071615,4.710084727401043,0.9115490483051731,0.8360030388086295,0.8438520582019737,alerta
0.16267712867458836,0.10357876945427354,-0.2724230708598911,33.23456809359372,56.08648025375105,0.5513600430909525,0.5140308194758695,0.04224460402643764,0.41276204571760367,0.5449933502559587,27.67210201734235,63.052436768335184,-2.9660521802909,0.32595154395443526,0.9037489307433911,0.9206884411696955,alerta
0.760486736260906,0.10498162122199647,0.25990999291796896,14.0330028210865,34.269553948636364,0.5969358439715591,0.5731492479812457,0.007502556361215278,0.6380386799740252,0.35445876366475954,28.57785769141406,65.4587439689829,1.2265237952852512,0.15667213434751803,0.5390082375602997,0.4858233671513007,atencao
0.8024827977385287,0.24239472591620756,0.1524480945587363,24.031618479134526,115.39337307053361,0.451501481022584,0.9257516930553055,0.24741521094145016,0.44495693404209885,0.30762785501645096,31.22222766128257,78.75294820844714,2.227382777057829,0.7087323325648648,0.0316356172129324,0.639688102145429,atencao
0.5455932285124462,0.12386888562553375,-0.21222474245620881,28.17690445538449,37.54135536068018,0.46887506025938075,0.6453456232506078,0.21401182201093488,0.7808955507722163,0.005092627216848807,39.96591932948383,75.8791343924668,4.010885817689031,0.5393544160068964,0.9269735707917681,0.0029801307823309475,atencao
0.6376555767138246,0.17021674018494942,-0.15335470459559222,22.850554017065388,11.76534457331278,0.06841934274920002,0.41473580252999376,0.39328153209563516,0.3990130596514231,0.20770540825294187,27.240373366779874,65.07810344109501,3.8669866494633567,0.854585768809481,0.7020642580272864,0.2532233075133896,atencao
0.7957495668241069,0.32025942207018854,0.18277815271866849,10.813199570086994,63.218059926049605,0.5885446687279805,0.9303511771330678,0.187367243595345,0.38075613844933587,0.43187661795531906,27.07798127852694,72.6593851924087,4.801998142051609,0.08115924912471495,0.4140279237553608,0.27871210374694577,atencao
0.645067044019379,0.6216806917268783,-0.04809602851370487,33.50504507763726,6.851889413421164,0.5623788853110392,0.7848829833877943,0.3933739445608336,0.507766360201999,0.09885969523716755,33.39757480118952,56.66597451164484,0.6087060854391115,0.8436924034380668,0.5983789431994964,0.0934930116544308,atencao
0.25677733003998293,0.4718316181900456,0.49756836935361876,10.315396736249605,13.265179957029662,0.21837284366717563,0.2000089211127476,0.27818613087007993,0.08168973224743303,0.6401241368824871,29.69897919859247,62.36888767498731,3.476847801319039,0.2932946532088222,0.4297748344413661,0.27969501335697666,atencao
0.5534018521167692,0.4332340218716707,0.39592919506144325,32.85669683132452,26.326726703549554,0.5106398679775794,0.13084236134881977,0.42073752156674404,0.5340983332350558,0.04516414519820013,34.668375008018714,38.103506835425556,-0.15446462685405082,0.654855667168183,0.46533922673205097,0.32112203305813913,normal
0.5747005324679991,0.2907677350852791,0.5360321255366136,36.79913481364368,55.722029985857006,0.18965549417624877,0.675811635742733,0.39232936345478225,0.17857855556473134,0.42909208098048646,32.6778236396148,39.49289590000234,-0.19917509929570976,0.04012878907825579,0.8868098656594017,0.9687660395681933,alerta
0.44689146991167017,0.7056399176313306,-0.07927978689214807,22.985197631715167,51.99011187708335,0.07621460468348344,0.5598831655769838,0.01969474643274348,0.696428933511589,0.28387632005566754,32.394304807970684,76.4712702093166,-1.719864719744269,0.6095812963036007,0.16108424691711154,0.6686023805608377,alerta
0.665510964937306,0.35805977680417456,0.5242650878782806,26.066274192933946,95.96302344033494,0.18073875268374523,0.7896736137927557,0.038341802868231335,0.618598459140439,0.3430597379913297,26.903540498278886,37.983582784124835,3.364135583173068,0.717271689187336,0.10366913548223677,0.42600507941634425,atencao
0.8040569103383104,0.1566102984172515,0.06654878932282421,24.309501778529615,88.73695846609361,0.16610876989029466,0.7388050500786865,0.7377654962285181,0.18329148068177248,0.07894302308970948,27.397844734247283,43.46995628163036,4.87233595232164,0.3687502145056203,0.002728744513015746,0.9880544606955093,atencao
0.7978979590347434,0.5010932354765708,-0.004609023983308536,21.676258558703164,51.15819527888416,0.26953619787765065,0.625211533857515,0.23889346040184167,0.5434182067649888,0.21768833283316952,38.95833581659645,74.79163294752207,-1.692924444874679,0.21541070526214023,0.3140003756121267,0.1532323202346112,atencao
0.4655875599828925,0.1739949557597909,-0.25720290207604973,36.62273606111081,40.04450490907559,0.3219921731640477,0.9863821716288922,0.5315310034438764,0.3610998465377461,0.10736915001837745,40.060006538719655,35.057297531412814,-3.494815707810349,0.537630676603545,0.1474137664844274,0.47605119393048456,alerta
0.22926663208852865,0.3243950428210999,-0.2551495308193378,36.818005320099715,37.97625408737983,0.3805502794735101,0.5335897301104087,0.08167351723268736,0.717419128140821,0.20090735462649167,28.989620059049255,49.12021644229321,3.339881936771066,0.8331908044356465,0.21998549513811116,0.6470622070490494,alerta
0.8393888392736342,0.4298177601665758,0.2882095675546566,20.074490939246036,92.87941047528108,0.35989001908041324,0.11310575650171983,0.19519945649726164,0.518593712348234,0.2862068311545043,26.928828525921073,64.2019328913311,1.5820704728128057,0.3235473582966508,0.011238982665376929,0.05558063448407702,atencao
0.7372286605121539,0.6682446410453643,0.08923964526892375,28.45209262044094,6.248688746552369,0.22593849387743808,0.8282735648159884,0.369294939280647,0.42997139327524525,0.2007336674441078,25.90808342288668,64.77249657346482,4.637289204959039,0.25246929752127956,0.2271954146877032,0.7169988580831188,atencao
0.23726387684228678,0.4208052772210772,-0.10745661786931013,37.80722686437592,1.538597941272699,0.0689609345731484,0.251853362345709,0.38094471161342947,0.24402560662564693,0.37502968176092366,35.341059433612244,73.85764541147367,-1.7298470283074296,0.2789353086376877,0.33271158193237393,0.0998673529219899,alerta
0.7945893178321606,0.5564681979205818,0.22187476037644777,38.86175496824055,95.46532703119777,0.4433160544541479,0.7773021481439183,0.7243550110706714,0.04224024128810288,0.23340474764122576,37.1610046125035,60.296312724608526,-3.3607510779884704,0.9491321529166644,0.031567496409881324,0.14028230859967694,atencao
0.7589274534434898,0.7453309453493957,-0.08507059948740547,25.268771212661427,57.25756511868592,0.3072341394007803,0.9571070960000514,0.6338860071176681,0.0016957222187391097,0.36441827066359284,31.337769816454493,60.47009347654851,0.4319803477985138,0.35927691576455967,0.6079041242971477,0.15968951246208407,normal
0.5131866399882504,0.18546792793368805,0.19098699119275925,23.5847441585298,15.705736626429116,0.24413690230190727,0.6967955139643413,0.5632002625669668,0.0730729487461812,0.3637267886868521,36.554489747340874,71.26552877703503,-3.2308057933136727,0.003604239888287175,0.568800348883758,0.9288898266555178,alerta
0.5638928050214504,0.2785754915876877,0.005327434935286812,18.360829477855773,28.267912151340152,0.613511677839833,0.5960301609498011,0.40602411041949177,0.5342499717951005,0.059725917785407714,37.12029986451194,59.93122316331417,-1.6438899900756327,0.7816812079596197,0.09703577850992506,0.6832355451381678,atencao
0.42930189270909114,0.35647444913847015,0.4000193926200463,38.7661561957123,111.9004743716859,0.5353831500688038,0.4603861756750406,0.3136401143770401,0.6627906110789299,0.023569274544030003,40.90081878374739,65.42455432818085,-2.8661992526274855,0.6992747953353902,0.595009777518401,0.6554275011031041,alerta
0.18833314717542193,0.3741883160502404,0.39759173665176245,14.28442913418602,103.14035707498776,0.6075476064420874,0.36440986599540326,0.2548311931961756,0.3054768761470172,0.4396919306568072,26.102851843196824,79.88870341275255,-1.9828103830592916,0.12856826460296888,0.9986539186088776,0.5554934964649921,alerta
0.3846380691521306,0.3671636989226048,0.10574783840404117,27.39488728143175,85.1742060268767,0.3717388165630996,0.35300475097183626,0.624870859372338,0.33825939703432933,0.03686974359333265,28.268959294928358,55.072550380618594,-3.044698124607473,0.9849042491349125,0.9444689528115406,0.2928059986951028,atencao
0.7119974140186079,0.6899471516617607,-0.0018037570652367219,18.476508025559166,57.867027640479186,0.13510531388240535,0.6363727057095906,0.7063176685309934,0.17203506474369085,0.12164726672531573,26.1649417891488,54.256253545961115,4.585153994845568,0.6080622853051112,0.002670993367663299,0.6208897045993514,atencao
0.153242416103222,0.5641212189034567,0.008175827075230402,18.3702487104339,62.43883514296628,0.502543933478827,0.7512731169377459,0.5054765682074277,0.48099922515837074,0.013524206634201568,39.75589686671388,35.17744959323856,-1.4929355789523804,0.5007794909406015,0.7953783113303596,0.4101497198886398,alerta
0.3834494201838009,0.49513838915895747,0.3848573468179853,22.149057621285653,117.02934423407503,0.18394795695916388,0.6785170694844144,0.2840562739768159,0.17718815744897007,0.5387555685742139,38.47398172057066,65.6713130760616,-0.004921726066910992,0.38221926762289105,0.35360527623648597,0.14541615009261488,atencao
0.4287180855136603,0.30109226661080835,-0.021047439622029762,39.96378807446963,115.89245326611446,0.33679928490961586,0.19841010119356273,0.04382419761391306,0.5736023404950665,0.3825734618910203,34.768915200571264,36.4885953703566,4.087506268708001,0.8986727555636379,0.06365137033462742,0.6895972903277331,alerta
0.526176922056546,0.6354637497438416,-0.12229953234918087,11.648989205194662,25.832285494300113,0.09225051281677751,0.4939871801434912,0.367880748008141,0.3632374576532315,0.26888179433862736,26.422277970870113,60.20742448641582,2.095894291653269,0.24396348141856328,0.29598321371620806,0.12958216792992272,atencao
0.7938989314889323,0.7207893324652428,-0.22801490940598917,27.356254546105944,97.33254795663818,0.5864504615749385,0.791640072183063,0.2775714525704801,0.17314065374833312,0.5492878936811869,29.646310097113233,75.21168945161133,1.5623373250559691,0.28576890021990187,0.3217365163129623,0.19066858102117323,atencao
0.39244219605617287,0.6337788836576472,0.09668915275174716,12.477164741058315,23.669119940042016,0.13186141668087537,0.47570407818905625,0.2960970772265265,0.5115018004054582,0.19240112236801518,30.061237416994786,62.49605352598316,2.350068713247534,0.1224108066865669,0.5232442393090568,0.8176993118476059,atencao
0.3928672413273594,0.10101731837445739,0.10981228408186566,14.63562489971557,25.624497346074165,0.6370133795820513,0.5366232797354938,0.2878574686335204,0.05901388056929349,0.6531286507971861,34.53263433226209,48.4818082608338,3.4594003139484366,0.75911909558426,0.6610837672688546,0.660117096125154,atencao
0.6662508736768239,0.5136608906192146,0.4147724038424712,23.18688825318696,81.13116409974921,0.6117498914700121,0.7711360481708222,0.5892928639983751,0.26439408779750695,0.14631304820411795,29.386746198624163,74.30842107246856,3.8990234106658486,0.5955492804058533,0.749055612208408,0.6309911542136424,atencao
0.46655255862286493,0.1332379979373655,-0.11194710802084559,25.31380394039324,48.60013183050581,0.35197879688550987,0.6612653062650915,0.11275299218163375,0.45191448944585133,0.4353325183725149,26.240317686520232,48.48585020412694,1.7837570359852384,0.6090661692544983,0.24590304256326667,0.41820278434272407,atencao
0.30722337605798733,0.2674446932169192,0.023842582618139985,17.76377225093572,111.78532885278243,0.5338393327975939,0.4093449208823926,0.6499685657563566,0.2747008332102764,0.07533060103336704,37.42295913150609,71.65158904729493,4.01006547224652,0.21847043101946362,0.321770570248497,0.39628051823937116,atencao
0.4667076612928853,0.1386910552260516,0.38714487805963743,19.493713926232488,10.68116818752106,0.4526392979817996,0.895412711194219,0.3451720646757733,0.4269885689055248,0.2278393664187019,30.08436359814199,65.51292275951155,0.8185777468292921,0.6511683891270839,0.3083817068597352,0.6902626091854012,atencao
0.2485999142658599,0.4924670444171021,0.4000800691366276,12.609010607677991,61.38307689713916,0.5719991675195342,0.1625670686634786,0.6617387482585846,0.2786379161564121,0.05962333558500326,32.69036100939611,43.49981483740006,-1.504382293584189,0.765458447246864,0.36273686812087647,0.7400055386090457,alerta
0.2734708905543563,0.5462834437701944,0.026919414581953016,19.096593515327516,110.22258365317455,0.3306733155108428,0.9955164485903247,0.5546843681623851,0.3173500376014536,0.1279655942361613,27.170332794699192,80.25669374220928,3.9206903799546,0.35788853072568927,0.9996563089563387,0.5102132023643106,atencao
0.49885744091763584,0.17441696474283835,0.09025541979367879,38.996753181416324,108.49363925754062,0.5607755147588275,0.1188525784762372,0.24218728604403433,0.44209165107762066,0.31572106287834506,38.64332115770785,45.03218414785979,0.873255446717784,0.8013471439617122,0.7779433028274259,0.9692692443485262,alerta
0.4432478146531835,0.3494952739792367,-0.042206992778109464,38.34122145017445,18.783505609888948,0.35059693109234613,0.014949971104238902,0.29849880988046745,0.3464026823689258,0.35509850775060675,34.61404190770898,84.47935370703348,4.155238288105108,0.34879058853202094,0.974990465268697,0.9556995589188719,alerta
0.79039213074767,0.39655373082110235,0.49267164665641533,20.046348704109548,43.99652401157478,0.6616277620978159,0.8900189011487647,0.19105887346012423,0.5614946179868218,0.24744650855305408,40.326955645567665,35.36552443274704,-3.6384896744447692,0.7581384615092877,0.6931110595470572,0.41242949001275864,alerta
0.4036757293816432,0.33988446414459583,-0.19915279911965672,27.12561808836285,74.29456800560355,0.36614186553634587,0.24495350836595609,0.14032494449021052,0.31539329101966324,0.5442817644901262,33.42301657211067,48.17416885714515,-0.42235823612888,0.03373010745771898,0.4062707016472843,0.8206222542831536,alerta
0.5564118451946304,0.17866625031537547,0.4936870095512496,37.28786173332833,19.12738617256826,0.35070252675692415,0.7296996274467209,0.6547386140657137,0.14657483800502025,0.19868654792926607,41.00423642090395,44.993014863709945,4.5302451652622135,0.5511646014736526,0.38974418362697494,0.5432678415984153,atencao
0.5925850015436712,0.372316063621859,0.2812864840600418,10.1855146792269,116.16266064548864,0.5602967100162832,0.8110153749320693,0.405720078487787,0.27219693117795063,0.32208299033426235,40.161759474482544,35.699670508523134,-1.7531491651752753,0.9695265606398866,0.4885811449750451,0.5117558875571745,atencao
0.15916611961183355,0.5882657310754718,0.15183632978372158,34.32050711012776,109.76991944731924,0.5840254996445446,0.8589863910321168,0.2693318616609115,0.5771252270744811,0.15354291126460742,34.799817559806975,71.61839500736578,4.473826214346433,0.9812446006823907,0.41686978336443736,0.05496406137865184,atencao
0.6144761604116974,0.14615498194661605,-0.2722397983331785,38.451086583667575,20.034021484136304,0.41041792430876095,0.9915942356641667,0.19537359976250515,0.6573988844602372,0.14722751577725768,40.87618844854768,69.67129010497982,4.585122150163249,0.2817525783417406,0.8283262460927457,0.5739747104683102,alerta
0.274625176808826,0.15211700915323725,0.10425676304870712,12.739772030006712,14.538655351318251,0.166868578771799,0.29403971003999907,0.4082584893820623,0.48493542569502884,0.1068060849229089,30.49250870400739,74.61754821774653,3.939280828032749,0.44139909108035547,0.46500201302669286,0.9005779305631646,alerta
0.8227492222286186,0.3306013396933898,0.04658588925232249,14.843430580987631,10.249017936991835,0.35404285012242664,0.7102433419272591,0.5179535188271841,0.08892079906182808,0.39312568211098775,31.215916765971592,47.834927323228264,1.0730124058396884,0.06297790798663305,0.295614360210846,0.7801338491950921,alerta
0.25406390942717905,0.7121217125523013,-0.1629640098211458,38.82238908314066,109.13323968439573,0.679247126891291,0.11539985828082822,0.2415024182836497,0.29909569084180065,0.4594018908745497,25.77312517220263,57.216758354148496,1.8224550417257461,0.8733413076045997,0.7748602686966518,0.7863171446992621,alerta
0.4402368866089166,0.5345722203698942,0.2579481629755584,26.12620430921039,23.234857175455296,0.5394410254754702,0.4068092913568494,0.7543236331041163,0.22075694968095969,0.024919417214923877,35.0164154149855,67.95567608107737,3.8265529860488225,0.5685721531402141,0.8544204093813946,0.15992903857633922,normal
0.20974476765505068,0.5411354718371671,0.525478271263043,10.425899034151712,49.95419142532257,0.5772556925214359,0.8479716933125904,0.474408277621865,0.4728312239012624,0.0527604984768725,37.272707488791866,56.98842519440718,2.9830737415026594,0.385100678940517,0.4204289561404514,0.35844944713356364,atencao
0.8478119762921631,0.33524799404461225,0.1778604894048464,17.728959962905876,53.86216387824036,0.07133657423250608,0.36765804605910835,0.10932153600163189,0.6670034267843545,0.22367503721401355,38.14982623411575,69.86628851589579,1.670844645098704,0.11277055848915307,0.667808571905532,0.2332049166502358,alerta
0.5015365072318698,0.48587951428555,0.30754028497735403,23.49831022806579,71.88132530562811,0.3541086507122039,0.5910953805356141,0.45273205192738825,0.21422988766447584,0.3330380604081358,27.546876862783755,66.6986704220221,4.840334670836324,0.9467672854968892,0.058804533888304755,0.31591528245563594,normal
0.5667695121240306,0.1065852696180332,-0.24181711531888572,30.78726733074303,8.608241249690995,0.4703037368774109,0.5037734437246341,0.5279381444881663,0.3161809237629924,0.1558809317488412,32.5507042293125,40.732390151108824,2.171089727003247,0.5302190478209937,0.5294648519714666,0.5795393434937254,atencao
0.19695353417189923,0.5134624301662024,0.05501694644444555,31.994811344103987,27.211034088061915,0.5895212443582485,0.6459515311120451,0.5546008047653513,0.3177952121186464,0.12760398311600227,28.006674605596565,74.05215605384839,4.779337932029851,0.2829279290829039,0.04498113774550805,0.3647838133702479,atencao
0.6749723292794244,0.6936365159245539,-0.20109528761017847,39.862645387763685,111.77884643027113,0.08202787482880144,0.9728943893876949,0.005953350902192987,0.5591015231175376,0.4349451259802694,36.25616493052223,71.0338179546259,-3.483503728536183,0.3502151301315095,0.029190840494468073,0.5606978174642661,alerta
0.29693391516691003,0.49817275442413245,0.22087646020603385,18.62533598151277,109.00921287222835,0.6040852756672175,0.05573552650140212,0.2042438542606208,0.6539220243844436,0.14183412135493564,27.685088331170057,67.79171938087026,-2.749356663320088,0.2706971809221477,0.612924850522739,0.43850124827457704,atencao
0.7786380026084996,0.6679040857531243,0.4977098344820315,26.146603056054257,93.75487768868307,0.40646060888224256,0.5739615175016297,0.4357557366883125,0.3846324071372415,0.17961185617444594,40.37078262725328,42.75468031355012,0.0631296140044153,0.6018098088569807,0.30333538239498714,0.28661555844972764,normal
0.29359774833740504,0.570582486052961,0.26251107260089285,25.99970643578815,2.328149474185852,0.17825408087443895,0.8630287792502848,0.6663325461403999,0.2786288130301212,0.05503864082947904,28.920788976244026,48.39982243976819,-0.5360848520411636,0.9299635757805099,0.7425371624554654,0.09540343420515862,atencao
0.2834814044645666,0.17836297066239867,-0.23471740893274168,22.169357783417126,39.24081221953225,0.256215890692305,0.4813827117484275,0.2081054078323579,0.32433570163165154,0.46755889053599053,29.953838526900164,54.65885157938002,3.04461357221325,0.8566938033265644,0.8960825606325922,0.8918384573447826,alerta
0.17558476749366642,0.6865946497357971,0.0014662742373204307,15.074856815272605,75.35504824114894,0.23325420863851448,0.07852718594157282,0.06912522452260654,0.5004699904818757,0.4304047849955178,39.465407476566995,48.99648108282217,-2.5544737617771665,0.4603808754259775,0.1393911737303507,0.011373366004648666,alerta
0.48044686157699945,0.14318849883125367,0.16806387252472388,39.323696895515276,33.022825412817085,0.39505837228750923,0.5605393524167709,0.5189643574073263,0.3514859263624245,0.12954971623024925,32.79394937247731,46.390514533806574,4.784856612003397,0.8264993623010078,0.7245228385789239,0.0016524881419711646,atencao
0.5453887932838315,0.44707885715604645,0.042726592713264455,35.59951559999758,109.15040340645328,0.08359569194223568,0.33207389082382044,0.40985567655786215,0.25539466525429727,0.3347496581878406,25.40793107860124,75.26788350808879,-1.1644071226517738,0.42310548127632985,0.5145199982883433,0.826797739763546,alerta
0.19599604759984665,0.1923891304657475,0.40859740890389656,24.949990848827117,76.06673541989302,0.15304850302495027,0.1549417853379359,0.42202374626424066,0.15562349333551803,0.4223527604002413,33.40796627044498,66.91161231801011,-0.1396866303385651,0.252307140758638,0.11211925016269886,0.99681094032579,alerta
0.6928693316865074,0.10760929697508764,0.3924703540034909,28.097362680520895,8.628806077973472,0.5782504781942586,0.849034513283473,0.4345997315292763,0.18885319712015894,0.37654707135056475,26.43723670146209,63.27360657751252,-1.5272947080397938,0.9834151152664279,0.6515926064807247,0.7271028277136562,alerta
0.46730218432361925,0.3743222690829654,0.2200563670877383,16.81783160678987,109.08067066028437,0.13619259398542718,0.5215995129911216,0.22085693940944454,0.49431252347732885,0.2848305371132267,41.75086021768428,46.29763554266269,1.2142725559389254,0.30388756797082184,0.6094668031064728,0.015273838062884737,atencao
0.517073188529306,0.2917764599752016,0.0174392533627995,26.313612111752406,114.9319989811467,0.20170757514778254,0.9332764123790667,0.4358281162948259,0.29885701125587183,0.26531487244930224,34.99789669774524,80.90382811343207,-3.4723416961967444,0.3237242309869084,0.5156418674007825,0.22669022666851335,atencao
0.45853392285675965,0.415900320968442,-0.08296408230124244,30.849103993644274,9.325490207007059,0.3446908936427022,0.8060165046030691,0.27097143552031877,0.2920311616596737,0.4369974028200075,29.361054499386633,44.55915195486581,-2.652902449865961,0.9896928677865222,0.926471204559658,0.9718227002619613,alerta
0.43053414261272815,0.4751799263774581,-0.21000682951884006,25.455010851597663,63.88322818335779,0.38612857727366473,0.6929717937736674,0.2982335349827583,0.6370708587229359,0.06469560629430578,34.583200552309506,74.74754664123385,2.7121793307685174,0.1339274931656549,0.5210796961040165,0.8086042521738348,atencao
0.5417482319157525,0.1284303970008158,0.001663030963570955,39.70855511754824,36.40371386570045,0.5463468117492031,0.005025503365311934,0.3979366987571649,0.4252159224416962,0.17684737880113885,26.306740757489834,83.33363333526465,-2.3214947493567646,0.7605339880096951,0.9905151154502125,0.566799843804711,alerta
0.25866817215149873,0.17995214183043468,0.051196639626561624,28.340249687431786,47.14068917776829,0.340766077333022,0.42782345663824994,0.2889786401989906,0.23419277333013153,0.47682858647087784,38.59815217256989,71.35463646121181,-1.8803699359900343,0.9358127584827265,0.509228813848111,0.23686070944035897,alerta
0.27734969134668974,0.4631175576927765,0.2744494863384626,21.12921137776507,21.558146154641026,0.5634120036731002,0.1974862816520323,0.577687296888641,0.10519529698004776,0.3171174061313112,40.73057691569078,84.64293875923148,3.136840121523539,0.5117949942754186,0.11585203830136759,0.01437020592674898,atencao
0.7532499347094621,0.32305877956222784,0.25943585065293756,33.164560828475146,69.3686522414895,0.4519250995795473,0.9107979110488678,0.21735855428995776,0.363794734284527,0.4188467114255152,39.86555459950471,67.55255584889733,-3.1602893947847175,0.0025217617028200356,0.4704712510750304,0.020861472637409006,alerta
0.8122808234935429,0.5739627669071412,-0.24040808130493158,15.113875347449262,114.95752238986687,0.12351483062548459,0.17458398467636027,0.43219298428144065,0.31191059334450266,0.25589642237405674,30.809879239075567,45.87301718019475,-0.06273559506243176,0.37505894411310625,0.18232876255507124,0.6119808635302266,atencao
0.4113165213958271,0.5239895715847608,0.03597041811648416,21.535474411187998,60.36871203259309,0.15161543495534507,0.2860600516592855,0.4131630150733441,0.31562758810809305,0.27120939681856293,30.538058033937265,45.190974685825566,-3.7924295170249573,0.11156899238482709,0.5971334852174273,0.02183187635242312,atencao
0.3395212712004876,0.6496428359434394,-0.14548796286524235,20.408768511327576,9.949749767337739,0.334071921542351,0.5168367677344992,0.14943849563290768,0.5449712328529048,0.3055902715141875,25.5964893906771,51.22821421277382,-0.8787334061388656,0.41618766093369575,0.6931321751936012,0.9936301419253727,alerta
0.600799680267311,0.5501203373349964,-0.16670920048071514,22.95421285323332,74.40016001728901,0.3079781055078757,0.26336361899807925,0.46905992476409064,0.21811361204227322,0.31282646319363616,36.073806097915586,35.356501011050305,2.29083262349679,0.7900267616422847,0.46843527870709367,0.1833838334937381,normal
0.4361139197686674,0.37945520030359625,0.4032068272766591,33.45339477786179,40.82675933415084,0.5333037752642414,0.20986467727912117,0.49513807866216386,0.08615394832375406,0.4187079730140821,34.09338133122651,69.08492350414173,-3.1890704825449454,0.4387115488838005,0.09770296768314823,0.7107073618692773,atencao
0.1677704489622414,0.537428304556381,-0.2643720657911811,24.525190964902222,102.71102275095573,0.42747914086827865,0.5990993251027524,0.36368728726991445,0.37986899567470733,0.2564437170553781,32.808888312564804,48.43338923139138,3.9950116410088405,0.43192512134592254,0.4686413985835529,0.15505972141241342,atencao
0.2593068181563333,0.27899776326602205,0.056305444516803194,33.82043350797888,52.16137779797643,0.302286502651462,0.08892952275502386,0.3077428895069707,0.29741081665260294,0.3948462938404263,40.42972620669002,75.75916161463763,4.185491386466444,0.5567894769188466,0.0814542147344004,0.5400934210977145,atencao
0.6511805601931783,0.2991037742058382,-0.1570268925984595,27.294667094195976,23.140753073069472,0.16099418424275064,0.05816775872092472,0.3800801980053627,0.31826770734442034,0.301652094650217,27.85394131840839,52.95863252796501,-3.055086623873784,0.5816905847476802,0.682125955506534,0.08061128846621757,atencao
0.6112467593371059,0.6128403539485157,0.44743068332670305,20.26208303972666,22.932674722937392,0.19744411651157184,0.3722452951860714,0.29105802257113284,0.41530416464313574,0.2936378127857314,25.1643265337331,58.99782467316564,4.91659192738199,0.8562963087989713,0.7903682248650875,0.7667784245332432,atencao
0.16896719475243843,0.3901726856610285,0.1734844362837799,34.29936231050417,92.25170168653925,0.4240756620048883,0.7206644545078623,0.2306795377573698,0.553420155726659,0.2159003065159712,26.24637968605301,83.28444582801846,-1.3222340194405997,0.3083554392289515,0.962380327227039,0.5849210947248297,alerta
0.3053805133530646,0.6189472213369291,-0.10332645907967913,17.148690116592746,31.870511796883186,0.32523522318486503,0.554806758273948,0.4640922311975945,0.47784481228925396,0.05806295651315152,28.79731444306527,47.108606152363855,-3.243084959815546,0.821671264368016,0.14880210712845643,0.08616669340141503,atencao
0.31175235761165,0.634574542884381,0.12706319409142003,16.731489393993865,92.06800729910675,0.38470288075943676,0.42287646846677884,0.23177531131760407,0.411402637824749,0.3568220508576469,25.56585433747877,71.06270487148697,-3.9543959695246396,0.5659337486920473,0.5324203355333041,0.8485861892000055,alerta
0.6203249205191098,0.6574155194798345,0.32176340574764856,25.13508772164507,24.706477291991927,0.16094033294645188,0.5657515642245824,0.3835911721004468,0.4080931069980418,0.2083157209015114,33.54834308093331,72.75588946527085,-0.32329393812523666,0.30052954971714696,0.5675373675354186,0.547018614776702,normal
0.1637973764280549,0.6958129032967848,0.5144003075815189,17.82547737886267,38.60236424415713,0.4808890640239677,0.3654514846532736,0.44270916148404943,0.40459245560678625,0.15269838290916424,30.339537738970826,46.049907876181756,1.668289871355059,0.2951260440060771,0.9224765337809797,0.921592310013318,alerta
0.22287600738920169,0.3801403933336426,-0.11262089639139386,10.27261104853649,55.858436692763924,0.6041501815563786,0.9361463354321129,0.5373262607954418,0.38121634591646375,0.08145739328809437,28.068211137158254,60.04984183060978,-1.0103867508701807,0.3611375171057245,0.6272766405965142,0.9166233736781126,alerta
0.7099412597612326,0.3072634319087403,0.4532545063099434,29.448925818964046,113.18350196321408,0.21766067941148537,0.05490489091077433,0.28899320736461487,0.11662872026676861,0.5943780723686165,37.751429274127254,52.510096265648414,3.530456289271605,0.6226932426199755,0.1455096456453211,0.9205077894865824,atencao
0.27498126343803353,0.47842918528617406,0.49415849704236686,25.33281464417194,111.80777097045896,0.3694842467906872,0.6733914790298352,0.4182934685342136,0.07294111654412488,0.5087654149216615,28.47567254595301,73.59531217000446,2.449456480085451,0.23081173135994915,0.4363513239631892,0.07778520020046797,atencao
0.6069222754963123,0.34126207523445795,0.47895746285225643,23.365534434794835,24.824625050674534,0.6840927638635861,0.8912826648277505,0.04653027459589745,0.3558948351384064,0.5975748902656961,36.689286716894486,66.12416595145187,-0.8485462122877059,0.9203335616722674,0.6547625285062505,0.12095776175452344,atencao
0.31672794673270854,0.49069820842015144,0.2401022033326234,39.00905543854946,42.986284949168734,0.2666071313579729,0.8038847087352534,0.5174463902835381,0.1967459858059378,0.2858076239105241,30.937503399409863,58.79915274302735,2.6087869994774415,0.5749125841779004,0.7002844320692974,0.9877058097161979,alerta
0.2196089749315416,0.558630810718486,0.2353475562695016,27.13597551888741,17.92792661445268,0.4367801242004447,0.18404103482144674,0.45000019966139077,0.433527620191272,0.11647218014733722,33.70107193126343,73.96816325238592,4.464389632723249,0.9200157769960068,0.8630739985905735,0.487600821398706,atencao
0.32022053369961784,0.5474632620198889,0.0427290382062494,35.90294733368154,61.19820951761965,0.10862720513015883,0.29592634898028836,0.2899339234053499,0.5583939726971529,0.15167210389749725,40.87573967747244,46.757778500420855,-3.162136013112846,0.0464043585791547,0.18050711984439716,0.23821405282914765,alerta
0.6555868522989614,0.3434593765630789,0.3395381999582198,14.183507086154805,55.26990608335999,0.443909751611638,0.7170479387071047,0.016197425341149152,0.9749555531372776,0.008847021521573314,25.634977791868817,72.68109402921795,-1.2450643585814483,0.3426113704614734,0.9515421467554984,0.769664488498658,alerta
0.7489875276744,0.20845913110418934,0.15159991559829222,27.07619389388283,108.0912194940879,0.10826065264800164,0.08427055918076554,0.13359337458735696,0.4072871194149038,0.4591195059977393,33.50449662711685,78.26871560464122,0.16993345205023935,0.022807660687623077,0.05913941201559225,0.264285221212482,atencao
0.731153905196894,0.37984407000043496,0.27582236054405035,36.03938880192709,111.60064533492871,0.6735030329604843,0.811861699832584,0.7405843601808736,0.18995351744830136,0.069462122370825,39.52519032556951,78.93107984037863,0.48191114979291694,0.2722518150979698,0.983762134568902,0.7272156880186423,alerta
0.4280284707329184,0.1926861936532407,0.06418921827147617,27.49317271839694,46.028086920875054,0.5151807238470023,0.7189069446047903,0.30121057747534646,0.48150867134032777,0.21728075118432572,34.99556222229592,74.1836796509802,0.8797608039746629,0.8620064722685882,0.8577670928664085,0.8372857778497611,atencao
0.6176595955994523,0.6785630728694754,0.3217719944366683,31.540425343810046,59.00855316227873,0.5623038622882092,0.7296066492353426,0.519782697264614,0.24742783991882328,0.23278946281656276,29.706798788407664,55.40070834991344,-1.2943578411521632,0.03660971584220085,0.6602727827621713,0.7842633772952806,alerta
0.2934890067910747,0.32482034947960736,0.40080078996386675,21.16130703436622,107.54834989753597,0.5076678345015639,0.10024137026759139,0.34802842753016533,0.14657539536090225,0.5053961771089325,31.760579297465583,84.09040113589134,2.005336813841142,0.43614709991574485,0.7349955002644216,0.2740478081979354,atencao
0.35520341118270926,0.20039883569516048,-0.17552918188760627,12.773485511111998,96.80493692940738,0.4333238734497027,0.7177605448162309,0.4006190524663964,0.2590583783665661,0.34032256916703746,36.56451568838577,53.979682191121995,1.8057605317684677,0.11756707047322779,0.07269200591879643,0.40161857407923707,atencao
0.7774350729647839,0.11654104393873807,0.40799025823809393,23.737008853812142,0.4387573613579132,0.34244330770557846,0.67981812521997,0.43430249032546964,0.5517272220107972,0.013970287663733328,40.14380220333465,66.93126995512128,1.2003935564445252,0.41684065926036773,0.04147986289445238,0.41325100323327635,atencao
0.15910134645751522,0.5197845510862148,0.15925205202176118,21.834381725165727,38.4071477020299,0.6079426968446906,0.8309224908218505,0.18430954807232772,0.5065949785538693,0.309095473373803,25.698128353692397,43.053708903473435,-2.9761445046021104,0.8388515842643773,0.10176579655136553,0.4912729181044718,alerta
0.20985597159812763,0.5139865063455831,0.41796602272669076,36.01180547136842,50.61290903233511,0.6719431839029909,0.0415959562564695,0.9200483470595882,0.01849567763784841,0.06145597530256338,26.2161599721364,84.02244493181963,0.2927110198635008,0.6230710334025191,0.08735981466413778,0.16737285154013604,normal
0.29552037860221914,0.3213927082778396,0.06660645038986246,17.319859070574168,27.565954041987805,0.3743735123876528,0.023110668467792195,0.1389012472653339,0.8359095595285441,0.02518919320612196,30.525875901362987,70.19929609323316,-0.7939580125956196,0.7367563453314232,0.5473812334694351,0.4524700504143424,atencao
0.1685725427116738,0.14661272775097317,0.022184412575579848,39.00202682605324,23.94859390751265,0.6554977819509202,0.37300709987856073,0.44156033004043926,0.26488303826301085,0.29355663169654994,28.957254635437142,72.66887726231842,0.41934622854310355,0.349104115449581,0.21544398711178914,0.5107829905154797,atencao
0.27700480456285814,0.36625878168190085,0.47780162263963916,38.74414359413488,4.53414079148156,0.4291663914925363,0.14878828384915288,0.9137995835989065,0.04041425043812373,0.045786165962969756,29.5038250657809,38.28883517055723,4.2967979196352335,0.9443976950101415,0.8602056372067265,0.5317089965810524,atencao
0.5581290926787845,0.3022913717912058,-0.08650612258385887,17.42894929214316,77.20436700837126,0.39994972148268154,0.5583844775702219,0.23124818605024597,0.4654652767436428,0.30328653720611115,28.761589976639975,73.17089071103359,0.3247820884256747,0.7092620937795001,0.44574862306807217,0.8199004299844582,atencao
0.44499718541474853,0.5401284158277561,0.41758047649322166,20.441558664319615,31.501234857979878,0.3454137764209818,0.9173489015067489,0.4047806389223566,0.41649643171376416,0.17872292936387923,28.32902583053768,73.73617146103007,-3.8741728734443934,0.4217988192845309,0.6955104764582749,0.5173344984794952,atencao
0.7748701977538823,0.49375651214424876,0.11141748663299356,36.86667222621655,6.281661411757571,0.1860370449945779,0.39147973033401573,0.4891015040798979,0.4940548162766879,0.016843679643414225,27.22060743677796,68.5886363181115,-0.050469357242821644,0.4264648002270549,0.6528730929701598,0.2307839225136752,atencao
0.7222104932169087,0.336985923328401,0.13698112616857083,38.99866662688322,27.717517263367636,0.05241777953173848,0.8449503772726041,0.24145733205631723,0.722866471065066,0.03567619687861677,40.877220240519044,49.59548068951718,3.385833620444439,0.9186841779432976,0.31985303892971007,0.6631287382441872,alerta
0.38927214618851314,0.24163016026574358,-0.037801960733938544,23.30317308508132,96.22967434033518,0.2069790474564398,0.00024087451786647396,0.31874718972560656,0.4460110421662015,0.23524176810819192,27.451220886404602,59.484502108044076,3.020548308963514,0.5764046934353918,0.24316757352572904,0.7973141440866252,atencao
0.3315964034019047,0.7422233780011347,0.18708587052616338,19.629911369226935,102.1787017975856,0.3813200615423173,0.1685146434591842,0.27253645948592786,0.423527830279765,0.30393571023430704,28.474864171014115,40.521718565435826,0.6205106617536291,0.7063792099030417,0.3424562852966352,0.31937166643826176,atencao
0.4157846857170868,0.39510105377747473,-0.02357048316522037,25.78282039754626,57.967949423196316,0.2969739689688391,0.03042353965408562,0.24989952088433093,0.5579876237376951,0.19211285537797404,29.186517307673356,58.57935332295763,-1.7520788842661625,0.41703522451317077,0.7966583738498375,0.6453059290176052,alerta
0.5632064597603654,0.5473782532571541,-0.26662099789459554,30.633076190972044,49.92848044904234,0.3415153982017119,0.32814718051506864,0.11279672258535599,0.5211725440326042,0.3660307333820398,40.86125284321715,47.19119263002024,0.18579796623090594,0.2236927647647141,0.5862768484196185,0.14693799594601265,atencao
0.33764454857601334,0.1913594289259345,-0.06880118545729733,18.204235461249393,117.34244322021381,0.6874213427166321,0.9081895956965028,0.21433024776764584,0.4977003339030619,0.2879694183292924,37.84714027121844,52.4548493247041,1.0733199747637245,0.7235592919944186,0.25353866251917534,0.34192630457806406,alerta
0.5869042354943937,0.4156333047786086,-0.2945778131043979,32.09419523857218,24.06775915056839,0.2776770409350629,0.09695212359898775,0.04862938568592099,0.6657562732933844,0.28561434102069455,38.424890315363754,43.130020420184934,4.998842944467205,0.6078237721413878,0.8178464430604302,0.9092239295496342,alerta
0.4365881565338683,0.11789886791515257,0.5316015689983282,11.549720713439232,25.843113942553018,0.3439189105840701,0.6064097767438004,0.26504805378565816,0.31274900003480915,0.4222029461795326,26.780890412154466,46.50271838734485,1.7976028115243956,0.5013428804247794,0.05475938611030673,0.9113081631625708,atencao
0.5364330265963861,0.4285458266417925,0.5208851283467855,11.478834782932493,35.02406124436797,0.13678510837933272,0.4514959391194442,0.24543688202166106,0.5013250375398147,0.25323808043852425,39.217267875266415,38.82843209100581,2.248384370563521,0.6240209399944638,0.6991833749902954,0.5753245787430636,alerta
0.4552885703947217,0.7266113146265065,0.035882002851459316,21.588631154366357,20.730878193730476,0.08117252608404196,0.9384682123658125,0.24528645678002378,0.4014638668745601,0.35324967634541615,31.939282390896103,80.99506832184608,0.4230872921124673,0.20828558606423364,0.4391008057493109,0.7023514608651067,alerta
0.3561260316793423,0.34973436344077014,0.3191152261886992,20.604195761821618,45.52387178450239,0.5540161844851215,0.12251914253709384,0.5065964125811853,0.21213432045733066,0.281269266961484,29.467991445610608,61.52053439877017,-0.8095940429572313,0.7939387065319563,0.7312903860658883,0.8540154152059414,atencao
0.8139173148735097,0.12534740817369253,-0.006064816351138702,19.46899646101457,109.30010723877045,0.42094406379678606,0.21202785050222894,0.2639514069177159,0.43071279820137226,0.3053357948809118,34.78775141984528,54.83709856313698,3.316576852824854,0.9481628050203058,0.9274612802434268,0.9585531853126267,alerta
0.6845240559118325,0.1201212640975733,0.2704291835230797,24.7305928800673,73.84174087542891,0.5444581239285317,0.029541968611493274,0.5078480133629473,0.03750305795305122,0.45464892868400153,38.97710939888448,61.7514606384392,0.45439091905312523,0.8911031441677028,0.7500340979469039,0.48988644028976946,atencao
0.24807922303651678,0.35219139396546517,0.38461553658908226,19.62200746934714,49.43358583347164,0.14741081927625854,0.43393524963137375,0.45134729717056365,0.4311002799843596,0.11755242284507653,38.23708656827346,66.41466142407764,4.9522111696807265,0.32143574530701713,0.44196535531138237,0.5615757366260343,alerta
0.7579275831285389,0.20401620870107612,0.5047428079884047,15.767737554042757,112.12929534854578,0.421688701268749,0.2778328995646543,0.3142201943975296,0.38866208531190144,0.29711772029056893,40.12995720387924,81.09393966846746,0.11408516841239713,0.4060057732820759,0.15097568151388074,0.41564156664783025,atencao
0.4912018387746595,0.11517886261332085,0.04018043447222125,19.284086472658025,5.815707897098679,0.2148676083218941,0.8699059338903209,0.3058694160613162,0.2510086021477745,0.44312198179090934,40.778247162262545,43.934647614315665,-3.3879974471718035,0.8084022997975612,0.8063509758054337,0.07198193705642875,alerta
0.776186558825864,0.591538849067615,0.3658032855126406,39.247128184307044,25.233141348223363,0.19824018098501295,0.6049408131977551,0.5122767878328223,0.23190199856217134,0.25582121360500637,29.04807521427174,49.77762493176088,2.1432032338107447,0.5951171308246038,0.46070552692137157,0.42280347244881844,normal
0.7098986791631207,0.3980399557732289,-0.07396081696269899,22.333402509845456,67.90663261221108,0.05749190913444042,0.6140907379757017,0.3443938922092829,0.6103725726170427,0.04523353517367439,32.20558420087762,83.78946681720574,-3.5802269416677004,0.5479144436766492,0.07531232345712979,0.7906273393830772,alerta
0.4476494531284634,0.28800910178222544,0.5417824582246011,23.34138330575007,73.8663147831815,0.13472147031989673,0.5319106968813024,0.5446694203251107,0.2807877519401688,0.17454282773472043,25.24868516648619,53.55964933242622,-1.7454856280376703,0.9266419675334452,0.719055397776866,0.8048854979915286,alerta
0.16572851582408218,0.6850540689607124,-0.2780958410503015,27.2963496985342,4.746900787513577,0.25102427247480197,0.091850337229201,0.289264537729883,0.2839727994511103,0.4267626628190067,39.94846820750602,36.12808253786638,-0.8163557249808697,0.5360249609770508,0.2918519659165897,0.8923771145932997,alerta
0.33807415156946224,0.17549032413034166,0.21299948552595288,39.5002230524268,48.36465094885586,0.12597119438411036,0.44501868372535525,0.09676779845572656,0.42539854000439936,0.477833661539874,27.627726575071048,42.38217463185794,2.6553522705919486,0.5149386795873099,0.04888822950518523,0.051466705175969074,alerta
0.5291439502626069,0.7213472388209575,0.2605800844036282,17.24803829307289,77.89847577970473,0.6908079862671094,0.9995051897085165,0.551652025093098,0.42534097719556807,0.02300699771133384,39.6450718098258,36.3169350874276,0.4481233376685152,0.04201859126635965,0.9027510149740777,0.5271545895806339,alerta
0.593434753878303,0.30407836629527935,0.2848387235130096,30.438463315973014,83.76846556840819,0.2506112215405679,0.8352292908460148,0.007589885542688763,0.6181648648680859,0.3742452495892254,30.59958447377214,84.49615712103642,-3.7421866182076906,0.06941695859013763,0.48310109209391006,0.10742448793707626,alerta
0.3305213798032416,0.6774623870006428,-0.1976705580292743,31.479540806251723,76.57678830195232,0.1347105653565133,0.8934590541671159,0.35528472130000954,0.5985232954129642,0.04619198328702614,31.25827102967935,48.94354244956115,1.5516486614832994,0.007420307880650179,0.28096105317302156,0.20074218316574333,atencao
0.24754925185097687,0.49191286971165005,0.49775031595216096,28.219732503791978,38.46758692331095,0.1794035033381725,0.8232263592464995,0.14366720133553756,0.3368859836002115,0.519446815064251,25.66524832622561,81.17713784681129,-0.2970738631600387,0.9132442257836336,0.7163865578849116,0.9002165023806065,alerta
0.7344511657595094,0.6373597838319669,-0.14599421280742958,12.657350189099322,11.222414831749141,0.43200709842195967,0.10304169343098268,0.30264659147453754,0.39435364761828823,0.30299976090717423,30.556939426010434,84.79431378798579,4.2965105897039635,0.40838666001770063,0.8859023776825637,0.49679125842969585,atencao
0.8390815264924865,0.7396085560868018,0.22934039275386503,30.306168274827293,51.25349357032009,0.09162829051211252,0.22744825406479963,0.6410248041560396,0.3493171741769378,0.009658021667022712,40.10218260762149,64.99206105715571,0.49606080026211874,0.46856137613341253,0.0003070750337554884,0.7585449208966136,atencao
0.51798312761188,0.28746353458218477,-0.11072533274537774,11.922841331085264,15.450532484166658,0.610582184591752,0.003121651356409627,0.33078587942706705,0.24109361024043266,0.4281205103325003,25.43430581906727,36.65981575327809,2.380776313454051,0.845386947592462,0.6878521850421537,0.06438410592868082,atencao
0.2701755000938124,0.7247380655149355,-0.03886604553191969,27.884279486496908,113.71483902248005,0.6749747915041457,0.30351012487811146,0.38578529611850787,0.31049332892307685,0.3037213749584152,31.90756704179433,39.07958151934635,-2.030183569034078,0.6092463103757779,0.7670116940184214,0.416826503924852,alerta
0.34061512856355824,0.35316323168657326,0.1644897604689058,32.187435316652284,57.02050392271539,0.21038582343379753,0.10860740234649258,0.344730187489861,0.48725528246350475,0.16801453004663428,25.5337937068166,59.07945275539389,2.848762080784879,0.6095015963905811,0.20992742727949298,0.6742402806643377,atencao
0.1628734735832267,0.35058273807899953,0.054614405779890074,16.329096718598514,38.07110092282411,0.34256192458405854,0.472793345301583,0.3183481506038991,0.35828865802240367,0.3233631913736973,31.305698226854105,55.3086006455743,2.4885977943530513,0.29653442935481245,0.4896238314101744,0.1334064812782133,atencao
0.7900091645923493,0.3212516177654287,-0.16380823916996962,35.24866022628322,91.956488534268,0.0643873931691731,0.6771274885739019,0.7176363559999835,0.04366717232884096,0.23869647167117558,27.93489089326495,65.30886528908837,4.1367353768717745,0.8339083739245192,0.08928589891793581,0.32581787910568316,normal
0.23242575802309878,0.4519149447759304,-0.15470405794227893,10.910614165990127,59.75383110987166,0.4664616460726939,0.8745052950380771,0.5860777996379879,0.11187460684379476,0.30204759351821736,29.287712685562326,56.9423904855682,-3.695605224527207,0.1658299760394938,0.7467498825153476,0.06454780502388324,alerta
0.5535615328599774,0.20019427806601664,0.055423069938379754,35.314385909749184,37.20408288149401,0.3190519377341827,0.7492171650908982,0.6001590471978662,0.2178975655050585,0.1819433872970752,39.91917234374412,81.70384246357422,0.02750627855706078,0.0531495921729479,0.8474560185633525,0.6513399408695104,alerta
0.3418386544810442,0.45991246548270726,0.34369053153417567,23.80987151928295,97.4361290868962,0.22553800296601118,0.9385855957785052,0.36816920386163543,0.35123045938895,0.28060033674941454,32.41283675057215,61.73698577067555,2.112398624656671,0.1916033575185323,0.1081866573246606,0.9708912590581186,alerta
0.5379246017610554,0.4521081280665026,0.46326994982062036,16.527638197949337,104.05825812013464,0.1844441219007955,0.053898290393788795,0.3596150251815936,0.4443458688925148,0.19603910592589166,29.65456585383251,69.6863030731221,-3.1435248992780647,0.2677372187745647,0.8164602534328347,0.8270454911428297,alerta
0.6059942718463049,0.5952361781931655,-0.22849148707952455,14.01334434981904,80.76097995464124,0.4751150004781942,0.01217983541654144,0.6505929836983652,0.05331691852048157,0.2960900977811533,35.01875242515931,79.82426363212483,-0.3045633956597884,0.28231105785420674,0.7715701704845336,0.9746231168075656,alerta
0.7308192625950412,0.6418724752594306,0.03413832142549095,38.599215027471175,5.635730688920075,0.32054107017100436,0.6613381138362127,0.24919600150415447,0.42420769049456153,0.326596308001284,27.4158183171539,42.34359379166037,4.479319427595758,0.6705135986187676,0.3469133203708973,0.8456047950983965,atencao
0.29449489023242226,0.3862868777030757,-0.21479127083555483,12.179967627434701,67.95874561998386,0.1667785378694428,0.2893524102222462,0.48731037771487534,0.2670397615542904,0.24564986073083425,29.40965732615455,46.48673270592643,-0.07658958197984589,0.21782458732864352,0.6902895299335833,0.8551958061969787,alerta
0.15769708006093633,0.2965166120784709,-0.2858963914622918,15.97280259807777,91.5953894396738,0.49792090296643554,0.25350101610577314,0.584934303075982,0.21805397022228737,0.19701172670173056,34.286215449249106,40.365933023700755,4.868643051325684,0.6766583044949845,4.8123894311746795e-05,0.5771771953713426,atencao
0.24581994104816507,0.2685676832561114,0.2624608802473632,20.43467042299138,16.38036145002986,0.4172969839738508,0.33088708769379427,0.43713468241604575,0.2575450777151193,0.3053202398688349,29.03789171141717,41.98191996149561,-3.4884484502816235,0.09113217323379974,0.9317976544659986,0.5182523114132099,alerta
0.7800130492936735,0.22650549385816676,0.21208202567159967,28.607045468833615,27.4404901661524,0.6081368357041724,0.26979605789236416,0.4238678703680163,0.2207416691293893,0.3553904605025944,36.545171535814845,60.62919834671166,2.4604679852680214,0.14720246109790902,0.5503832353083729,0.4062542664278276,atencao
0.7617230542937606,0.13747092842936617,-0.16143375325734668,26.34403255828295,105.89941260817638,0.12635933426972037,0.5114364063015873,0.01379760499390245,0.6892950195654886,0.2969073754406089,33.35535213841188,51.0589629483732,1.2291461262344257,0.508821448490995,0.6203388640619995,0.81809489504588,alerta
0.5681891715192158,0.32259118624256367,-0.10125909187089546,13.76930477236942,2.4146066223688845,0.5606832912638965,0.4401484472241325,0.5330478591342235,0.05280462571021027,0.41414751515556614,38.123814194329746,56.15864197633775,0.5048570941891288,0.9218958025766426,0.6646594135390986,0.1820676122780246,atencao
0.5703618023035574,0.27566099988500914,-0.2798484094021594,18.691839512146437,90.32725653911712,0.4877859114312183,0.5124285513766563,0.140618820485126,0.3585551839646396,0.5008259955502343,41.12015710728197,84.1244915897031,4.737626613365084,0.859567588811114,0.5613690172183667,0.0562249158241932,atencao
0.6155256721823787,0.7281713008131647,0.4097051248402433,17.162553132580722,56.85279510173075,0.12475710893826357,0.6727136115004362,0.3911377232341039,0.5342510505699255,0.0746112261959707,26.968683118905933,42.83521738979741,-2.8331463955798424,0.9687534424428031,0.8567638875394631,0.947893822684675,alerta
0.2727598950364147,0.46251073706252854,0.5284870066412688,16.40628563471024,53.612659060752826,0.5016334744166184,0.3871305089711483,0.02568850058561212,0.6335416812147483,0.3407698181996396,30.689305169737263,62.04060353990378,4.06399056512822,0.6504790652781709,0.6097018321515439,0.003778185203477058,atencao
0.7900883621474718,0.3257300753698299,-0.1848593937245128,22.33433009439961,0.8515838993864611,0.3370057377718897,0.2513076871421568,0.29123995765845434,0.21310802474677457,0.4956520175947711,30.43233406893291,39.94355775268255,2.221163700229493,0.675814866416092,0.9077599912404726,0.9768293218758518,alerta
0.44313936742445115,0.4773039406459024,-0.10324606829949656,31.120943577749706,98.32778771597913,0.664240110611298,0.16620053680874547,0.5913241877622691,0.25234858601537374,0.1563272262223572,27.570109628733324,50.92481566319393,-1.6690353403033056,0.625022998931492,0.5823316222340089,0.7288533698737658,atencao
0.41819696977464815,0.1904778558747021,0.438148095354894,16.523587966517077,43.178988076387974,0.14204737790163455,0.3494741195326255,0.09432751649518606,0.6620155112944524,0.24365697221036164,38.775153334669,61.376296183729934,4.115022310690641,0.6228189228581973,0.1711224219805666,0.32849891969782763,atencao
0.5132423936979863,0.3886284369814319,0.4874942282627572,21.000366391089443,64.89187575606515,0.4678417040302296,0.741806475246172,0.27629608313182874,0.6346766049635005,0.08902731190467071,37.91793796865943,82.3315872982669,-0.13634573925088045,0.14712034506758465,0.9135625558393029,0.6978198430863103,alerta
0.18287617674253853,0.5070523089236915,0.05668327538578882,21.72752280523487,81.27608236027913,0.29828702955091485,0.7567049101114696,0.2399018886339831,0.6975930330408712,0.0625050783251457,33.235233004184785,54.56141106417415,3.3280459526576376,0.5437389561639286,0.6816274983597768,0.8178751571851274,alerta
0.26639835812925555,0.4177835906650934,-0.25697089857128697,39.293695883062306,84.3155491725499,0.6719295358840706,0.6669053866842103,0.5125845552886101,0.19393224180626384,0.29348320290512603,34.14210322250836,38.24533481073349,-0.5004713465734003,0.38606793345172574,0.6992389944355561,0.2453620559864359,alerta
0.6666235314984593,0.3611562204253108,-0.2665169413611035,38.63999070637207,114.71760705912868,0.26448368193867966,0.2340281753068746,0.3612377647978073,0.4147821634594185,0.22398007174277432,26.012250346042435,54.40807239801585,3.658377446899169,0.44253721577729344,0.9854817505716017,0.7708956832795819,atencao
0.20795906754758853,0.7460014527848038,0.18785738615865893,34.00412748256228,63.760794388393094,0.67542084116967,0.5880862458546977,0.25850519786129195,0.0038114365357492853,0.7376833656029588,34.44362498955978,42.28705879369889,1.7296620660054378,0.5236005730592374,0.07519655420957916,0.8043696250082402,alerta
0.5722064766264717,0.6722045953968026,0.03396084255920223,17.249767624575554,47.966346116931305,0.6359658032154869,0.570689661576848,0.12486389132494838,0.04249356894595246,0.8326425397290992,38.452805908333815,46.49948066457226,-2.7305802977464557,0.1283961718022516,0.42859260709517133,0.24935463012534542,alerta
0.3217443767769247,0.505213872803636,-0.27564543655899365,12.041119422750091,114.44443517900496,0.22574910295192657,0.4842661981097255,0.3868059400068655,0.5081277241263569,0.1050663358667776,34.755068750925574,65.90453115824953,1.8469684712257486,0.35948773385211985,0.2390953929866152,0.04192635437798353,normal
0.42250692982938354,0.47009528476848383,0.1957645334656733,19.507124131618742,77.05322820306253,0.572302154937178,0.5499789863838642,0.5964904334264779,0.3537118058786343,0.04979776069488788,29.51020829204712,38.37119331018408,-2.2778971356831463,0.06344956087660358,0.6304264647136572,0.20412228455809767,atencao
0.35208561573948993,0.5034293118859796,-0.2903928438993309,18.003836483014926,35.778042753186675,0.6971427311722789,0.49179063262366807,0.4724139793291574,0.042715248717652275,0.48487077195319034,36.348320629683734,58.23618781250187,-0.29269634895253605,0.9796681304223991,0.8068116837480719,0.20064640888939445,atencao
0.3989709015254644,0.23085287008458164,0.36926616442688215,25.177774004391814,15.175709448428538,0.21423095141133353,0.5654563660741082,0.06327977111075456,0.46721014200975586,0.4695100868794897,31.14530330940921,65.47307930053822,-2.4673397417316965,0.11852802882012614,0.9663107088924127,0.06524045417548319,alerta
0.6533321336289718,0.35683953312180716,-0.03953210070213414,33.33183730203379,101.10654017582175,0.33390516006015775,0.7155059546211288,0.17149088067950932,0.5477714363701457,0.2807376829503449,34.2628458328575,56.09291961837484,-3.801854958995933,0.2585247385449545,0.4545961069547201,0.7260073846551959,alerta
0.3579852009362225,0.12564869637908457,-0.2657806974421527,35.74968816636574,43.461792335298185,0.38811747876839375,0.10962819440343974,0.334634995915449,0.35618142641767886,0.30918357766687216,33.28861117574172,35.95631753118652,-2.0930211449503826,0.8912929267033972,0.7862182306426042,0.3799749244584082,alerta
0.546483248207828,0.4091049243664373,0.20009938783568043,35.34592256231525,79.25636656373175,0.24170523827251178,0.7496257521490237,0.17040417725745968,0.5009608393542955,0.32863498338824493,31.479975016408062,84.27596784514327,0.8273482135171317,0.4827100462391418,0.9170515920403796,0.8843861674538583,alerta
0.4832352815393698,0.4529659795724811,0.03803175226809652,20.790266836692034,56.49797032390778,0.05992214576991935,0.1358861501275942,0.6884832938228201,0.1907656128602212,0.12075109331695882,37.220925666700296,53.35578836702676,0.33404870999611447,0.1356372015206303,0.6833254325358847,0.25217110566518597,atencao
0.6145698157538536,0.24803732846708623,0.5277303513535772,30.61703030382049,23.8715735754046,0.19308400872839232,0.0666279984103747,0.04947599009171476,0.424977409915058,0.5255465999932273,40.02589390375999,73.92885934666334,0.5134738598245736,0.3842305380393489,0.2427325524497712,0.45323216509992736,atencao
0.8057808175273306,0.726618750657584,0.16256886312814695,19.3850259257266,72.20239303445581,0.23325897482214297,0.9760796862214676,0.11729791613200127,0.5041859326281964,0.37851615123980237,25.088612814107723,51.282324609372665,-1.770818093980588,0.11586799419138583,0.6078541511077914,0.6390174289267628,alerta
0.6628004680471752,0.6911454971092073,-0.06604669611854291,11.82716629705548,7.281968274081878,0.3383398058568216,0.9569917688704415,0.5327805619382435,0.43484637212847954,0.032373065933277004,40.87148082691624,58.750837849670944,2.166450805527676,0.20021599708450177,0.9699520478171866,0.877464949671778,alerta
0.3004582650135297,0.5693931030463388,0.30302303493887867,31.046957968088268,49.60109518454307,0.1612166109687112,0.06043654494056405,0.3184753036857267,0.2376671542429481,0.4438575420713252,33.69575731341482,54.423182130549826,2.3383695813831125,0.05202984694984503,0.9875538288615654,0.5246211016193748,alerta
0.17182819454289927,0.4467013086974857,-0.06923179783869535,10.294826577093636,65.59379275964052,0.6176153318495872,0.44325344147496215,0.3589139268972904,0.501515862368757,0.1395702107339525,36.91244196617551,52.126961475480385,-0.7782895699630101,0.4382274945490999,0.6423598237167781,0.3735246278123828,normal
0.33358483100987757,0.6654799537709952,0.4686067976964304,22.275477623754657,52.32563689422949,0.5081922362753685,0.18624493829977473,0.14518566810782668,0.563231189426519,0.29158314246565425,39.54561762498991,36.09256886038894,3.9305307962675693,0.8066361217252598,0.8869877578719892,0.8670150784720089,alerta
0.5665545514901783,0.1849240234852509,0.018513674931269986,19.881378079062273,89.8406610301189,0.10538031041378029,0.4853448971344181,0.4645948947782607,0.04757360094162998,0.4878315042801093,32.94076276934259,53.00104689272517,1.7962089497199303,0.5859691786998955,0.2003493638486028,0.31024642468761054,normal
0.18599806943897523,0.6138313662786753,0.1673882783597745,30.801326155565572,99.35099454543749,0.4725600932409553,0.8301772429995874,0.5033202911712406,0.024372610588378165,0.4723070982403813,39.19455924720313,79.4744995199765,2.417353477327686,0.6063453054846117,0.24607860495221678,0.07942369963257645,atencao
0.49745637304086543,0.1811335290784514,-0.25701286174940546,32.98736418281137,92.54916888398137,0.4748767096636532,0.9506117747428903,0.4719041952892799,0.2527132657690692,0.275382538941651,28.01953693073844,69.51966692968418,-1.5039407385495451,0.20058403008324033,0.9528876128848597,0.44504210751024,alerta
0.5677899942418224,0.6162369306571135,0.06220305225939621,19.122839079138515,4.6575537374162534,0.6715437628683579,0.6342526534515374,0.48594332775540094,0.426707606452461,0.08734906579213808,27.705848086156845,42.27114295477199,-3.9944952835997167,0.3438938432523665,0.1352353754948079,0.7850933064979919,alerta
0.38397072357187256,0.27924891936338203,0.40750900871184575,34.348810433345605,23.295452453516667,0.05196356638150482,0.35390566721181704,0.7153581906705812,0.21782452191593335,0.06681728741348555,36.17701327055461,64.55775023113696,3.788380508918986,0.845242103840832,0.19110643809347894,0.030780831753523086,normal
0.6896385426220754,0.6701088776618228,0.3848014845588407,18.81750281514801,64.39290111165292,0.21115609237377464,0.6033255656445984,0.3007439141425048,0.39531595203314573,0.3039401338243495,39.79243109437953,79.61154299744358,3.4018194612182766,0.08785618432651454,0.4205485991200517,0.5858822449895921,alerta
0.22461877719364026,0.7136273609865086,-0.10932922497450265,23.389790799596838,112.17864485325615,0.653064461593955,0.31200130610845034,0.8443682399655817,0.14121215401858692,0.014419606015831301,40.17124501811267,70.00170204824278,-2.891273007614528,0.8579306536685337,0.5895842877533504,0.5944640485272361,alerta
0.20259644721506612,0.19671738011332518,-0.10783278964102169,31.810555810424017,100.19481300625402,0.655887045008884,0.9098236408320604,0.32293877836765383,0.5156207328348592,0.16144048879748701,35.94358779241319,42.434219617834835,-0.6330537853932414,0.48369002626478563,0.6038172189682717,0.9285417634273816,alerta
0.6597321293425223,0.4007391432925058,0.3947095153812514,30.787606876743656,101.1041410022162,0.5183811725909142,0.870400463105837,0.29514299509457254,0.6132684096276879,0.09158859527773956,33.9333169135584,78.39162483672484,1.9520537754972427,0.8371474313251173,0.2919760086655644,0.2864648171450218,normal
0.49684392134433886,0.7376417958057453,0.49083865714392677,39.621054169366005,36.38498325116099,0.5477461586809009,0.558231750279661,0.2525724010248121,0.5695323026775476,0.17789529629764037,30.633682490840776,50.07720066444327,1.868997714968554,0.31800641939440033,0.9206138979503482,0.2788366132106962,atencao
0.6318816774994152,0.4142148333825453,-0.21894321691794696,16.754830726477955,51.53374764944431,0.10946392265427062,0.32479891538036054,0.26091418938714894,0.7178494600683577,0.021236350544493413,41.66000706518864,57.70380721561709,3.7431530132770083,0.3388429515830208,0.9150999076078628,0.44048365133967815,alerta
0.45437913702262234,0.6613058896344544,0.0825498435122915,29.869537406187472,56.48471367791249,0.38401929260585177,0.29338967558297835,0.4042648101484987,0.006180043943810506,0.5895551459076908,30.434826673326256,61.30713798445732,-2.737586545281143,0.7516048683231428,0.39206805305237247,0.35691490147151517,normal
0.3224814232673747,0.48267548938535787,-0.01316386288040533,28.29045724827332,18.88459000198925,0.20052894433784957,0.03341799470505946,0.5547198261709021,0.33827540210034357,0.1070047717287542,37.651163822937086,77.52533021890977,-0.13054226993393092,0.7849961733922202,0.4342917694302971,0.7363458626893268,alerta
0.7233716223719397,0.3439644401477412,0.44008518713882355,37.4529536347009,3.728175629334758,0.1677917283488512,0.8158208510252952,0.6547238715127794,0.03345414167838362,0.3118219868088368,34.04369059838501,81.58037475738305,-3.124980238662177,0.22964467799014676,0.7024971168239118,0.6417520771315496,alerta
0.7095911152782854,0.2857593110918156,-0.22900382252198404,14.690864249346252,113.62834793526203,0.5766971444301662,0.45038321303900797,0.38254674061665755,0.3696814680611566,0.24777179132218585,35.344709822930895,81.4826438895278,-0.49364276405234664,0.9728713248219055,0.6629958963989008,0.7589210379062663,atencao
0.6362875295980986,0.23209500920595674,-0.12054294882566818,32.553944907607985,28.885510279620807,0.13777478884235583,0.3251329284002644,0.2200696674476077,0.3884744255331994,0.3914559070191929,31.689169360006645,35.39770906392703,-3.8640329897106604,0.08449010424482895,0.38229701496096236,0.8200417911986891,alerta
0.34050159606097385,0.5951688243955032,0.3395980869485203,27.04805848806305,28.79386844683576,0.35462356404765033,0.4711103549977539,0.6455280672584575,0.1163773087290932,0.23809462401244924,41.40199313302821,81.09442427927286,4.084457585991142,0.06850296310213089,0.4142442515210034,0.9229811327341477,alerta
0.563161466808361,0.3512513294349682,-0.25640022836596676,18.23997609363716,10.005486452251144,0.6600758557309214,0.818737990454652,0.830505941035256,0.11637929397404782,0.05311476499069618,34.71859954368761,37.719348300078614,0.7433959714581295,0.5955042152861028,0.34803894342153896,0.43093673178464764,atencao
0.4026817278580187,0.4323290504304883,0.11865507360714594,24.233047424415222,111.42093023325343,0.17079083611747264,0.12461420770752119,0.3817005137788605,0.2680934036275488,0.3502060825935907,40.94238971779943,48.28868284087177,3.6482203472211827,0.7227407677716214,0.23538500695330788,0.9846973894715495,atencao
0.2141074513286439,0.4200115620007683,0.07579097947776209,20.013297912093932,69.56845379277264,0.6856957254298525,0.8576559882418273,0.3106783273860587,0.5339951669804522,0.15532650563348904,25.12905407495654,60.74939273639164,-3.460857690969726,0.9608861292249739,0.4581383629241397,0.21566081340365273,atencao
0.7921195028235699,0.4752313690015353,-0.015758997859563584,27.379402083653826,80.04442285504247,0.6962871907446884,0.897508835108354,0.041590598046451994,0.5402778016028109,0.4181316003507371,34.73539991424906,58.996284450219704,-1.9528770057437144,0.40494578079886157,0.6864341319025404,0.7143651619473286,alerta
0.24577304164327296,0.6626251446559589,0.03538646802108525,36.67001832443998,109.3892264715663,0.4111511505435618,0.9467079150338882,0.2526100389222071,0.5498480206002695,0.19754194047752338,37.192177125329614,65.23548969436959,-1.6655800430093746,0.025291408989633113,0.741966705314293,0.5340093173071893,alerta
0.8151661476745616,0.7374805733292291,0.15044949889069803,27.07914953236606,41.47442026809474,0.16059278111515263,0.3974879924226278,0.3078646514131181,0.4167158878736821,0.27541946071319984,37.66636290975771,58.97231143685029,-0.5197765482509076,0.602896339446407,0.7788736482559626,0.8169005946848834,alerta
0.462204041070569,0.36492973557298103,-0.16283774536987433,28.95167254979752,74.5808773365701,0.25546817716158216,0.21714040403767187,0.735674735603119,0.03181237831490714,0.2325128860819739,40.38460699028858,81.71878398202104,3.2257973515779153,0.28969602059877186,0.37473201345312146,0.476770520606426,atencao
0.27959305018703373,0.6378872993690969,0.1861964965410539,25.562435413441285,4.655934567466495,0.3259203412397478,0.3736408184666985,0.1706764904856358,0.5392910017510238,0.29003250776334033,25.074827353064368,47.02744241072935,-0.5209791364165661,0.43294712119540224,0.7646359942849736,0.7839386353624312,alerta
0.5293306631648507,0.5969430665255665,0.38461747990498846,11.534965193364277,22.41270338773552,0.2510607458328449,0.3329120962314033,0.5768868037814098,0.011200577170029513,0.41191261904856086,25.0056127074111,48.70123470192429,-2.158118233183057,0.48846948224993525,0.006516315691875274,0.930168714647678,atencao
0.7610620851134858,0.47279381844612267,0.3461367903216353,16.985756706282828,99.7494966107931,0.23241312691973526,0.17615391250286005,0.4076834825099886,0.5713141863756924,0.021002331114319026,33.02847883351866,81.03689678465281,-3.4150876569510844,0.06451261073803383,0.4770499377168822,0.7322942661400873,atencao
0.6625574204866929,0.7214306433477565,-0.16918508101029234,24.760051882962482,92.01220276060029,0.6819493109906324,0.6072666701014879,0.3166979141985522,0.34248680320732594,0.34081528259412197,25.4979929850913,38.836975687262814,-3.284574264825813,0.4859817845641028,0.7939044001326908,0.7760942862183243,alerta
0.7145928035030148,0.23030843509346183,-0.17313795071974716,19.307058512341143,42.07712297485762,0.14968713782023466,0.4766241605086289,0.9426384744332216,0.01749954441647612,0.03986198115030236,41.567053412260364,65.47804109524048,2.8404248536487966,0.42631966680431477,0.6300447206413533,0.06717543126585612,atencao
0.6111483566975021,0.17102173670125392,-0.07205178741682364,15.452907932835826,45.2172753329055,0.5266631406659604,0.8657009923240037,0.4524897843044527,0.37099737747510014,0.17651283822044714,28.775107967203663,69.08679760328053,0.0032269193296974308,0.7125442652865932,0.4740631241545077,0.20495766223228062,normal
0.6345935951624967,0.6550752785210244,0.006913517389881663,25.12398525755315,64.02653202642954,0.05026668813546367,0.03210958048205825,0.35567964116384976,0.3948050029211712,0.24951535591497906,33.035300399202356,60.27708617148697,2.535630098000137,0.6456659112123446,0.6446420066063492,0.9743037405035937,atencao
0.7444369560957235,0.3854473808119364,0.047187244197210265,19.68429380343551,0.028920562216145917,0.4375187351115449,0.6438679275551263,0.11630053090438386,0.7001687827333727,0.18353068636224354,26.039339710207802,69.71159394115686,2.140584095873278,0.18521571815056104,0.9069460031486639,0.6931870037873944,alerta
0.32476760620143014,0.6505297552345893,0.2777426343083435,17.74322929520244,28.949320324563345,0.645362952570134,0.7629488785115611,0.2944551232739008,0.13955381542938466,0.5659910612967145,33.8748230749114,43.63773230059835,-2.78173784415768,0.20613891821039698,0.5663818006102074,0.5614490173110046,alerta
0.4925974745501983,0.6805086333770197,-0.2518216326590399,23.919562523211425,24.98781703298573,0.23715716116059232,0.759486569188307,0.3499574687651323,0.18921431205841546,0.4608282191764522,31.459254127505943,77.631611638577,-2.7140085922695953,0.25100617877437326,0.7997861914601062,0.36697637339645006,alerta
0.30484660927372154,0.14059743585239645,-0.27052820140784356,13.998527742465194,30.057953609971616,0.17059188391751745,0.8860739670955251,0.03332940758458471,0.44830939258821917,0.5183611998271961,25.759220490912803,42.00128447349428,2.798078138907205,0.17895044029717733,0.9807427252251976,0.04438900120691791,alerta
0.8413676055976529,0.6742520959409395,0.03312397850232274,37.83237199226222,96.70870110401296,0.47359186667097747,0.7290337428294941,0.3388375488606787,0.3609648533678547,0.3001975977714666,30.69711253383582,55.04062221578749,2.4914146413687552,0.6572131996684671,0.7055682020755667,0.369135907964135,atencao
0.8108415377806293,0.3914073859901245,0.29258913831728345,36.031062937577175,33.56086278557318,0.5131909147439555,0.9278100616476963,0.5128994431987745,0.4436571590510966,0.04344339775012884,31.654412343788547,38.76288006541029,-0.5977230981312065,0.9944301792002705,0.5733257638890635,0.4989128732895759,normal
0.17759876795795412,0.431781117852751,-0.13557995848698978,31.22861757221606,22.98255864601778,0.49721983731878777,0.33265659982089146,0.5267231011611254,0.24992088142413774,0.22335601741473685,41.828665351673976,62.26055394087001,-3.303199630004439,0.6521083405159366,0.03748594712534026,0.21145950938688673,atencao
0.6439026207609819,0.5072851322105867,0.24527880906781402,13.186414827653685,60.511615295163786,0.2575559720138931,0.5032094167515431,0.37470888748854625,0.4855824652987854,0.13970864721266846,28.534059822629384,68.48729037128196,-3.89111780471393,0.6066815461912912,0.37447789825458755,0.17313679127383252,normal
0.797673822190966,0.7021486943745564,-0.07914608275074542,33.27631763409079,103.87740436472784,0.21393156140356506,0.014079663282890675,0.4530450019506272,0.4610123258506625,0.08594267219871028,34.261253461291695,82.06108175476453,-1.4065874548442965,0.40992793335107247,0.5654427335151183,0.5084165513575168,atencao
0.27640274158913347,0.11242546137934663,0.45317319249148896,34.23871984327057,28.961964460499985,0.6713472199753286,0.006957587303291213,0.2393987949465278,0.5398181664970849,0.22078303855638728,41.78436433637668,71.96680979480004,-3.9169995377149576,0.3125802588597607,0.7972065717060325,0.5859042356275439,alerta
0.5475616613868406,0.4099482544065811,0.4613364526266241,33.03293853143013,9.424349135135843,0.6501446803754541,0.2401266204515199,0.13951353971305952,0.5341456594164143,0.3263408008705262,38.4643265349823,62.05514582270756,-1.9293464100666693,0.9110737569064792,0.43810478964757626,0.23991791885452485,alerta
0.7908418083116293,0.5470193275798645,-0.04730587636087247,13.418976613577236,42.76856830195976,0.34725579643033316,0.10080719713908526,0.3956112207439535,0.23105464275533677,0.3733341365007098,41.88724751499551,81.63085085851668,-0.22449333809795302,0.969001874142153,0.9600582757647734,0.587389474456213,alerta
0.1737621850100592,0.5697595225038485,-0.10450530913124553,29.317238712032943,89.71821894779734,0.6000260130003426,0.2602113679357536,0.4001976865688185,0.4576202644187114,0.14218204901247003,41.46107134922288,58.92184190204382,-2.9072581121924124,0.4967761755877278,0.2717937526236749,0.9003399638742949,alerta
0.6381941870727879,0.5501460804991202,0.049608376256296605,35.02974387248196,66.08286536337535,0.3440102604622924,0.1770432945283974,0.3772754135470536,0.32021381115641673,0.30251077529652964,33.322172215600624,63.06028265494347,-3.061500179516084,0.29020049550655747,0.7445671952103164,0.4731732580213538,alerta
0.35814430516078555,0.18738283411527923,-0.09554815259687355,27.32060203659003,98.0152043489217,0.3258528617471317,0.02852002483864824,0.011578658254100442,0.5614140966981307,0.4270072450477689,36.83838944779962,64.80492638350479,4.067936921468629,0.7701222076697677,0.4190314170841275,0.8573901695871814,atencao
0.7970773367635713,0.2946071324415928,0.27152626679794817,29.39222125684267,115.15105771310807,0.15189591593954152,0.9093041464060494,0.12124636981113723,0.53453126432732,0.3442223658615428,26.87753315799957,55.49898629432835,1.269230261206003,0.13245679086687845,0.48598849456590587,0.9272714445333184,alerta
0.8297407716157574,0.3331650915210588,0.40215498186604276,23.750904382789187,95.11949721019404,0.3271639367197823,0.008223131388891525,0.07798836331831695,0.7580571888169984,0.1639544478646847,32.49953002579563,76.9241345282912,4.410101180865032,0.7655882376436816,0.8025020338654403,0.0923940289370857,atencao
0.8109865423794037,0.6228841849916782,0.2721283112745346,25.86121959652158,72.4563694612504,0.3993210100898745,0.7360821443370854,0.3889316902926026,0.3743072425184927,0.23676106718890472,38.75331521853386,44.25879694225296,-0.8875645259288873,0.8189483743113387,0.29621526165170553,0.09581157965679699,atencao
0.4819499516602246,0.2811939170694595,0.40069788016194713,11.031305750551756,59.20099056628566,0.0646278128286462,0.15214788691951653,0.7539095783226757,0.0034989322271341957,0.2425914894501902,33.59070045661144,62.7421095185804,2.094304435962468,0.12490394462716736,0.09681205659514314,0.4760441828876014,normal
0.7534298556925194,0.23695822651368206,0.03744333787635307,29.16889065919854,4.808290361792,0.3386734533640141,0.9122296219996,0.25686227422791064,0.09296085643695665,0.6501768693351327,36.94588355789294,71.1116628093597,-2.1577749284038865,0.9768614687965638,0.5202555846134271,0.5881024443177026,alerta
0.7411845789745493,0.7223412123747626,-0.16713057489746824,12.443416386734775,118.11863745768495,0.5578815419568802,0.8927959395898858,0.6489919447868315,0.15548722497757556,0.1955208302355928,37.677772609732706,80.19880859382886,1.5650628555194706,0.9855122903884784,0.5287946118037488,0.4258834644650292,atencao
0.3733703312702789,0.10576113532375479,0.32725830528795335,23.050437830206704,46.017734709005104,0.4920299366432753,0.6539011463692573,0.4208500642209418,0.1409188033618086,0.4382311324172496,29.308975401129196,79.19591982171391,-2.83372842991014,0.9367194793273512,0.7971677722253737,0.32645077041750303,atencao
0.7302408319054742,0.7485835561932859,0.006403329370320843,18.779652930022234,18.267385670024016,0.46285204276155767,0.6722341498006051,0.5470625243793747,0.2019931144114166,0.25094436120920877,39.886889340023615,60.4370144715071,-3.9812742474134284,0.4960348094062643,0.9683192062321018,0.6409941161261559,alerta
0.1759053443008448,0.5399338442573072,0.27058020144476275,26.36283850635139,80.0050626475748,0.6412110284841815,0.005339141969688543,0.5912645529213929,0.18560500217988732,0.22313044489871978,32.81698132545604,67.15807255816708,4.383786212686211,0.24607414227682844,0.05530068632834839,0.002081512349920267,atencao
0.5673889149374371,0.6385050446419261,-0.06995264931549916,14.002490065696213,34.11459469145512,0.061720806386399506,0.984871566113602,0.07395843908248614,0.3182309677277219,0.6078105931897918,28.573146761566242,54.71188680646505,0.9940493855768837,0.582009280881913,0.5916894737431089,0.9680732808637424,alerta
0.3110061861013921,0.29150260762502556,-0.2309548104143282,30.749302059199547,70.29339251172571,0.41208093102495214,0.8778326035758144,0.6608439017227589,0.30836924098886537,0.030786857288375855,39.71206999040354,58.408888144010014,4.342465965038356,0.4199338384714357,0.6812785303147999,0.23207908818802214,alerta
0.23439682004409515,0.109304930483589,0.5436945261645989,33.85034610785411,70.41214894135095,0.5617767514663096,0.895106225730092,0.22258416612830167,0.17450920720670127,0.6029066266649971,32.102919703806315,80.31328962865248,-0.9955162866813518,0.2059486447171971,0.9858013507485217,0.9170987685830071,alerta
0.2038672411404464,0.5796151870649946,-0.16722871825899058,14.900633492294695,53.4875785083443,0.40186799875582363,0.6592445370508719,0.4021421515718349,0.04335191926613812,0.554505929162027,37.75531145245523,81.5351996596237,-1.0499253775441888,0.4236764096178476,0.9425902142769116,0.10901474453450599,alerta
0.6374021431146978,0.6421939880504393,0.540157844868959,13.129392620556466,100.33423386540511,0.26053210917724645,0.34478692865453653,0.5219718702857874,0.41315956870084225,0.06486856101337037,34.31656222776708,79.77070290335098,-0.39410498404271443,0.6638898356775905,0.7124507647119775,0.23808718204457258,normal
0.3879124746376463,0.5813094857697875,0.5306879426814803,14.365464483620775,31.796047386653164,0.13856286730978562,0.8936486490904808,0.48419780646283317,0.28708979553202824,0.22871239800513862,31.491819787986508,41.91854309068191,2.3543688556235143,0.07091331078599106,0.5217894112444659,0.23487370108750039,atencao
0.657336740070133,0.1928526867455451,0.37474538832183374,36.31382685695505,53.8359109941281,0.6269159966805243,0.29151692815119234,0.4528691580597388,0.39721655342280415,0.14991428851745697,38.767899055655676,77.5042010665318,1.092277707675568,0.3334180014460165,0.16152392229926127,0.9961529042006462,alerta
0.19574943855925964,0.5897281494670299,0.26050951776969805,25.845677852690685,64.52305543091657,0.35599555505194186,0.5627115433422029,0.323634445548815,0.34560682641708934,0.3307587280340956,34.93598883795842,82.41818655107402,4.328194163892061,0.017794890012825193,0.3841765552044174,0.00460054572588442,atencao
0.3707032364814272,0.5997998083699667,0.19113599271342208,24.01782988022508,79.63496649207596,0.6207748780407059,0.0997309723438824,0.40126288303275787,0.46899424587908817,0.12974287108815388,31.63955574125954,53.06248472868023,-3.7710318898080457,0.7494955054616756,0.5851223250571543,0.6396382093034958,atencao
0.527643904662736,0.5280513351855357,0.4361863135711596,13.201354573070628,94.07662206067074,0.43080387958155936,0.9219556301327502,0.5586001841688639,0.2868890434295069,0.15451077240162936,26.863163795697158,60.93231447108346,2.3737634417528284,0.6406912676167008,0.7252003965957537,0.8696865810608528,atencao
0.7035062153872744,0.5979753563171311,-0.053976406623435225,29.486680202708854,47.37687394539073,0.48822487579975044,0.14077045777121333,0.10285646749945797,0.5426931834439107,0.3544503490566314,40.22257033403403,73.9547627906498,-1.0270507957010109,0.06267213470196586,0.6353995574791123,0.6722736540247367,alerta
0.37312675205244894,0.6498489357905259,0.09752903061214552,36.039987756852696,77.52563329159152,0.5727697503459925,0.22489680573040727,0.42812434903553215,0.5039661217139573,0.06790952925051055,25.602982950808332,63.10390687828244,-2.3778971336338492,0.9647375596019678,0.7141228018277412,0.36273381821694417,atencao
0.5881239635059063,0.49884267425434803,0.22648147396152668,34.84557607970359,18.073314368222295,0.4784511039900873,0.558134158128215,0.31656184080914423,0.5522672912751571,0.13117086791569868,39.674184922256956,84.67417608531247,0.5935606026808902,0.022621557127100678,0.4291525045518977,0.9583093627029349,alerta
0.770184423765331,0.1575930640802914,0.04951190448906745,28.78164126942404,111.91777206509744,0.30873564644130946,0.7640930002129815,0.38571970801938094,0.36464351182712235,0.24963678015349677,31.119345923013643,57.78566825784142,0.5455740576199641,0.5899606464760886,0.727627290571009,0.893520754589041,atencao
0.5811042317276132,0.4169580762836871,0.0633634859767278,12.258361499550208,45.96705677052042,0.3838616995536231,0.619351305936299,0.32207235860530514,0.4898457043424235,0.18808193705227125,35.8687589795239,70.69713556036888,-2.7669007418041445,0.7763674617990558,0.1437412560197192,0.43395492024951776,normal
0.31307163232754365,0.1504720675365433,-0.019258032623228227,13.371910815280389,87.54257063717262,0.5719795910393218,0.23213391280015616,0.48326207438617724,0.16804735696895634,0.34869056864486636,40.67739530520665,74.62955700982721,-2.182935494803991,0.787896313044723,0.16258631176311356,0.5733284926111635,alerta
0.1670805470895766,0.3649029701710801,0.17959704418185568,11.47926961329474,2.4409298258613177,0.2928726926424397,0.0009430425274903342,0.49085354200899534,0.29113183293962286,0.21801462505138186,27.579012463566272,59.70502078792197,-0.32651801588600593,0.034285135593203786,0.16283214582946282,0.9675191878052407,alerta
0.7590692117306509,0.36461921793165797,0.4229883488128487,17.724376494774077,24.62245714857684,0.30227894689952306,0.7571505803074392,0.28460387149007277,0.5094635329454934,0.20593259556443397,34.63815808585977,77.8491902855688,-0.3206972884691619,0.9064151326404393,0.8908649570357761,0.9825603619264701,atencao
0.164888587595271,0.14290639869115704,-0.12870087869463406,14.069844014811332,58.44990531882936,0.11219857543770075,0.9852073259110937,0.49402527464477025,0.26863911166753945,0.2373356136876903,37.99535866029326,62.30772956035982,-1.1419767434228376,0.9184516719271222,0.07603406330863449,0.4498232757179522,alerta
0.7622911708789396,0.32673334708016155,0.4942680829404253,17.801441207573017,105.39029612788158,0.6444798828941359,0.8099131203060904,0.13623735931326478,0.7009756543409494,0.1627869863457857,37.87892515622397,55.582539840081566,-2.6630936364101716,0.5613903731543727,0.8015083727334759,0.8473500281430886,alerta
0.5202559938190484,0.17214876421435465,0.28572450568599533,21.55174167156885,63.270617994081256,0.10917360471453712,0.46020661815661534,0.5935690378094757,0.333889495753396,0.07254146643712835,33.93574254819157,40.39118369259735,-3.960636888091184,0.4820831988871461,0.23357089804673714,0.30198022695393634,atencao
0.8073473889590274,0.6253528865059944,0.3997822307780257,38.28948352213407,111.58445787526549,0.47133596534156125,0.9037672613991066,0.34657037599992824,0.42619204171703073,0.2272375822830411,35.62057081840979,54.67067881752121,4.732115561852185,0.04486746306259981,0.46842994049525066,0.3718128729306647,atencao
0.7091482650415658,0.715997216876906,0.17276208873550997,28.31128179345076,58.05562758993556,0.31857641122181846,0.40984767311835,0.3663253755467833,0.31243408781791787,0.32124053663529883,37.877958900258356,71.69682273666422,4.491493067335343,0.5619541425098686,0.915956595465678,0.16482188299022626,atencao
0.8485538773733362,0.1470057089176601,0.362589196210454,35.049213570488874,58.853891608313994,0.3136526036660375,0.5249340842434675,0.7320292775985673,0.050982048811587015,0.21698867358984578,39.297469841876,81.06432058400537,0.3528534125852163,0.40937908177023075,0.5859372296875067,0.2091845927767303,atencao
0.3954982708161971,0.7208248847396059,-0.28622966226145286,31.31054502136997,14.369614620063826,0.49170869377224447,0.47712976739568325,0.39317801614579073,0.40845231314258346,0.19836967071162584,37.950822646889684,47.58397019301552,4.955465779475052,0.7728064074086561,0.2101176862323586,0.6568733022593589,atencao
0.6870318022517888,0.4396747895688844,0.39562336106260504,13.375093915798953,96.31874929826638,0.09361092620942116,0.44762387266552495,0.5799457980397705,0.18495951106166014,0.23509469089856946,31.018084034081127,52.76177586652513,2.0628889770401893,0.40388356688608784,0.2840900603188071,0.5107816180070809,normal
0.4313516395264695,0.2947176906700181,-0.26588196977743844,32.07761219121846,29.6358494960475,0.43590875891843245,0.7751907692939057,0.6693894709725248,0.026462295406723044,0.3041482336207523,41.944348817981464,42.69804970522131,-3.380282161532126,0.6835808333247098,0.9204466238957857,0.23113186062560287,alerta
0.4859129342127362,0.1499603489295063,0.45642636990843316,18.252966446773733,107.95349872467781,0.5518206608820306,0.526768907269492,0.08705154774766702,0.5843265834952076,0.32862186875712535,32.38654579322817,69.53614471144844,-2.9405362082563538,0.1014081462375308,0.42714392510997834,0.40290961636165257,atencao
0.589253824252859,0.42540577424577164,0.5431683351528469,29.17323540984119,109.29890643964754,0.5883382926262862,0.31671712202521607,0.7357018853877935,0.239049922660674,0.025248191951532425,25.415899946901867,83.00942150049627,4.244997594826739,0.13295227076596694,0.5869854830067894,0.37318345986368173,normal
0.7615739799304371,0.6164351039189866,-0.05004265714973882,20.228859209289656,113.19721342489797,0.16084475310595392,0.2581581676584783,0.24134779610023274,0.46428352446930865,0.29436867943045864,31.164488176952855,67.04761099240878,1.670469819346656,0.13971019064915835,0.45993219662538876,0.9873602045353342,alerta
0.8388584284395065,0.5596062102233538,-0.12122922715707538,39.930167897939775,62.4276586923708,0.6333223825508129,0.037747316967433386,0.4334518702037402,0.4924320511213525,0.07411607867490728,27.172310227755336,65.85382650031131,3.5886526399161607,0.04552549979974352,0.3784380880484496,0.8535658372113794,atencao
0.6877913897051627,0.13264690745158295,0.35055885927933467,17.906544384903334,81.25125417403733,0.4764949597008374,0.583195161883046,0.6248800151645889,0.1396126043423302,0.2355073804930808,27.064524467382377,62.674496525021695,4.0844268467045985,0.5413288592698038,0.22327912693240193,0.38796633338382425,normal
0.4424367475171336,0.1473861929891373,-0.08492761021778472,18.37391412322809,93.42190560739962,0.6232056205334437,0.2299614154010342,0.2176085401101964,0.49056604764801554,0.2918254122417881,29.786095681817205,39.42278703427682,0.03147810154147468,0.793967726043636,0.6861915004846021,0.9139165788960331,alerta
0.4449499015939491,0.3618676337112141,0.435728025696373,37.92016766687195,15.721754238055873,0.36543246612162883,0.1481339220163831,0.5440379908588134,0.24339113262391796,0.21257087651726855,25.907383401013433,71.47519132146918,-3.5632664358097625,0.6104112036936661,0.7182420262721204,0.34263539162817114,atencao
0.666307611112224,0.29193882113116315,-0.2125837966661448,10.73933213908968,72.11486339969967,0.4023216743131813,0.6538299638276777,0.2717903423457056,0.6205239372879199,0.10768572036637457,36.704707202962574,65.10247717746753,-2.305476859924102,0.5749548855528562,0.2748850916073995,0.6679015127348594,atencao
0.3171440020378116,0.2510498099864311,-0.19293808307754545,30.900669636195907,4.115748156397401,0.6473748800686362,0.6812092578215488,0.0030145906103539967,0.46798016327468894,0.5290052461149571,26.257811031432386,68.07383844281435,-3.400852474278084,0.6806239284027364,0.7890108430548304,0.9666499966821125,alerta
0.22733187919197625,0.28265292429066385,0.5322788218355234,31.759791722076343,59.7079300066471,0.6349412031805366,0.752154892257666,0.29519161082577905,0.3339267338215259,0.3708816553526951,28.455922442411254,79.94055465137109,-2.301341388713434,0.3396453230720148,0.8545352003016795,0.39027886398855227,alerta
0.39823551034854354,0.622263783142975,0.272763063529504,35.09135732231198,18.58112179442729,0.34130456768985123,0.5035768963385915,0.06446195636013684,0.588287964658054,0.34725007898180926,26.579295146400028,74.19803935305089,-0.3052036618971088,0.3619540716482289,0.9206750962396304,0.6798849651049338,alerta
0.3510672941578572,0.703998234860705,0.41985414076461,39.23317931915426,21.950751115450164,0.22836821056319312,0.8940546052038866,0.4393889421714277,0.39283058630713136,0.16778047152144088,26.073851425351528,74.0457626077263,-2.936228705365131,0.31427009822092256,0.16121241391836993,0.2959238110626332,atencao
0.357415684319193,0.3633167514429182,-0.02432002925120963,39.26805757469957,43.80570800311218,0.30556078246677165,0.9363427533982278,0.3414657825505068,0.4993604572687638,0.15917376018072943,29.551778314172207,81.35918844396738,-2.4994007697519107,0.7121089328535756,0.3039236836132664,0.26631231559797464,atencao
0.3135254257349369,0.6889721513861231,0.2750111870925139,11.958302726993917,51.89246000598036,0.30204681354433727,0.8073709397924894,0.22577227370181083,0.43886732959178,0.33536039670640916,34.72228245022629,84.49674757314997,0.012396038645112739,0.1616403356707743,0.8603533475036956,0.5741566664315519,alerta
0.1794652327454533,0.3089722058111233,0.20510555321230767,34.655179682587075,74.78069094386247,0.23646346873881602,0.6355934820081872,0.1358324111065943,0.28258304853994903,0.5815845403534566,41.399654459596306,64.06413659805298,-0.9384614465035943,0.013025280312924381,0.19854020282789397,0.9792645980332182,alerta
0.16251175431338966,0.40968404112346457,0.21267760210450498,29.38929800972144,8.93141021262188,0.22457674281642825,0.30372095359118867,0.20080577699463018,0.3812396968629724,0.4179545261423974,39.884463123943306,40.444080801558286,0.20892311769236915,0.5961964467224924,0.00346845924349537,0.45313384872016993,atencao
0.841405672815222,0.24691884858039984,0.2801525906070634,29.420264031192737,60.44301134849336,0.6096909087118176,0.9829449216202212,0.3963923009125312,0.48214402203787843,0.12146367704959043,39.89087673257052,57.95649538877182,-0.13745175016844158,0.9423813647342054,0.8708273102516345,0.9376369703165807,alerta
0.4494411936151036,0.5163094274142986,0.18905529715973385,13.850497798440845,21.915015630372135,0.0954102484450301,0.27413616719193834,0.14983671570451926,0.6181728192882228,0.23199046500725792,27.993139612640178,74.38005732308221,1.8003022338189512,0.6094079169963047,0.32644944175136936,0.9143635202447616,atencao
0.41902865301177716,0.7363377248636258,0.06470301390726613,29.5056149933696,68.87702100380903,0.4904472683647361,0.20265692199043106,0.300444593260236,0.3792785713958064,0.32027683534395757,29.503422289462943,36.38626623809246,4.43470593988269,0.7829216529408951,0.41449752513895,0.25376261234499475,normal
0.6257530978851489,0.4922705124281961,-0.06546570977653515,39.47447741803744,76.48855347134202,0.16233303344669398,0.44215411378658276,0.4738109814859362,0.3375359958350948,0.188653022678969,26.298686385520195,37.84437191780745,-3.0292209540018176,0.6727907094660301,0.44633402572063796,0.4018194070843274,atencao
0.30277772150554494,0.3325791546738068,0.35329413127622183,37.354557086183405,66.80511078634247,0.27392883070614105,0.05684057071238846,0.42025042019895503,0.5188686152103182,0.06088096459072664,38.23396177855815,38.35788911914106,-3.106658656217246,0.49743665352301625,0.8482746006672285,0.6433024784941831,alerta
0.8149728287651578,0.5210813398938434,-0.10766843449729169,23.173919824145514,88.59546125739692,0.09000297218764396,0.9784944646717908,0.42477840134183853,0.49468227173742774,0.08053932692073382,26.186877125254554,71.55178791641555,3.675254999818118,0.718392401783846,0.3378921445934604,0.5180458844113917,normal
0.7004415100908864,0.1798984410025019,0.2885011602312521,11.19843919858283,40.27310930890816,0.22548286395605033,0.5884335564164248,0.15150638844040287,0.3794509224972629,0.4690426890623342,34.463826403954506,60.0583314281586,0.5575703418721325,0.8241041238552218,0.8922798858564818,0.09595852986317432,atencao
0.21258770161858165,0.6776284021725091,-0.10166710074807231,20.868804700006145,91.8127909959757,0.5494736962262073,0.5569520916641753,0.5570301443676814,0.37692198111791625,0.06604787451440232,29.213884729507164,53.44489717602968,2.8976452121159797,0.224731644171698,0.616939138048048,0.9936980301271583,alerta
0.44230654304944983,0.4270045680068937,0.23153064446128585,34.79170934801665,51.93204980498324,0.6252599609557181,0.6557962798997199,0.5254873228044459,0.28431521226532225,0.19019746493023187,29.13857577848866,40.2808522630868,-2.061202867534467,0.33613048048314553,0.5272867240336843,0.75265400121128,alerta
0.7653828152935153,0.39207733232576736,0.3350165270596746,31.044973043954982,58.10213979871162,0.19399264873653854,0.49702364777720665,0.4181350010089447,0.41039147359430017,0.17147352539675514,41.84232593920929,71.61201251029445,3.4597631585079656,0.22372573250328387,0.3256145071274624,0.43769403822471176,atencao
0.8113124156039871,0.4808121124947875,-0.11409319442944166,23.780309667818692,77.77225527132858,0.35130609551829917,0.03206351709454158,0.4528518535084871,0.1608683676982414,0.3862797787932716,37.86525671863514,51.05099052754498,4.314619617734262,0.452172955590441,0.24371169628118583,0.6181685496662913,atencao
0.47718105787490883,0.5061095108131116,-0.24904819426788793,11.653046054764932,2.203006079906875,0.3557106311591841,0.6123112888403968,0.7243771374663898,0.004475965366122225,0.271146897167488,39.22796909094785,48.266203503233356,1.7193471399183942,0.8850645509166676,0.6240584427773487,0.08757281726623012,atencao
0.5793879724474954,0.14665427404723347,-0.18867231845495203,22.806841834699078,78.4793065704298,0.6178239487438272,0.7161738769564306,0.28665989169908646,0.23733851184868285,0.47600159645223067,34.72370565084822,67.61596007767756,-3.04708880673578,0.34520710083533235,0.4468941600565761,0.49530165368961,alerta
0.26692376226445264,0.5437011937952115,0.2150974221803717,24.070748191536506,74.23021788865384,0.5458193843692735,0.41674906062405315,0.039086310522891556,0.8499102258011059,0.11100346367600271,39.80724288569374,62.950544629842085,4.057653327407049,0.37446688913055337,0.9105160099320063,0.9308324158174878,alerta
0.8438180382958835,0.25725559220509425,0.4220294452918753,37.85666598682408,37.181654010393586,0.38350019193923235,0.7572955720711929,0.4143688520289996,0.3671055820024237,0.2185255659685766,35.973339165828,53.12053209066508,3.132389546330642,0.8603672346719318,0.49163871611404975,0.8966009580549783,atencao
0.31217019096841037,0.5640692111292834,-0.26175270194988925,29.232583107464784,10.295314187938738,0.4859856803066526,0.22700129933842061,0.5938891281340369,0.35116866046300776,0.05494221140295522,41.08495298153787,67.0743735402794,2.7578999886304087,0.5153743307446752,0.5117949167011911,0.3373808454831456,atencao
0.809912241894588,0.6346476163497279,0.3240285701853994,19.34958749963947,10.912253989564938,0.6007807850410884,0.22127659106618403,0.4009925693761951,0.16332668140193113,0.4356807492218738,29.782755962775823,48.56107601920591,-3.66944629984676,0.5354489996474344,0.41672328113600077,0.5313678638213388,atencao
0.6047526542946579,0.6225730299091382,-0.009879150942455672,25.75954793352164,110.78684963822742,0.05620032011660422,0.16141698768757395,0.46090066368578086,0.18240646075012326,0.35669287556409585,35.12043227830922,74.74151308021634,3.1906627273127413,0.8608012033322129,0.789262996991285,0.6973835240876468,alerta
0.5754157564152014,0.459125628815128,0.10674911443159418,11.981659234664802,82.71351854710045,0.31187852018253154,0.37199475978916186,0.31143307916357177,0.15734671105990175,0.5312202097765265,36.73223291492717,46.465947515382695,-2.758440905784787,0.4905267370254732,0.4248391981092704,0.34000926690790534,normal
0.508881957711556,0.43811043000198824,0.4895306173687309,39.177047069492104,15.252313652488848,0.6397080587301011,0.8470120353890835,0.3727384410383534,0.13462908156170816,0.4926324773999383,31.679934185472714,42.94188476910078,-1.9985244142280045,0.6815575346293953,0.2693419997497549,0.06487921809393848,atencao
0.311468868202431,0.19286937487061762,-0.01782422097453129,20.80179705792178,42.806780317068764,0.5312034700485684,0.8279120621490643,0.41191834004165967,0.4279392593931073,0.16014240056523296,39.955035700868905,74.12197047494374,1.1942135138233176,0.08564466587406072,0.8620308742935098,0.5054416567178047,alerta
0.27356962240385574,0.6039749977620381,0.09553639384856322,24.336020647394072,71.09795926819157,0.40284689331714846,0.3828242079635038,0.3349871387920812,0.41932899508765403,0.2456838661202648,41.656653772770625,70.39460153489665,-1.6151730437480527,0.1786317131268853,0.5968282213652403,0.6016357358233364,alerta
0.30434034634912277,0.2764160972903643,-0.28836994745342104,20.65851922710768,100.26860461087784,0.3942689425728367,0.5891187359802366,0.3859619511775966,0.12299885939812549,0.49103918942427793,33.394081353335245,44.13194878508992,1.9521338568072775,0.4043762007162456,0.5915102197690018,0.005841600121510249,atencao
0.28050678350097813,0.4228520248316653,-0.23064108799588737,30.475351903486004,5.2393114455610235,0.27605056344288453,0.7208163164749156,0.1489511922708443,0.06211967977490343,0.7889291279542523,31.640891131673765,40.8122876344969,1.4726340292917346,0.49483906781987486,0.6108222071639265,0.09557537353853063,alerta
0.6957091314967273,0.28477816040288584,-0.08019714753543356,29.866964749887792,28.395975776401063,0.3883383468669844,0.24120677462802298,0.26152321499993664,0.400947362469588,0.33752942253047535,33.0229447854598,76.9199544243346,-3.0266536178806365,0.9657337012362295,0.7188397482056668,0.20729064359415228,atencao
0.395087681416711,0.18698843594980055,-0.2763255953020867,31.45966931587407,106.7698788354456,0.47599907965124455,0.16814108589474708,0.3622508081466259,0.2548449833950997,0.38290420845827433,39.496524677442835,73.8299241098344,1.9041312163235569,0.97065163304779,0.31306798931256685,0.34805228699093416,atencao
0.19048987359437744,0.5092125029796288,0.2366690271410134,18.044296888357625,1.0998660220579781,0.32193597497871546,0.972095993212311,0.5508372746144977,0.29301582904522094,0.1561468963402813,35.97296323380885,51.36286868498321,4.31559418842437,0.8511970874787617,0.033844370833002846,0.5410512228305804,atencao
0.8283718410985679,0.1353158226348875,0.06243860328137918,19.47005443492198,24.167892335266487,0.5141995451549131,0.6175573132096185,0.635916098667206,0.22915373243496598,0.13493016889782802,25.761130332807618,67.90987041066833,-2.550010853327502,0.31559883528557453,0.8105931608770096,0.2938429187596653,atencao
0.768650119474398,0.58661940218203,0.1659234223188188,13.75753693288624,115.08290111675592,0.6098009477192508,0.9814157218336639,0.7830566407669044,0.16557959269003653,0.05136376654305899,34.21688847757715,41.20800932739054,1.3735581884859869,0.9640282908324397,0.12890505388163742,0.27618381440650375,normal
0.7994265982366491,0.30643141691972586,-0.15154989198811986,29.665299155383376,73.60822158266053,0.15054515132015975,0.3377559871322291,0.45513267398447693,0.43740706491469644,0.10746026110082665,25.294102086596485,60.352382952383905,-0.9232116525697531,0.6893408646762126,0.7218197372105442,0.8693493438130818,atencao
0.8464354758525047,0.10008755045291547,-0.04845777497887627,11.193913820069577,31.400563996500775,0.3435055648313258,0.7030316999741315,0.23195315026797175,0.437787584434891,0.3302592652971372,38.23510130705789,35.936514603020996,0.1365050459624353,0.3929401278174004,0.08231529828732875,0.14505064080142627,atencao
0.27172667445364107,0.4322339405041994,0.2642508036248164,27.930470065703773,8.038931327501713,0.3152130593353027,0.22260363654123771,0.3903064707774747,0.31422587741617836,0.2954676518063468,30.581308650221885,54.580094046077775,-1.416998388289271,0.7016749169847664,0.3753078420284921,0.49546013317236026,atencao
0.42736941323186106,0.13045374054294204,0.5205073150858399,36.090876545549015,3.382960853666659,0.4968521226323232,0.26120017127391293,0.27373311675456874,0.3015986972590992,0.42466818598633205,33.024127195994595,38.74214107357025,-0.8128242728707429,0.01652272978652658,0.06302606983153825,0.952824716936136,alerta
0.680766932992864,0.27951021258358466,-0.25714574243812216,36.72496444868901,29.369409556431272,0.21241385241765404,0.511902121269624,0.11008729875247182,0.5988857517839669,0.29102694946356134,38.57752780042974,58.75735900784413,-3.7397935906009847,0.14615468227421358,0.5222136796277246,0.6250132491160458,alerta
0.6372144326376545,0.5595347168462156,0.45682667272697625,23.47113281109885,105.77829835066926,0.4661630947189795,0.3196181255080712,0.024505135669944927,0.7114778758786907,0.26401698845136434,25.789629893857946,56.08408234264472,4.833965641254986,0.8296857115563677,0.6531357727815751,0.7172054798944385,alerta
0.2577271344378985,0.14074825405421282,0.19034902111452723,23.779110646392212,49.90963851570114,0.6203680071254671,0.16762156384058446,0.36545271499455106,0.1645170046548144,0.4700302803506346,27.695206105057377,57.2192513319028,1.6231992986547343,0.6455736368731712,0.1714331411781883,0.4312369913906071,atencao
0.7210831874934325,0.6455700200314015,0.17933163174228023,12.30907549024052,86.44000429991917,0.3217855398658547,0.262880701989326,0.6453278576063911,0.15927706074474296,0.19539508164886576,31.765326399566952,37.2665651023997,0.5063503144449673,0.364194701291884,0.3716276184384021,0.019932167119719568,normal
0.30710840028566244,0.10248294972807903,0.12523675492659636,30.122950763291072,110.19420424559493,0.642160204986493,0.03574839446586464,0.17656496459040538,0.38833988433436356,0.43509515107523106,28.908727780274532,53.08081706409162,-0.5465618544970594,0.5006666402227188,0.9302394910430536,0.6461303683672054,alerta
0.30667233037583613,0.26043551498123646,-0.2410150269814441,34.637782611185365,48.964855392337995,0.695556430306761,0.7044236214774866,0.26757452859472003,0.11823133923688765,0.6141941321683922,30.744324238176073,72.82419245499582,0.8543710294162485,0.905142149645767,0.44238911710745676,0.6319242814281241,alerta
0.5258820960253895,0.5815876364988465,-0.22360467602426343,17.33965163814139,22.953284524487646,0.11895983246616884,0.4921166570858616,0.5118510391602917,0.2303482972082646,0.25780066363144355,41.96897054417191,53.44571866768101,-0.5790460115577645,0.6315781094790865,0.8025435689765567,0.11042763646333309,atencao
0.5650579543891922,0.30557559732404943,0.21077520481022322,22.639026449000937,62.05415170283034,0.20148457219015808,0.09424306640452562,0.025463718381281406,0.5924852847813921,0.3820509968373265,39.03204543875478,70.75859763047903,-0.7608286525569405,0.39814928393433024,0.9271847450602091,0.4621597136246315,atencao
0.5560603454864678,0.16623005224290882,-0.010185214279775423,35.16518010295811,108.97004244718254,0.6677468384633606,0.1716939931284912,0.40766569311064754,0.27085304002617305,0.3214812668631794,40.02633085432184,53.47393618168666,0.17551887549811784,0.12032665739753501,0.9743458249772865,0.9153289446656504,alerta
0.21404078617842842,0.33415204722027814,0.47967785659102863,36.313614029868646,96.52492969652407,0.6729129962129013,0.10253453811264401,0.3878053322575464,0.3993158374484837,0.21287883029397,40.92992877061818,56.16197207450932,-1.5161526969592827,0.293746801625561,0.8983220196913693,0.20508483197197513,alerta
0.7642226038412663,0.2757556361499416,0.045601956755551454,17.29539940792678,7.899581203578454,0.11350972900139301,0.6125928082758765,0.04427343029014122,0.6406307141527855,0.31509585555707326,30.795909965341327,63.194605641463305,-2.379550900298931,0.9783402327965833,0.31740532915896913,0.4610987546341103,atencao
0.33592002981209423,0.6477627364043607,-0.17821076010275505,26.517119036240928,83.10873600930982,0.059749025245138844,0.0942103636124938,0.37910790876110106,0.39604273115676475,0.22484936008213433,30.050308282540037,82.53409684035412,1.0094530836226419,0.4373630628517775,0.962572886161193,0.4611031852005204,atencao
0.2406604448979629,0.303676146430343,0.3075110084767307,15.774794519074812,68.62770269507445,0.15471501511667446,0.7542823330352161,0.20220905485167495,0.29832347069997217,0.49946747444835293,28.979062373725274,40.44302233233276,3.5848889253527094,0.47183946384486086,0.8123952417460469,0.8107614681476384,alerta
0.772123655908284,0.6128061066544047,-0.050649591775141584,13.056362924186697,108.89558116157106,0.6974083091984613,0.020510919320391174,0.30167361787751046,0.3580151535456503,0.3403112285768392,39.111987492238086,36.64568843305869,-2.6245464004669694,0.4985980323970154,0.8371755836394877,0.8245758703294446,alerta
0.8189560487608274,0.6797168941269776,0.14664976125250928,37.333615041758726,14.697770022035668,0.16699975079694646,0.2493757879958921,0.4894433218630318,0.07750372579509603,0.43305295234187213,36.55238165884815,65.39785919050226,-3.705390934562032,0.8841040229482111,0.015172984171834769,0.7592694196633919,alerta
0.7534893320858154,0.38198132272474417,0.2931578676793946,34.615225126963274,64.08433358455879,0.376655944369315,0.8906666758919072,0.1671009071196311,0.17023722043778422,0.6626618724425847,29.014923702208915,82.45485444642131,-1.7786942936136745,0.6039282843853099,0.9542388633182937,0.36545415918827373,alerta
0.7166612523074146,0.6914630435053548,0.4652244945217599,32.80104705409522,105.53552322142708,0.6014715221798321,0.718531318122246,0.04079081807397855,0.4508895020606493,0.5083196798653721,31.408895096577734,84.48615662773574,4.817485791084298,0.6936770364519221,0.7780902238487407,0.0720369250185201,atencao
0.6086693864473152,0.34525673507607535,0.3733625155814248,11.462989564394213,49.20285440900916,0.06326104694733412,0.07296833292568772,0.21181489851181684,0.19235303582493815,0.595832065663245,33.61409998685757,59.20821236960009,3.4588226636900536,0.389413542549104,0.7679674965079,0.3494829772240141,atencao
0.5356001594263975,0.7266509707185703,0.2749069076918155,35.31186378130772,57.83939012794405,0.4429178384679986,0.8211261044851798,0.1568502313699609,0.049113711560933374,0.7940360570691057,33.97838097365381,58.40408105425492,1.3627944817573692,0.02908761858897435,0.08152473092858625,0.6797912012713396,alerta
0.21089073193798707,0.15803819094162241,0.27768820503587216,23.141322277161514,8.455281320034995,0.23006654176525582,0.4930351215402048,0.6528363822113407,0.14722073514423492,0.19994288264442442,40.10837138537915,67.24818853725981,4.363240237188224,0.9309729142428443,0.23256854107333125,0.7027465744890764,alerta
0.43591724914948904,0.5465625232271079,0.5040359474272738,20.271853698875788,33.3772368538693,0.6105176956858255,0.8467830271688292,0.39030007008232764,0.45402803982307194,0.1556718900946003,31.469624260102677,62.78173786024849,0.007512051535202069,0.9491276809164064,0.9622616651378991,0.965000209476719,atencao
0.4108819619086198,0.4209791262970036,-0.04854951712794431,26.394290830761292,38.94079790027368,0.2342497470216514,0.6007397744503934,0.227775170718117,0.4672128930076296,0.3050119362742533,40.44490851850871,66.70440288070591,4.849525423176566,0.9491530533480511,0.5006770748054763,0.4536412314437085,atencao
0.33182764863222836,0.35197172354617057,-0.2990547199332407,12.740597281706675,113.41469384938644,0.4963912181832407,0.6818330320328587,0.5936534352198144,0.28731125150522924,0.11903531327495637,32.503248525436426,78.69997127689471,-1.3332815939264435,0.9436870866467165,0.3978580182372561,0.6324355829402903,alerta
0.6563940795820095,0.5112627211865907,-0.06883862451153108,32.69939648057196,33.92008326493909,0.48824276109080794,0.9935015603957081,0.419825546155069,0.30201126981329257,0.2781631840316384,37.68833547147001,72.31530847438046,-1.837248254356548,0.815241941069561,0.8399408171469137,0.5391908707225317,alerta
0.49711301455513957,0.5575071095623153,-0.11479232731726757,27.473052306648878,55.30424823235824,0.193970806758766,0.23233554592401817,0.55578708587323,0.11135633976677935,0.33285657435999066,40.814323439745955,59.84386958433978,1.7424338103230994,0.6845960501163268,0.08734041411394433,0.15061856011323738,atencao
0.20673235113535354,0.10283612527270092,0.26255939734689854,15.597702906195025,80.55653082771357,0.07261947991442758,0.6239455747613883,0.4892986816779073,0.41941284707971027,0.09128847124238249,40.42878696737553,58.09322295000848,-0.5966142884467565,0.8445099182672856,0.4169420162710593,0.46120247213213605,atencao
0.30412824136486794,0.20851950768567917,0.23865485980069973,15.646965993071369,19.462004688945285,0.3160122229605082,0.46032139005739836,0.496327745422927,0.2311191274361425,0.2725531271409305,25.96819874402658,66.9800874256558,1.63728987778632,0.6005462390010362,0.3757007744220836,0.5448351546889942,atencao
0.6282811345617171,0.5634799329123071,0.20444217529901526,15.527459547180227,58.37308645702494,0.2379755487778153,0.039451952922691436,0.22909065090255834,0.46857587792232713,0.3023334711751146,28.496973014601686,57.78531422101487,-1.2550403352758277,0.13436961389202362,0.34985138703039276,0.9507496060422586,alerta
0.2032916016432101,0.5331505188258342,-0.28619307327196436,11.710071626558019,88.62468473710891,0.5758355372489106,0.014470641502865034,0.2531721626000904,0.6610167740709352,0.08581106332897441,33.107392234048675,57.888967563281994,1.5612643115419198,0.39121816504142104,0.3076922436530731,0.36653905440895607,atencao
0.7458448398341381,0.7279308783336402,0.3194613462830504,27.633953481150545,104.02262556324793,0.5702367224959745,0.11922857781785867,0.3521472242195742,0.5381181128503558,0.10973466293006995,32.336422929202826,35.81529508932524,-1.5182836547346725,0.9712949119729375,0.21007495679007804,0.9800991031079778,atencao
0.49660256890978205,0.594674563663009,-0.024999149387332165,35.21044532765524,75.1511129594912,0.3470655689252065,0.6490917405385481,0.6821561319030804,0.004683620647730814,0.3131602474491888,35.89515830223252,43.70320687036542,-3.5412513806299906,0.3511378135956563,0.1729108029905222,0.5423000740240844,atencao
0.48641060412865356,0.7180022600253697,0.26529759065563646,10.524946419621658,80.28642183803375,0.4442329464600922,0.5671630879133922,0.25945148564687,0.47691193713302327,0.26363657722010664,41.06005386403201,59.425681999787656,4.20922311730865,0.8678279137313695,0.6404061169196741,0.24246924330305752,normal
0.5646854492616623,0.5566513259976246,0.17309166422683037,11.470139349138206,15.154016710148275,0.4427686853915013,0.5534295611637274,0.4382342293838279,0.07272674801737775,0.4890390225987944,26.91088009172513,76.13267295251845,3.9488468168611597,0.09321147077486958,0.9193948412086784,0.1916643870158078,atencao
0.7272766761476044,0.2937339356156381,-0.008678713386278847,27.183108300608374,113.49317966956166,0.5876527964779552,0.031856762528260085,0.42658708655374994,0.4122545966028603,0.16115831684338983,32.68159730728209,48.936350336356206,4.737183343454047,0.3341838423754696,0.5088516452498815,0.14169491726023176,normal
0.3934664455315351,0.16848719946305674,-0.1856101729615084,34.58487056158157,15.908889298137883,0.3262515691800783,0.46930299636000705,0.5004298315764053,0.17175730016754046,0.3278128682560543,28.27098764408137,61.132171656557446,2.4487445859926424,0.3509533247273796,0.2979745523466443,0.452932870573453,atencao
0.6246113067913445,0.6081855111742082,-0.21974393698859118,19.80216671705901,92.9607524618158,0.22904034186383088,0.9246228178425285,0.32278822705213134,0.2834987573672374,0.39371301558063126,40.19982917276511,52.24810423796161,2.1444905996177264,0.05160254310898016,0.15916019772222634,0.02192642978892323,atencao
0.5460123747970537,0.5186969939593453,0.4067905831453901,20.488431964231665,31.77795861339826,0.22227269679135586,0.3975918693106466,0.5811681535904344,0.07322667037950999,0.34560517603005564,41.3978631586281,40.24019947697945,1.031027630673477,0.11909433018675497,0.8301433650525942,0.44504528331486537,alerta
0.3369197891185949,0.13132090805564256,0.48063791076932444,27.890394924903276,112.03117724415019,0.39852498153343263,0.6249224697884563,0.2890036911923975,0.12037037305229502,0.5906259357553074,33.13792859213595,82.91492415356504,-2.866518252827296,0.19316521112177099,0.9714920564732138,0.9884046921559463,alerta
0.7650409904486106,0.33403280283563597,0.2523198397496547,18.22638667372441,86.39514472433754,0.34194633177593814,0.7798186756231436,0.09441970854059477,0.6850263941179182,0.22055389734148695,26.768175061378393,77.73369351251509,-2.2968822014565697,0.8378155908101129,0.34915540146785184,0.6701067957222666,alerta
0.7081982151248497,0.721919880064786,-0.21208100236858912,10.798250982330524,90.45764555740428,0.3360785011402085,0.7839252791418876,0.18416808102523852,0.49347487337493173,0.32235704559982975,38.350009334285446,38.92462122334532,-1.3947728019471741,0.06340198993980639,0.2909504255521289,0.7597861212004047,alerta
0.6109162842608978,0.4252607447116308,0.04172313435500469,32.05685554304788,26.287100767185997,0.10923927040830969,0.5192800823952713,0.27903643578241166,0.42290964337875453,0.2980539208388338,36.851402958370784,70.98936312341422,4.0114072631605495,0.2987009013443872,0.6014929529749413,0.11900539071826255,atencao
0.7454072103659694,0.381273938412808,0.31959832008938377,28.769497388243593,53.1647971962193,0.5170924314486272,0.8579519454023363,0.01264265950238379,0.5472685392117838,0.4400888012858325,31.029404052375277,52.37899521787501,-2.443274278572324,0.010175002589267512,0.7753289809534257,0.4731008614900908,alerta
0.7571059406718617,0.39750474335354113,0.362847751408558,27.422679971669773,74.13758335071437,0.18892884718824193,0.39137809336374696,0.41588905427246736,0.3889273284819917,0.19518361724554092,40.085927057472375,84.74249035308964,4.305858570391015,0.6956277454030247,0.45540280354966434,0.2862231010257139,normal
0.6458540837005243,0.23577377060335644,-0.19951417105257468,32.250523869754694,92.39683418479211,0.17801985963566885,0.8886932147847983,0.46352652620553353,0.3391526317311377,0.19732084206332884,41.58914212630602,50.11992599144888,0.705071597462755,0.6203030900433798,0.6300731498609492,0.8940975279890293,alerta
0.7359093298545704,0.33965966106211687,-0.2999738889814249,30.256925126861127,12.475125109486749,0.3182929081803057,0.2402271663955453,0.5773381322137937,0.04498961641060566,0.3776722513756006,34.48351543521332,46.93692226813,2.4401267192576492,0.6449822620531418,0.7165490680232919,0.18129247201391252,atencao
0.6382300231684985,0.3403786163916648,0.3053164889985143,16.176459645349635,115.4838379745434,0.1980559220515709,0.28021640699057104,0.22038164722258108,0.00558005144127303,0.7740383013361459,34.617374492852974,63.39452741527026,-3.007799619874901,0.3743827847146187,0.9605922878561792,0.458733327136742,atencao
0.6260985402322102,0.13403076312185708,0.0031067495882748375,20.574431408300534,106.82648046654673,0.42950787375020993,0.0531206241990011,0.17259849721817783,0.3458436345423961,0.48155786823942603,30.057729586934222,76.7563081671602,-1.578698061016802,0.20826782126756904,0.1650373305200834,0.5880477183456377,alerta
0.583027964750629,0.5989189585366469,-0.08369086812447876,13.78330425035875,32.44183085947012,0.29145117056740644,0.7955818365422829,0.607625636467162,0.16491052051601537,0.2274638430168226,34.93660261171634,44.6259435909899,4.626667473632837,0.7203202132860334,0.9973824938253695,0.5140410915785326,atencao
0.6769016476903489,0.3707278807375214,-0.28903715067890334,13.89571040253643,98.73122916387983,0.3417926196853135,0.4170552362327056,0.484514188704909,0.04960479821093921,0.46588101308415175,32.47391944892239,70.47013848596657,-1.6046504776324175,0.8111178727406951,0.3921566552412288,0.8302435279704073,atencao
0.26102357370515156,0.6344169264306752,0.1592544957472748,30.285872390696177,62.19887076477881,0.3991600590426187,0.22911661391139904,0.5922754156245474,0.11189306400962497,0.29583152036582744,30.13724745777688,38.070329157056086,-1.331304516479685,0.13860149809820177,0.7232001427265538,0.23145317131964038,alerta
0.7666095314392499,0.652726200727932,0.42347812511208455,35.75800320947495,55.416777787442236,0.18229808961317312,0.23179027761657967,0.6232721629586917,0.0776938122026988,0.2990340248386095,26.142148340906324,80.94673715552486,-2.2216235364302848,0.48682942793742134,0.5724143779729972,0.3773911104236912,atencao
0.7602904694216623,0.23779613555412776,0.5139868993316998,38.881977515834166,37.73209269736865,0.15123855486259435,0.9013999412292332,0.25846104703858747,0.6358854160939605,0.1056535368674519,29.296033615055123,39.05374580736494,-2.8383370122385343,0.2487156819788625,0.4866686170088401,0.7920842965739525,alerta
0.1704730981241914,0.5272797634105836,0.18088320802129593,28.850413526483333,69.7162303957911,0.6222742368678431,0.8339166004610369,0.2648857393662738,0.12434539337797451,0.6107688672557517,28.363529044520295,80.71156881720813,-1.9006812269140183,0.16810686120613372,0.6980753687315865,0.5280714117368048,alerta
0.7280717253953338,0.4069831727059381,0.1372921285789101,15.52303970082871,87.58669412443173,0.3319204068404236,0.5535308853571833,0.43238259537593854,0.2708314770562097,0.2967859275678519,34.21471373741713,59.54036247263514,1.7809420275571854,0.7343253134949991,0.3957538502235951,0.4021173856479573,normal
0.24020890723141164,0.6721018796489653,-0.22770207233414502,13.169510363467921,49.31194859553099,0.3178608462611504,0.6161108004157211,0.4657657362336913,0.2766325563356916,0.2576017074306171,35.2283903699811,57.40455563979599,0.09830960153207169,0.538096935472837,0.1261099813368064,0.029442514744831505,atencao
0.3845831979813993,0.2402314414646952,0.16654188131120984,34.38552914610273,75.50630316099505,0.07314789767734696,0.474325570550291,0.448372567529171,0.38702319722581974,0.16460423524500922,35.34571931320228,83.66535397501883,0.9838025270410871,0.21618533237866777,0.48889338312123976,0.7533854240156094,alerta
0.6704557794041255,0.5405785802015287,0.022982217120585458,27.36269429079998,83.91755053863645,0.37368459668180554,0.39166654287880887,0.6265196530556685,0.07805008728757835,0.2954302596567532,31.599077017776544,84.51920888491095,-2.8987165411057814,0.3100000112115451,0.5219158706823186,0.9721820779667603,alerta
0.26253192723381574,0.4950388794642697,0.21606498875104047,28.548550630411597,85.3346180418343,0.41021031904715,0.9154768812183315,0.6533515334170583,0.2664387615896367,0.08020970499330493,32.16090547265343,67.50890629805059,3.219048024466101,0.9666536713277424,0.20190215339993922,0.62028700948851,atencao
0.7225769168833435,0.2919459604216913,0.03041739569506474,33.44386266264128,6.23593177574163,0.4132465661205332,0.12561270352030207,0.4535036449531789,0.06543395548587404,0.48106239956094704,39.18205330389088,41.35596459285242,3.056852305218632,0.8486795647085567,0.9356193563286571,0.8565412206887946,alerta
0.7324939245704193,0.1887905873732622,-0.09574574506718822,31.09831683197355,103.16973668220803,0.5095702600598748,0.41844678971622795,0.535668617540094,0.3690734594239342,0.09525792303597194,33.09595782979176,60.308504282760126,-3.8056907997159213,0.8799467428731284,0.22747564664629127,0.5168757431949261,atencao
0.5052274136325853,0.5235658443102298,-0.21927951605587997,35.0337475856829,54.99039777180575,0.16536319274415764,0.34456190798787534,0.5913311828350493,0.13387371689264324,0.2747951002723076,41.79214664633108,61.45815504778312,-0.5483641494072553,0.460012097080708,0.4092275940840977,0.23168096542336458,atencao
0.1544701102017835,0.5800883477860149,-0.03231932209943861,11.686417163796355,31.489929803545735,0.21394503724990221,0.49815072025114837,0.4038578392124968,0.3296252395840653,0.2665169212034379,32.4734929101507,60.72232140676549,-3.3810645822596697,0.623807263920875,0.1549296868447233,0.01444210423514547,atencao
0.35092669322243897,0.3051577734461775,-0.21785189085541054,32.425619102395146,29.01174089756179,0.5769748023997683,0.45763187454517507,0.021440191234786132,0.7018557461238458,0.2767040626413681,36.04287605850326,63.474591926000485,3.1289520147346224,0.3767677402044116,0.5357966461869441,0.6533982675899892,atencao
0.5818488428630195,0.519141192614504,-0.14963759179961364,35.525582719662864,57.96169354127406,0.6656609009482061,0.5188895316510814,0.27648525948603997,0.43694927414823614,0.28656546636572383,25.85617098288773,35.93623568971953,2.63542714813134,0.07771197568889054,0.30763760810008967,0.49310884824824464,atencao
0.8368303246191964,0.35683508994747715,0.5392357347926142,18.58405127374943,106.4197847362751,0.13835628578875842,0.1399189772269941,0.12123803161670567,0.36439348342876926,0.5143684849545251,36.10677871511979,70.56136407352511,4.117892848638405,0.40106931065678253,0.489272519976084,0.7820981470876015,atencao
0.5922694689116679,0.5635844741337015,0.07748802337062588,29.213418219797585,45.40170980191763,0.3734722104283918,0.5131415015132771,0.33458605133343905,0.5562738949763791,0.10914005369018184,39.4742487050551,70.6197150976494,-1.8723643694219687,0.5939807532071447,0.22461691645820192,0.6946824174353046,atencao
0.3318625067449118,0.22948992868113452,0.15209100152926414,19.42486191510916,89.9670896140252,0.1892145642807314,0.24241881388721087,0.39345256439723225,0.3657312346768592,0.24081620092590858,41.02178325506604,40.773488758894395,0.1066629481501904,0.2871442707681314,0.05377512794871575,0.9879523682065647,alerta
0.5938039921697279,0.6786397517135133,0.4425757494266331,38.739131994473624,11.618247718466232,0.08904755943073858,0.18433134898819126,0.09817540143037144,0.5837524515874971,0.31807214698213143,41.9544503978761,63.51197212229003,-2.3396091055204202,0.8479505747274158,0.7792266510822553,0.5103125834120398,alerta
0.5279897658010988,0.2868162377026269,0.5462335654170847,11.002707173065113,57.126804258127414,0.261577169781988,0.06483421878619122,0.22435176847455554,0.7494206067371089,0.026227624788335617,29.797036976036964,63.41805912178873,-0.6588855897329244,0.15110015917459863,0.6410862839596584,0.42717478967300937,normal
0.6958917766058005,0.33906089204149936,0.19530728194297936,27.39378531498865,119.00233684712828,0.14339695636973826,0.7626525587561409,0.25863097360955634,0.6328416870827843,0.1085273393076593,34.78129110203719,69.12252100952,0.7001892641019563,0.3671290894369199,0.3407393557110129,0.28673968943929495,normal
0.22488644717887088,0.13775976885222738,0.39060274788754595,14.995106411485452,92.45253633508044,0.51145649773226,0.42744192085655996,0.39251619635379476,0.2667321136058695,0.3407516900403358,32.662205754046504,39.269884606754054,-3.520022891452699,0.12490390532420292,0.04749422468232223,0.47686129179127446,alerta
0.6827195317514196,0.17248293800882966,-0.02210012931382599,31.36660615531476,25.26341861287356,0.39692151888643884,0.6266436833117583,0.4790190325523239,0.2666395708191764,0.2543413966284997,34.5848971697779,66.32516536330482,2.4338336960964666,0.40483213398522533,0.8655750626971209,0.8728714781229221,alerta
0.5288866050732771,0.4353102367630133,-0.04011763616980252,15.276708502559863,60.17297684374928,0.14349240614370207,0.7275933433047433,0.16795446766230465,0.36207326726918804,0.46997226506850726,27.676700272227393,49.037597537317055,0.8896402433396773,0.03966130497427045,0.16979500493567934,0.04243972579174127,atencao
0.8240944027012962,0.27393523987318147,0.04229816284537624,17.061497856950727,28.034971637827987,0.05600703246358434,0.6793166653135535,0.26289074947057217,0.14920189726806155,0.5879073532613663,39.554542734131005,60.3501495248086,3.4606311548960598,0.27254939506164544,0.930742218281428,0.9779000472861887,alerta
0.38931051622708024,0.6430621467324263,0.27163117327260183,24.83112433137274,49.14731127150111,0.5753020818657383,0.4705007190896823,0.7938163075590119,0.15397090880567726,0.05221278363531088,40.46267203685799,73.66617763520384,-1.553975489279225,0.4007352551136837,0.47859537859595846,0.993307194307798,atencao
0.5928353251937637,0.10955070262572,0.27986293586683403,37.44504849990634,93.61008284819577,0.16452636400676088,0.3878985289517298,0.45036301860840355,0.10001789172392317,0.44961908966767317,32.64424827291968,70.28229681815066,4.12988994742329,0.47816536327669157,0.34038670990848374,0.5978213785879017,atencao
0.8024196738570122,0.3464111316367585,-0.03204648054796677,16.351431164439127,92.54697783484843,0.4440408174434978,0.3759599096406637,0.5064144721116882,0.34948641559157445,0.14409911229673736,29.767307646750808,40.94515088389967,4.988248277273991,0.5436963584751419,0.7417594768909639,0.3315442036954014,atencao
0.22175680959347546,0.31927460539991026,-0.1867715644838656,14.327200633543105,27.372045348286214,0.2689992434998846,0.6400487969300563,0.4727741335463189,0.25154192711083695,0.27568393934284396,27.39416827010121,64.55923935580367,4.27368594539907,0.2749911297899189,0.8768394060751857,0.2230489683220238,alerta
0.8060599410655158,0.11256296009644068,0.23753681799568233,32.76930495562092,110.66679817858322,0.4305658599047731,0.4947943549418734,0.3242285365887652,0.5935222478166708,0.08224921559456404,36.62400202122268,83.45582654703693,3.001032282498387,0.5230413346148723,0.37071356364571073,0.27649039568487876,normal
0.6315200056105693,0.18083945935033163,-0.19092301713955012,25.01858597001793,71.10818193177921,0.2551748575385106,0.8491322479885106,0.10964275392108429,0.43942558933762893,0.4509316567412867,30.307941273552498,42.83847186675011,3.311319225864027,0.5090046215620598,0.40734375217018726,0.05010542650497185,atencao
0.19748594137362033,0.368867738697113,0.1917186319949306,37.353553371453145,45.59091491544174,0.10651071444996521,0.8747019843267121,0.33188927016126796,0.42559239633865653,0.24251833350007557,40.46215568852761,77.64535438627075,1.1636981829012782,0.3161780508762084,0.43315821934719734,0.4751109584833588,alerta
0.36067449686277137,0.42036197989084034,0.28940880884786274,14.398436714795269,60.23226969370328,0.19491750556253984,0.17056037800651846,0.16849041144700738,0.48926602338364256,0.3422435651693501,36.40721207236279,70.12740402768884,-2.2886152337865058,0.8302003306564782,0.922323061478669,0.057324270864405835,atencao
0.6457204620516971,0.36278833571566493,0.29551977193528395,29.37783679069118,72.60855041252924,0.17223806821139914,0.13623365154572564,0.34901189573170066,0.5121266750590541,0.13886142920924538,35.97665052796209,73.70016564548798,2.0933661663294556,0.5456411265935651,0.6925639915143327,0.7184742147759252,atencao
0.19714542102814017,0.445109490967861,0.3404512940606573,16.986374384554452,67.18686382149426,0.32821257908576845,0.6304009260359995,0.16468647842017728,0.4933406097257447,0.3419729118540779,34.509835970270096,49.09791635713228,2.414777018539384,0.332269718746545,0.24764611704565553,0.37192945553285406,atencao
0.5575193221233913,0.48683558868869303,0.441930508330815,14.70281285954918,58.368604264341386,0.4778844592270022,0.3012257480622794,0.53434252881054,0.3406208042755705,0.12503666691388948,25.778197770288337,49.39444646899212,4.86846626241115,0.9473385120807765,0.18499969750197942,0.19936473174716318,normal
0.39211813986706967,0.10645048373309317,0.12496514317007024,30.502882454718115,60.59193649072802,0.22147394871513237,0.01857071876509886,0.5476793935687324,0.051553909431461674,0.4007666969998059,40.842681406654975,80.3009727888244,0.871711846306896,0.845112413071161,0.23036766342481607,0.5448535578360384,atencao
0.5846408624372339,0.4016618536447776,0.32071181110013564,27.810538597261996,21.16942925134634,0.05784545794540167,0.8886426693629551,0.47418189939648175,0.2906476356306348,0.2351704649728835,35.67493738609082,52.99160160462793,-1.5576788647744926,0.9825878115518009,0.26356388918551743,0.9737593072430137,atencao
0.18201942366875898,0.7262745065769324,0.22629682506096133,32.64482375086993,97.52794851656152,0.3873092867720919,0.22690076724380825,0.2735091660121261,0.5851727752374081,0.14131805875046588,41.89905371751288,38.150769534640524,2.1530526956555605,0.6922338746454207,0.2301834913340015,0.6951310490184183,alerta
0.7600757643066633,0.43737098208420666,-0.14135605117196978,19.283877293385473,65.01123839292184,0.44374366808333177,0.9292806516858091,0.23976831587586359,0.6086099082225205,0.15162177590161582,34.13505888113908,65.0298351789725,4.814382376998092,0.37822290550604687,0.6585064471923961,0.4917468501041602,atencao
0.8314422784241778,0.5404024738483196,-0.27816380186100303,23.439149691465698,15.729583404564371,0.6758658211011762,0.7174344508782536,0.29904495300152384,0.6415413305934861,0.05941371640499011,37.07188516240562,41.240883452092135,-2.405074825578154,0.2808606666790123,0.11593351065750634,0.7769142992545063,alerta
0.828214498699984,0.3027115076459741,-0.058139822174606254,22.164150289912556,91.93885218993336,0.4331560220106104,0.7626534899114843,0.544305454186108,0.29831783854338123,0.1573767072705108,25.955562483725778,74.8298120703954,-1.0660187331795759,0.663317843674481,0.3873584897079607,0.7374764718989887,atencao
0.6747562822200472,0.6030943957992957,0.07657865038697653,39.522683918995426,111.8932774052821,0.35626216359579216,0.20146149579316042,0.6488789132349346,0.24850109008463805,0.10261999668042729,35.73951500599799,67.08732212505288,0.8769285839541299,0.9808165824953037,0.6250535729703665,0.8917354610577937,atencao
0.24106036809144238,0.6023989632194748,0.2245400527643579,18.767468702181638,113.67682790843546,0.4227110568335074,0.23419442561681292,0.12370070512377457,0.25585906603327996,0.6204402288429455,37.999043397036075,78.73632526106041,-2.4680682860619565,0.6267150801038488,0.29085997394293084,0.2046689475939475,alerta
0.6807842371503158,0.4388424309751904,0.42246543092772465,18.844517150403007,44.28212788934073,0.6531354094103176,0.5212677538240658,0.15840134850520268,0.005762902507572674,0.8358357489872247,38.234743012493475,74.24186248913176,-3.800014244320555,0.8816149409898382,0.06527438470165803,0.858877576258732,alerta
0.16721084152116106,0.7344089851314889,-0.1331911407997592,20.636446264858222,16.262024827290485,0.58844579464107,0.17209985264986216,0.4891360843830785,0.5025656222783814,0.008298293338540144,38.091898087914856,40.60568241690981,-0.9671518980287446,0.3291034310477686,0.08182392284596829,0.30102608704169886,alerta
0.16548648607029806,0.1816076395957247,-0.19328267858629444,26.937822438709645,62.20795519596782,0.2599361766864752,0.3054316926830323,0.10244152223165603,0.5337513223239606,0.3638071554443834,28.84680466399235,54.05353382172112,3.7883372135095223,0.4069537824742556,0.12596677630468633,0.9409989278250971,alerta
0.37652715340467885,0.11101598217822765,0.5189579553531785,17.569682327912357,13.513107521906482,0.20421533637713918,0.32146247794780447,0.21982313920775315,0.5247413276363708,0.25543553315587614,41.58177411928884,73.72801249572936,-3.6087844060865666,0.9062752395893533,0.8358430248681552,0.2810651489467352,alerta
0.492050233283266,0.6006028376421124,-0.20816212453005395,37.45869821137822,112.07849022151407,0.22071184803794786,0.1596299332527641,0.1147686617770962,0.39026502519491935,0.49496631302798433,41.91809605062396,55.86707366331629,-0.13963846884774256,0.7568667019578188,0.6578635056049698,0.9268485431626762,alerta
0.6892851924654553,0.6246510992871737,0.10671740959111087,17.970566945987905,22.02955528261752,0.3778736758148884,0.20518283339516075,0.333579590928813,0.4806536792525319,0.1857667298186551,26.28512987774722,83.61827423899891,2.859806956334742,0.9814103203679058,0.06452241109764478,0.96379071446408,normal
0.6283067636245536,0.17813469892837458,0.19772916947430663,36.87447194680584,30.331903194139688,0.5336321432985756,0.7885518420082566,0.48488919717298334,0.3207502453745386,0.194360557452478,40.91958918779987,71.78702249467247,4.578643372197968,0.7747642097322419,0.39106887915141986,0.14549135745701425,atencao
0.4621318944637238,0.27262884142309396,0.1601682577713226,13.10425190939754,48.796383226196454,0.3770924846689253,0.16719585454726837,0.45991203706249456,0.38774722263453204,0.15234074030297334,29.920636303174277,35.77499583451605,4.86927859103989,0.44851570721823175,0.27858517284706563,0.974499883262783,atencao
0.3415386663971661,0.1114090361883088,-0.22687266652199828,29.69688107198957,45.979736227095096,0.09406765728827318,0.028457391843922486,0.5271900085101688,0.20835453809427945,0.2644554533955517,36.7178293897664,78.99928457804182,-0.20227557452132494,0.5310680198223631,0.5780401116288002,0.08572296842928229,atencao
0.8479871501103978,0.29065059700736706,-0.25152712309692354,37.209565553147314,95.35954708774668,0.5203274552859876,0.6293549426289384,0.40106119815530483,0.5726792925387519,0.02625950930594327,30.747885652514245,40.04023924342788,4.5534586494120575,0.9005154924631367,0.5228059496723134,0.21856778661252196,normal
0.448326911565181,0.6025422180471365,-0.21033908665811968,15.062483151946886,54.75801846611548,0.5738805836361199,0.97598311939245,0.4711311687121564,0.3714741668494134,0.15739466443843014,41.45182349734307,42.026186209004294,-3.681229240472226,0.5516467360980479,0.48112402336971494,0.44416878087280454,atencao
0.46597091703077276,0.4366743430131763,0.19774953129172068,39.04980880297765,20.492191200400427,0.23817361232781775,0.3312138146231214,0.3619684627954545,0.5245862566679325,0.11344528053661296,26.7255655911601,71.72462003055254,2.7132524419870068,0.2553973741644452,0.31451237037261315,0.9935973657117101,atencao
0.26453667483416843,0.32626213555938727,0.162693154489173,23.586500812465353,32.06518745832889,0.4816817305341777,0.1186557031962523,0.5452512829907432,0.150049541254825,0.3046991757544318,33.46169588825839,78.24842797152401,1.7847143117025164,0.43561981276994943,0.13779977204399074,0.48856305116537935,normal
0.7063666841249505,0.34163054168911466,-0.10132032676876734,38.37145325323073,61.09360622250264,0.32728473568535565,0.5703873253675308,0.2636935768835025,0.5975689122578124,0.13873751085868513,32.27681246301527,61.817481394977804,-1.7543032817246291,0.5163159888491179,0.742376382872638,0.5504094431784858,alerta
0.635577558047042,0.10087985671505431,0.24210802056875286,30.30460130890141,17.69447009113619,0.6279275812228378,0.9063542110956462,0.3369044282867982,0.05264952585018075,0.610446045863021,30.542398688725743,49.45248664728896,0.5658665061168398,0.09671983355112956,0.8798567688426544,0.6944249495236485,alerta
0.3045387289521323,0.2948703429174033,0.39705737674730207,19.047606096206547,73.39868107752169,0.5993966128044809,0.7840617798284788,0.41984271301651227,0.48216059749417534,0.09799668948931241,35.97407784496252,52.56577726265878,-2.8340163601555393,0.7437626742528902,0.9441509092328173,0.9682935582729514,alerta
0.20766673193108987,0.5201981820646548,-0.26465788413039526,15.649075747513193,67.88967678613751,0.3915307989012674,0.622515868412716,0.07287920538206444,0.3007601860148474,0.6263606086030883,27.227947638168345,52.1444664798028,3.844374358564049,0.10935393335497301,0.05861897061358046,0.7833514001242444,alerta
0.6263495114522991,0.7332263884806322,0.12341045201583611,19.11205138675298,85.76427796587092,0.4994786047788363,0.3150564966075994,0.3500401872174783,0.3347734231427357,0.315186389639786,37.183261108272845,51.33390519047561,-0.7789172300891685,0.40491771336880567,0.7399087115888829,0.2241540044236986,atencao
0.6081578499967947,0.6505895375395346,0.28591385028728683,12.79052227788025,112.52455384552412,0.6241773056643676,0.54188017327622,0.20625831268932587,0.6852050016798451,0.10853668563082908,41.67006610468138,47.14548359108249,1.6344002341914488,0.8046224415404045,0.7265034594069625,0.3029909306643547,atencao
0.3412816688987465,0.11533672701959394,-0.08553486199076596,14.316038990299893,109.47054733213868,0.372216056550879,0.09124484130425536,0.3413806535894114,0.39506707933498203,0.2635522670756066,38.67749814596671,65.44335473146165,-2.5710134234146396,0.4675703616132969,0.9471096141455893,0.0976282396085244,alerta
0.8156044935752872,0.6840643930386455,-0.038394730500823204,13.139813210394435,113.52907416825975,0.25361298131773424,0.67894542428067,0.12387741897580391,0.436760503075173,0.4393620779490231,39.62028479946227,80.02026592825337,-2.144516398319136,0.842015519718508,0.25291459449776543,0.6444523641647398,alerta
0.2557405242466302,0.6090789686441068,0.2215922175409763,22.68830631224673,29.365871642844112,0.5398829896412277,0.7250960188976509,0.4518595494462057,0.5131373978144712,0.03500305273932295,31.11382463404304,50.35412065416706,4.927607337228368,0.341881322056115,0.7421790382951564,0.18074030653922157,atencao
0.45263436072982133,0.6072444803211373,0.4632449994271765,33.867351287727594,15.787836796722555,0.19304306561004964,0.9650316229099188,0.3234516117870053,0.5138555034638367,0.1626928847491579,30.523072310180716,44.3347148730706,2.7777775499719635,0.9576362939984354,0.054626288766484565,0.2574048884793657,atencao
0.8105311441173192,0.3976972433523215,0.38843575725746454,14.241506626490207,36.27320405957382,0.3025452462039273,0.26039735874507164,0.34778225039864735,0.5453698758781166,0.10684787372323622,33.789822029732264,76.92888331857125,4.657746827966637,0.20946843180523556,0.6312457207616191,0.8881136551803771,atencao
0.4438091218482856,0.3587034404204269,0.19566068623464605,13.909612995170075,107.41022073195775,0.6127227041194159,0.018456419043022643,0.34530814667790544,0.26606862188178726,0.3886232314403073,25.777352450958634,72.08916654448517,-1.337339513091603,0.03826414498930131,0.35084782405217974,0.3267556753320152,atencao
0.5969681633648598,0.2968952237415752,0.32068846009366186,29.302868485519923,116.64641695481859,0.5208745211750547,0.5456084644271506,0.33068900669025153,0.18856936850651115,0.4807416248032374,41.07108828576105,81.54185157799552,-2.5189341104216165,0.8724265429904186,0.7689094395474751,0.566646718354167,alerta
0.4283160785739559,0.14270165832033777,0.01009909967662892,15.91548945904199,103.11899412845712,0.31247715341087445,0.7067905043968145,0.19057154512398164,0.4076740843114979,0.4017543705645204,27.444347941275268,43.27598678024548,0.5276161713094787,0.7522027159504082,0.8633042864353935,0.39756600878917703,atencao
0.34195064164406896,0.24835298627090444,0.24482069888394414,12.92830114326975,13.202126535305233,0.18958392656543233,0.790407475882988,0.40818744288783537,0.39227873073802916,0.1995338263741354,40.35122166585757,42.212565705829576,0.45201454004609065,0.2319838370673728,0.3648210422175162,0.07403128740591358,alerta
0.8387843535718797,0.260292362735716,0.09625435245842345,15.00545734616733,113.69135976717519,0.2813794540409537,0.1937389330248106,0.14308222963922956,0.12323316973136357,0.7336846006294069,26.420897774006047,62.07146971524983,-2.425481376178109,0.9847416071366739,0.5255860926993006,0.36286382989670507,atencao
0.43653380442053014,0.414650095311631,-0.1385542840110732,37.711941876303285,50.80296328209432,0.2346676969978314,0.26175286903702366,0.10113876111108396,0.263347570041033,0.635513668847883,38.98462377053552,65.72168274175476,2.5989761262326923,0.5022801292685278,0.1174040623635999,0.40806820303593083,atencao
0.775869442575394,0.5858388642878511,0.29647753279566863,34.644137583285726,1.1172348914824415,0.16445803716350504,0.5125909252672963,0.49476700872661056,0.032491820331163636,0.47274117094222584,27.583362939929657,59.00867209297948,-0.7440021900513933,0.9510654401441635,0.4169069652234766,0.8957011019115182,atencao
0.31096822412376035,0.40797638845866535,0.17299494174649876,20.621936870652824,53.08724888978323,0.5331663938176768,0.33060080997000185,0.2864901939097328,0.5931102978047161,0.12039950828555103,25.648237439555036,64.94833181619377,-2.3227129216253446,0.5050287713869993,0.36080039325916924,0.3244506536463395,atencao
0.29917329281755833,0.1375988921406544,0.004828344660552708,29.674623019821784,5.528300361056111,0.21384542645261145,0.860511486587445,0.24608579150279267,0.6637572534268499,0.09015695507035744,37.23132065440995,44.01898844375357,-1.0121494491104044,0.471874586771291,0.18312345978451772,0.37924111976206787,alerta
0.17179385801915795,0.7225633706423326,0.47463831156683617,26.118270210041143,65.26535053933411,0.3452088556090464,0.47376015373872027,0.48811023643376433,0.02533228729901387,0.48655747626722184,29.764510102965282,58.98068770820417,1.0729282967151361,0.44913853714446506,0.8944786247667759,0.7828967686723345,alerta
0.6061667777631194,0.7127708074111729,-0.28220599984727673,30.313727904476917,40.62648329244616,0.30080864044347083,0.799578644102003,0.2988346073555937,0.44911416403588467,0.2520512286085216,37.14643459733394,67.90462804698339,2.538238389623989,0.3348752761329502,0.14808783804016024,0.7589566512115979,alerta
0.40796844060663273,0.6103732030464655,-0.03159282143792835,30.48013457388278,56.81219203128585,0.68835029611316,0.5806197604823538,0.42840304696652454,0.5637818837645755,0.007815069268899879,34.43644925803794,56.635322462435184,0.3370179745173605,0.5337014971765517,0.6357393575301872,0.7982852766484908,atencao
0.755050774887746,0.7443631360167434,-0.2516508118890004,28.862020451799786,73.58044328917404,0.3042099586963433,0.773090141617112,0.6898336794923224,0.2621631110241973,0.0480032094834803,26.849725633911113,68.9723667908299,0.7303549084553618,0.45255466194856786,0.8901426434798877,0.953770740076004,atencao
0.48124693468408997,0.45391351632017096,0.3515482187883832,17.98304105611926,104.25613149813843,0.10198861381789062,0.33267298653032384,0.328826018289967,0.35395180197224874,0.31722217973778416,40.84621124611978,57.55956402769198,-2.7494865765152645,0.03674687662355414,0.9119685798632257,0.7955574983947842,alerta
0.8277353995403052,0.7257994276645839,0.29679133599672375,11.170192622884544,79.42818917663143,0.10838673917185461,0.8314166219303112,0.31081438323335947,0.4244434673506293,0.26474214941601115,32.68934097097912,51.679979042113864,4.23221832237409,0.2604352334235025,0.7932396998405684,0.40760820321789093,atencao
0.2798678609921848,0.149143276400888,-0.018350614074130467,23.667003459703263,52.08586421738168,0.43398991887949206,0.2745723155510216,0.19442958925744638,0.6393957283892637,0.16617468235328992,37.48560372257769,50.18025235435462,4.3585177819284,0.2131228001055584,0.17614113387417663,0.8215085168980919,alerta
0.7580362175689276,0.33769248636989135,0.27431346687601216,36.72921654072111,98.3313424404438,0.4395863086298726,0.5460988080032908,0.27293300164972406,0.1989243043805604,0.5281426939697156,33.51734972426563,55.5451029494294,2.1508393137620327,0.8674356023210665,0.8174314092138697,0.5086746320899383,atencao
0.6936177969542192,0.2464978242043978,0.036546642266557405,27.084917755557278,108.66985650877587,0.32219334381372566,0.21400711317387422,0.45916461532692554,0.10517969481534961,0.4356556898577249,35.27414507434048,36.15448113411004,-3.8413173195937778,0.5988699772268414,0.2765648124156246,0.2777140325185653,atencao
0.6896452912508364,0.22729150468727552,0.3428157227090693,34.971731251057236,14.371195971863667,0.33069840000281925,0.47552652162619335,0.3014693648704031,0.14539233259103657,0.5531383025385603,30.14715107006377,68.42625692230568,0.8336679431299343,0.7636831004497274,0.922398027432509,0.3029170681310124,atencao
0.7413482596818214,0.19152191678023944,0.08605611332620022,39.748730288836846,63.83195730633497,0.08505617884656629,0.31817520950870315,0.49589674953969637,0.3534610832102353,0.15064216725006827,28.406125168058654,77.25528204901309,1.6629707487975223,0.9568260377492805,0.7090866814238496,0.22384238856339833,atencao
0.6827167936600992,0.5045688670178978,0.050437768656915793,14.908486124148288,34.1414351690933,0.3857552317530204,0.26670343063721424,0.5027526799999095,0.4482235196860896,0.0490238003140009,34.22369345793715,52.73135472215593,4.9518880066229904,0.64403927252641,0.7852675610088865,0.1449929578197534,normal
0.5883542251419908,0.6078592062357483,0.49452042816505587,30.75332917425947,5.647343745233688,0.37808065899722854,0.9669850180280375,0.14411786462594972,0.5901413105438271,0.2657408248302232,32.48372254050703,37.30165680708593,4.964602596753171,0.9826099914047444,0.08503245350193722,0.18449041185365034,atencao
0.2418714143776713,0.47589395962323444,-0.08675276509290478,30.22880721100074,80.22560341367824,0.14720705706201392,0.16007410548673062,0.008453165063149335,0.5078382057513982,0.4837086291854526,31.631924628376865,84.33877986927789,3.7185011179300167,0.3117640516521296,0.5827651134435444,0.06317804995381937,alerta
0.17276832564387634,0.19552576123233628,-0.19761976100291936,39.39866342074835,103.53249329510707,0.11749560097210292,0.7873258374573953,0.07151747927713777,0.2838029741138992,0.644679546608963,36.43364231660859,48.184912772553346,-3.425521071764978,0.18626718231289385,0.8211421268986796,0.8884508649323863,alerta
0.7945934934709807,0.6272304504567561,0.19686164627053954,39.56802201858401,19.548318537287287,0.13032211888966883,0.9841649594832149,0.2715640825117182,0.6462002090873447,0.08223570840093712,36.73861274418931,41.33105608453865,4.57948751700857,0.40330988799291145,0.8615903527724993,0.9310078096491232,alerta
0.5816552201645167,0.5133705596564235,0.5239235404415521,30.600358351723884,97.48963891486807,0.11566836021931803,0.01990148374007783,0.0884639632216402,0.3743792787984551,0.5371567579799048,25.780640953551472,53.487625398651396,1.5139512243679922,0.470799414935808,0.028631704733641516,0.5867703924938955,atencao
0.7075761036833234,0.35230770898254715,0.021163331668108687,17.308443759465828,102.407488024433,0.4463103270988938,0.699027414042095,0.37216524357453756,0.508583073879594,0.11925168254586833,30.758656402142428,71.92785203167783,3.207980934312615,0.8953615428525851,0.9391592325551192,0.840489556608685,atencao
0.487065646058785,0.538184692098441,-0.24726875091553568,33.95667514391797,109.72085311997802,0.17771372406189712,0.2529118055562871,0.5965168453245988,0.3068533656316459,0.09662978904375513,31.999997353848414,49.695829844528284,-0.33526435282731804,0.5599404390366763,0.043338733302479726,0.18357110265314713,normal
0.23211573227367613,0.2689382365078413,-0.011590522786867619,13.210874026331144,31.83421069032629,0.2134295989218512,0.040487824328304445,0.5101611478102392,0.2344903475172558,0.25534850467250486,26.64716673979086,63.73516019597439,-1.122974758888692,0.292180999418017,0.6145186796748499,0.9016738252269851,alerta
0.2376300545417853,0.32437493552123686,0.13004190617162475,33.42097912514886,108.47436782278672,0.1628218936984358,0.4028895789566308,0.24358935202302237,0.3315642462778541,0.4248464016991235,29.010314733870903,55.777999721857114,0.16919730935427157,0.7426342828675209,0.6933875276153121,0.5063615596305083,atencao
0.6298957010602799,0.6963657980357937,-0.16236544436261832,37.30588372434089,38.47953056837187,0.6725929478915269,0.935217810170875,0.4346615400460177,0.23019831266830915,0.3351401472856732,25.87791055278686,40.88819961383092,-2.6781293832805577,0.5058319371390709,0.1073452911679098,0.06716499260555508,atencao
0.4512141264296239,0.28882792868642326,0.2593868853480183,21.485001843053055,66.28056161466034,0.605501351048693,0.011765094366997686,0.3865355435341608,0.20224766897095114,0.4112167874948881,41.93611567648935,51.51435062460551,-0.7864047512202452,0.16213194527517016,0.04801186560919268,0.1413127444941602,atencao
0.2903673086902357,0.40549237430265883,0.5480869806586706,28.919058849492416,6.060896499873856,0.19982164427848853,0.5878856919297817,0.6396222083422778,0.07486449863169214,0.28551329302603007,37.52147245048736,71.24352528570333,3.7185574979145075,0.5768197875912522,0.7849121544507291,0.3089764607868172,alerta
0.4941161827190058,0.6785917393074095,0.08397855458422732,22.90428196290479,5.2657306042492324,0.26291809104938185,0.5013964785953243,0.520299844060008,0.21506972056181098,0.264630435378181,26.486652660546813,65.60019486657228,-3.6584456236520664,0.9113945368072839,0.38467062479743397,0.043557580354751435,atencao
0.19494625595259385,0.5600188776738929,0.0015192732206807946,23.132951649643854,86.44478552786435,0.18643034749824816,0.8733841643710475,0.6261350943612138,0.025170036279289494,0.3486948693594968,25.344239456431566,40.98891899417805,-2.64209757857856,0.8426226174758201,0.10711251531512367,0.3092933780174436,alerta
0.5573799813400792,0.1404320970070568,0.04059854180929667,19.3111266732436,53.33759735733493,0.3697193736495354,0.08400171452062566,0.7140520333979921,0.2613852293982399,0.02456273720376806,37.22789260258877,43.166120485715425,-2.8739545631546304,0.5868099726353311,0.762667816387642,0.05993043311889179,alerta
0.33829538310456836,0.19574697878133074,-0.202125748364079,32.863888613509744,30.755085044306107,0.06274684610826484,0.6815260298866503,0.3772215215942092,0.40574410180847387,0.21703437659731695,32.46626681660534,67.03666796537227,-0.37232011569794743,0.37708317388498813,0.8491630701436206,0.23602760519282517,atencao
0.7082913704460317,0.10509703400174594,0.45078256121229027,38.085296924995156,22.849619522989222,0.48638920578291717,0.6801096984332773,0.10585096585536456,0.3081493060099206,0.5859997281347149,38.375544054097794,75.67077071604345,4.972882108017755,0.08697875106421116,0.5873861907588074,0.2656697558564416,alerta
0.3672533712465016,0.5100991636489562,0.05260180719314922,38.22252577703384,80.39441890310617,0.39005279738146703,0.6690800168622832,0.4537929064231788,0.536435769307063,0.00977132426975817,40.699092642912525,52.47372479790846,-2.4397786280975557,0.4696489233316238,0.1612368084346456,0.9943689763667939,alerta
0.46865410435726085,0.39098772651677194,0.02918324971111519,15.243438546248015,0.04818528304078473,0.6341153033957171,0.942334494935037,0.19908030828159054,0.5738730317801827,0.22704665993822684,35.188106613278336,64.7655375921725,-2.6906561536066587,0.7520794375295792,0.015222471491490808,0.23554667376366445,atencao
0.15813437793567045,0.18727865308647912,0.26073673199090325,36.24230948969698,96.7069403036225,0.15685524481346919,0.8230875290068804,0.25987293383048155,0.3498458025466354,0.390281263622883,28.1808431895933,43.532179437605265,4.23550156798539,0.3602737197330106,0.7008024813019439,0.23918644893858032,alerta
0.2007128214561912,0.7226571786869008,0.07572840779145507,32.12294324281366,9.509952735591458,0.5726710099397355,0.04197272624350601,0.3446008459717697,0.5210437471109588,0.13435540691727138,38.29729861278969,50.56881684526619,3.938454652693691,0.2354468255516644,0.5501396748253168,0.686788968358385,alerta
0.4247454894846794,0.44427882056465295,0.25099844848666925,17.585122020708678,22.978753788974334,0.5647746594033652,0.47108285070451317,0.42864139237543225,0.035760767139343334,0.5355978404852245,41.24879963396437,36.01351028365263,-3.70983667003101,0.9313797192709534,0.6507971417200795,0.859357478516452,alerta
0.4859571843019864,0.257230641173378,-0.2477706533888306,12.018538387645437,46.34836743589075,0.13266777299097648,0.3979530562013335,0.0353098780051757,0.4997931607557933,0.464896961239031,34.86393188001925,73.41379738997614,2.765353641613835,0.8215557004579924,0.8131846701995957,0.38705541260208653,atencao
0.5700143836835125,0.4253923212505599,0.39166484216389336,18.039918006531337,58.18304876593243,0.3090634956936829,0.31014722109080206,0.009231773255890408,0.8649037610161866,0.125864465727923,36.59395660377247,55.050490988648335,1.899191313287866,0.6382756194201447,0.4342277769929721,0.8756180199406924,atencao
0.35416380509651224,0.5417532162778201,0.4994283599474923,37.36624710344577,42.59941389767302,0.16059921674393596,0.4513367251540973,0.02382464223766061,0.9270643521480112,0.04911100561432822,30.737069815623443,75.8062786826977,2.909667288674381,0.13678334392051938,0.12451546883362041,0.3401420207477571,atencao
0.6364873202885798,0.14955549168281693,0.2514505782354782,28.99536024687317,38.485459798115265,0.21556832529740677,0.38419418492597746,0.01073454229044665,0.21584525231670162,0.7734202053928517,31.485970809225293,70.41864980113631,0.4505220931632996,0.14490884040617302,0.9399832853908264,0.19701587961501932,atencao
0.7520856780324432,0.27855747978112977,0.5113810395299891,31.631639826936155,115.66992144878262,0.22111001363985383,0.43233389987866533,0.10559270905252584,0.31271644985654035,0.5816908410909337,37.48912646350209,76.43721328642386,4.92241296603466,0.10321959145577897,0.5452621272468573,0.3296388243277235,atencao
0.6958956922253449,0.6245275690745958,-0.17128253278553118,17.714570533272877,76.98956174920731,0.4115536561167522,0.9792618656086425,0.3225893251956587,0.23229120735126832,0.445119467453073,40.77210867291593,49.28293347914414,-3.6053768316013315,0.6162966668927432,0.6152941190885403,0.6093563739279924,alerta
0.17773317774385,0.39878216576172987,0.1058037610583007,31.581644667244607,2.811954644086585,0.31741710564430253,0.08863297474958076,0.18708347564736627,0.5085168097420382,0.30439971461059545,35.69280258281399,44.25543652139226,-1.8906557223657483,0.115562796473336,0.9334114295517512,0.36714315931207375,alerta
0.48635486308048026,0.45527514232099175,0.21153572385363023,10.843645188337712,51.621109013317586,0.6660263226040984,0.9222308698387298,0.4320382702408187,0.31180940999946916,0.25615231975971214,38.42741444425091,83.59528413258353,-0.43108611723746426,0.842627198862633,0.931583656310263,0.6728938039892888,alerta
0.2234511248927224,0.38133040143615504,0.19447615030800874,21.259640373190415,105.00104396927642,0.13214059226555333,0.4802367134710267,0.2684095681434015,0.27811743640287234,0.45347299545372605,27.917795296061342,70.86638935204348,0.048001474091328156,0.9929650018193221,0.5720946067281736,0.2369358794224824,atencao
0.3194315111037692,0.12853496271795334,0.04124251222568681,28.802600456269936,36.17474236928015,0.6828998876526292,0.6237422454995412,0.14946164406898887,0.6328287851306195,0.2177095708003917,28.60330453438555,76.70211339633352,4.292306624295668,0.36634818470866526,0.2976114247214261,0.7009928939891488,alerta
0.8406638152870025,0.20773735688310135,-0.01262825203867779,14.382896966239606,11.346761372926588,0.19991511613927154,0.8301829666176939,0.4370414528383813,0.5534854490431919,0.009473098118426832,34.04458967616763,35.65666868549668,1.04003927669533,0.45366984696709745,0.9971136340127392,0.34743836324846666,alerta
0.24974688003105924,0.38960206518222906,-0.192199580832144,34.69010723340804,91.00617259079013,0.5523680586482045,0.36046302914925554,0.5312142630487318,0.26087741153834354,0.20790832541292473,28.00142126812829,52.72308101479433,-3.594001040316455,0.7116671769856787,0.680817089953536,0.4558683716019345,alerta
0.4992217074159492,0.2359705525151531,0.032981082977936504,17.05093896435756,72.72165983232975,0.2703304520123339,0.4304219080879669,0.3178436022916557,0.400323307341672,0.28183309036667237,35.794916193755704,72.14083452886658,-0.32923332916904346,0.9371530063257658,0.40843667689205654,0.5577451404428959,atencao
0.5827090140226834,0.13248636862879118,-0.1617383071603376,29.568433384553387,68.43750093918047,0.143002907021254,0.40951848027871396,0.17470894064468637,0.45526790304071607,0.37002315631459753,29.958104151709883,38.899141649499164,-0.25158628867837063,0.8940937735563851,0.5598368028535897,0.6862250031859937,alerta
0.6417254793808728,0.6483722816336854,0.32421082501838566,22.15591427725989,6.429187152888951,0.6076279704100559,0.37473102253575985,0.4334661956726283,0.04991011529015991,0.5166236890372118,38.456054517337165,63.36699647844678,4.689418445940063,0.057591828749848584,0.41583405026802966,0.2387136918487337,atencao
0.5417540784408399,0.7377751439566753,-0.12249370482959848,27.881307864329415,16.85988117546208,0.25075958450370106,0.9255293216468949,0.3662780824416783,0.31825233574004114,0.31546958181828055,38.73787589244384,56.45363837275016,1.3927738191899737,0.16907180255676502,0.8883051522966474,0.8359455374108105,alerta
0.15683959319342855,0.6155428680978806,-0.2502194905081462,13.223516578867244,74.70592754557366,0.47825601274744733,0.8289298911930121,0.5316724909809352,0.17183814024188016,0.2964893687771847,32.884386747841006,35.880825357055365,1.720859640430449,0.7545971985577923,0.4824993748657461,0.7218427497552398,alerta
0.37852291577079433,0.6549601991080336,0.16951121714464923,10.507383997648219,24.938860975060297,0.4181883953063072,0.1089999898629761,0.4341476328035056,0.3631376898455376,0.20271467735095675,28.0737807956398,46.79877885597257,2.4192772812614374,0.6888931080324473,0.8235283759812472,0.23409791902399946,normal
0.5123981503692979,0.2572851347060795,0.2059452728114914,37.28693282140904,60.48840956981092,0.35664160110406823,0.10812335247709604,0.36741602356780384,0.40373442552755817,0.22884955090463796,35.99517433839286,49.239599453335714,2.930353841139109,0.13321859404012326,0.840176297823004,0.9749745626029104,alerta
0.21150654940138333,0.7244075340835798,0.4411261020884298,18.088900263015482,65.38580232352722,0.37228265722155035,0.4278695148529912,0.3838063985545653,0.38775716074168914,0.22843644070374558,41.87737931048097,40.592997317316126,1.7154596318224025,0.5020645820015677,0.8243323377352484,0.6647969910304584,alerta
0.3954388518464265,0.22800170789472846,0.19043437055502965,34.59031008341377,34.02086283251273,0.5259546441599868,0.09865737673280905,0.4256406482601126,0.2974049941329217,0.27695435760696574,35.584045265022894,66.57684548713303,-1.8652508397945806,0.7808146310852956,0.7221886124756745,0.4524268864667056,atencao
0.1732421761539566,0.718429376735191,-0.00634127433507109,39.980509014166,113.81101866497914,0.10705239418023636,0.6190930952711197,0.5493376423903399,0.3725419632564927,0.07812039435316744,25.608169742138134,47.119893812594455,3.866413229070478,0.21878068226269365,0.8548777168075818,0.15752732555351634,alerta
0.20500494800851451,0.7466325410778681,0.3825600992973725,16.342937739967333,101.09569282026902,0.4843174302726383,0.1436916072617339,0.42091353673402754,0.15378603341158173,0.42530042985439065,25.293997588040405,48.88097498096942,2.5890782036956717,0.8712876357346663,0.3872295796229692,0.5332210023081314,normal
0.42784629334111723,0.5626198237349317,0.15923705920930797,17.955122235500667,86.68482091593582,0.6322778659090761,0.5223732639668011,0.49005040830315016,0.3189382811723469,0.19101131052450293,30.446153498369206,79.91192991000737,2.676834365872603,0.05297177482036797,0.11466320614196035,0.1647758868271182,normal
0.24290102783014222,0.7377434256646842,-0.232611758063487,29.88579362903997,9.35926396912909,0.0875623280629117,0.007219947003717753,0.015103121946135027,0.30528597225242776,0.6796109058014372,28.32832471662688,58.356154634656974,4.969010653112743,0.7821950850680739,0.8424542043725145,0.42949167869784377,alerta
0.5472785937830906,0.47020085671861744,0.18097297626625974,38.96345903801864,12.735602317082332,0.14142467050188337,0.3165963484126467,0.500510811236329,0.2771359967941145,0.22235319196955655,38.82187052143624,54.60640734846362,3.222738813769843,0.6158188997898703,0.49816841568734527,0.40871252273951886,atencao
0.632625478396086,0.2687021590644587,0.4718157636084131,37.47443044572232,59.13376150379469,0.5158107588563203,0.6771907236726554,0.278838043726804,0.002033253630855791,0.7191287026423401,39.36169633961201,71.19355191573587,3.462362628396379,0.3151993466543491,0.127376032527851,0.7199396443474602,alerta
0.710410689376358,0.38404732568265354,0.0368657316734875,25.086265601967547,19.28560190291828,0.3342330713590014,0.48403894022784844,0.499425334636935,0.3439427093719243,0.15663195599114071,29.396519112278096,80.48068984414562,4.562649641391426,0.7209325483419113,0.11531252218200794,0.1923831812242498,normal
0.290105170971367,0.4858146079962109,-0.04812306838516989,33.85330847580174,117.39185562353688,0.3123066035288974,0.9782694859989881,0.5197393584204837,0.13108328144974685,0.3491773601297695,30.535961208148176,36.25181681187219,-2.639794001359955,0.7823657951511597,0.1592423940098927,0.8218713548708458,alerta
0.2672378075813488,0.14750301531755974,-0.17805096153468292,14.072375592997032,19.022428083289135,0.1390283124537533,0.8741037960662108,0.16083330594970255,0.6941168317035503,0.14504986234674705,29.01619845115695,57.41194232776982,0.47954638830261054,0.9338989713039693,0.7509732596671058,0.3261323270161658,alerta
0.22319748823408017,0.50452312200121,-0.17127130635494625,39.32314552612037,58.49614025567688,0.3794005264665622,0.3590707790431512,0.3572258965424872,0.5448665938530911,0.09790750960442164,40.44250330531149,65.53906780389737,1.2251032123170882,0.3677746721542636,0.7108566734662811,0.44398862696877506,alerta
0.5955011746805456,0.7377655938954915,0.06785576169054608,38.93059702107959,43.69452682098065,0.1322544522776452,0.0454865414722746,0.17292227365417295,0.4560406040824842,0.37103712226334273,33.5450386885788,50.92815490629948,-1.0365184369978815,0.6860167359799549,0.20381868018488325,0.7723409755538425,alerta
0.6445330085408307,0.22356997235942297,0.20632785053730013,14.91186873637513,76.72637057449175,0.35980329660185123,0.8456263001150188,0.39534774404933976,0.09290887139309101,0.5117433845575693,36.154329749394336,73.62038610616209,3.55463009505055,0.6026162769346909,0.8469234181097952,0.6253923997135148,alerta
0.17211030137794942,0.6151868255874492,-0.2314769056058385,18.982693744093197,15.48436906673099,0.5463499443250768,0.9112343103146714,0.12931891128751272,0.37729369502130145,0.49338739369118584,32.06319547389326,83.57385351351368,2.861776594811511,0.5252060694570885,0.2812947955282449,0.30802535180193735,atencao
0.8053485723705829,0.6901342159567526,0.49863330067139094,13.004649925203008,51.637971365086905,0.21787183262665627,0.8206273934190368,0.31797524332872806,0.1866500624113902,0.49537469425988173,35.72724128957703,82.17136831251416,2.4879476705731163,0.8904164741550379,0.7929855833149475,0.386202924545881,atencao
0.18637989855603068,0.7134060353331435,0.3418635748284166,18.15152796694539,32.96460393685724,0.3625110093168227,0.12794994091976486,0.23815780601658987,0.3420806545558132,0.4197615394275968,31.559541404269513,48.29912696899709,4.974344957823501,0.0031673141384003234,0.4888059077349419,0.30578681398961016,atencao
0.5289074347107493,0.7240881428635407,0.19863033054111334,34.478673682456204,106.53018296060256,0.6948103801079432,0.9979151344122877,0.5154088457080224,0.4335137030051069,0.05107745128687066,30.774533441396834,46.3169139218743,-1.6655676393244851,0.28211160610359765,0.7315486825385661,0.5947701672771571,alerta
0.6463423636156415,0.43894876516895676,0.40417287029814225,21.349468214957785,4.87028545616341,0.49632277518012413,0.25858422155277383,0.5991299990750969,0.3708634490132885,0.030006551911614502,35.78616124394917,82.87452655106105,2.6191152650787917,0.5382772395448301,0.38138766307356586,0.3326245332068397,normal
0.75967838662226,0.7352501401944774,-0.23184125670970368,12.65190901440275,109.64729928077512,0.596881901348379,0.7242049128083701,0.10078094861484488,0.5564584799521527,0.3427605714330024,35.04805532683282,57.93142437157329,0.9626402741531059,0.17829326163655235,0.34714059709477596,0.7256976947831408,alerta
0.6498608524926994,0.5922516346373853,0.10531304607315578,20.266765743367138,99.95929662636004,0.3196509442643547,0.9080348763357216,0.4937866762788343,0.36799591912157453,0.13821740459959117,29.989975220855143,45.41488615423459,-1.1830973575551154,0.9078665337327583,0.8413595989593323,0.5797871585837261,alerta
0.7112096581488543,0.20508643355402523,0.23557915783241395,39.441500027238405,35.708485972897854,0.5491096000318059,0.23568711433070944,0.03319891776118964,0.5949160328083665,0.37188504943044376,27.53892365543105,70.34984818152091,-2.5547181634918674,0.6475951176130154,0.03530225451406965,0.14570661174750899,atencao
0.38761513477996423,0.40998506920418054,0.40435497020054595,28.890507857776086,94.71487856125256,0.07633096241185919,0.9082585546770661,0.02107665339597285,0.6505491488048065,0.3283741977992206,31.26580379524834,49.22101619518958,4.062954533607924,0.4778829946319899,0.9747369472575074,0.3102686186798824,atencao
0.7203775796225586,0.5669152639918026,0.3659491260418776,22.48482839218473,3.745627240649707,0.12989226865245923,0.30948157919486696,0.0811780121257499,0.39514204361519595,0.5236799442590543,32.058359865412456,48.36234875355262,1.359099344370608,0.8147017590666545,0.6481795582653734,0.22144744191015575,atencao
0.2060803924692726,0.26077120528240416,-0.06449113774361029,14.996155404918099,116.02386603520723,0.18199588539804035,0.9764132223840561,0.6660360063249099,0.21092682862231152,0.12303716505277858,35.68763366821828,78.96245215388925,3.424404538767152,0.4508861914651038,0.4324833881994421,0.3903132125514853,atencao
0.7763716592423693,0.5163998693067768,0.4997481441253237,39.585303918510846,63.19139311077472,0.31126875099989265,0.2812600203804746,0.5405710163479918,0.2640546712905356,0.19537431236147254,40.546988981826686,43.12395766884517,0.908104856013904,0.5586530119300095,0.6280545311504252,0.5159840862093631,atencao
0.5333146633076153,0.5332903113803025,-0.19430603478376018,34.62547027789387,36.393723127853434,0.5997341709117461,0.9534358247578352,0.2651627017849235,0.2550856291044082,0.4797516691106682,25.615141558059726,38.21964732331182,-2.020206274113824,0.0027509955539209985,0.12274094645898281,0.5067628572841099,alerta
0.7221084389737455,0.20575483347556783,0.44386357582797936,18.44431907352758,43.50998551136125,0.2750729330121548,0.053544650892674905,0.16745967367426384,0.6591233498463167,0.17341697647941942,29.142237213211363,48.459322008584365,-0.9620606820970727,0.36570053019507354,0.5140524552935476,0.754523676563289,atencao
0.46662279916281,0.4673054530942916,0.5252992121639259,12.102060871635683,7.9686424152596835,0.4755037757850508,0.709272011669813,0.20849145120045673,0.4334709681306778,0.35803758066886543,28.293171018752524,65.34727064191019,-0.5661504177380814,0.13879047235096975,0.9850955233397977,0.18917186360170934,atencao
0.6005043866375674,0.601557492136095,-0.14941950526076825,11.698766721326741,118.7219416850447,0.5110542916222641,0.5321111338370037,0.5548601315807902,0.11117767608103024,0.33396219233817964,33.539004947794325,41.15439267016353,4.75641331253332,0.689688680662291,0.23526943784670684,0.9464728292974468,atencao
0.5184818626552792,0.4242821819483623,0.31375615457321754,13.611344485166015,4.715033418083094,0.43101853015742186,0.47787707712273064,0.527476204551081,0.18299746142214549,0.2895263340267736,32.30491371973372,58.579733613839686,-3.9493004945675576,0.4790269589757338,0.7222780990363494,0.3428451068821686,atencao
0.6621126652287324,0.10786702590446984,-0.2657573090387013,27.42305750843265,78.58885477774308,0.2822072793105885,0.22349431425584,0.23200074241231833,0.5021582530776777,0.265841004510004,37.3936396049432,66.36685552126599,4.870994207220564,0.3017575572502308,0.43497137583170065,0.3002488469161385,atencao
0.20714098742141268,0.10587500490153992,0.04460940136828173,37.862902636164776,53.128311324775,0.42508467211380374,0.705595789776492,0.4568806236555462,0.5359635184305623,0.007155857913891511,29.121070513262687,77.4368496296587,4.824154715988476,0.4678323393717424,0.6524581484879536,0.6851785781802198,alerta
0.19224645879339464,0.33206907358050797,0.13884080431802298,24.902302840179534,113.8699461826458,0.27247263531333504,0.1908094914463071,0.24935599905922226,0.45624770786026636,0.2943962930805114,35.106472217745896,46.49347956011272,4.96535711477123,0.20962988795134618,0.20488722869177545,0.8055166286830625,alerta
0.32297226380710253,0.7020261444806583,0.19354844202318905,35.28836447368592,29.51996883681542,0.10451793005880786,0.5528417959847682,0.5016109209777603,0.37073396127919056,0.12765511774304905,40.02557348119931,75.86731616913947,0.28929361027671163,0.9250866324861405,0.4704649826176024,0.3784717648136534,atencao
0.2616812760792318,0.2486399067423457,0.4955466610112757,23.376598595794235,63.850418872561356,0.6953225858209093,0.2532453630402508,0.6589134854112605,0.340159524209177,0.0009269903795624751,40.48152157861118,46.745313056561926,4.6742807265889965,0.053972632550913,0.9800927138592751,0.7468469748939771,alerta
0.7602484966145412,0.5123363977665967,0.27141308420006555,31.257506373034758,57.882745029930355,0.13266859486113208,0.9556213797813561,0.3566933092337426,0.46709765752811117,0.17620903323814624,41.29933828032553,68.83832706198203,-0.4396073633515538,0.8654170352961204,0.19528715101600957,0.8837359561360547,atencao
0.303449791150631,0.2443493159506584,0.10908625853635151,31.956182118595024,84.34397328601216,0.09702644949343728,0.028631193835652824,0.5514867995583498,0.312343737076759,0.13616946336489127,38.14543958535981,56.53367857412276,-3.7633500339845196,0.5113587887333509,0.6364450278487571,0.7668036652069574,alerta
0.833105679073392,0.3090854932787066,0.388223780826006,15.21891117710016,8.161227834290461,0.6210449869846513,0.19972828011123656,0.4667241732851132,0.37611732784808044,0.15715849886680638,40.40179440640156,40.73406211893351,-1.9808753226541191,0.6189464961388172,0.5755977487667954,0.03419648557083299,atencao
0.38582705423977476,0.6512273582409646,0.5079528978112477,20.836481769274354,23.25469560280258,0.2461925295803818,0.24231060638744772,0.6703108718753379,0.11670739606021516,0.21298173206444698,28.98702482374966,70.71317314109243,4.507666204436461,0.3026056209087038,0.5650515862904033,0.8273689113661882,atencao
0.27748254098208947,0.5737599374754655,-0.28124377362005276,29.11906469614072,25.74777841114198,0.4726930331477799,0.4140678257678164,0.28586033309162634,0.41509840154586164,0.299041265362512,28.35887605395811,45.88813092745089,-3.8761177599814003,0.9666976167943213,0.6151232896516171,0.7744809584543674,alerta
0.7027889549997354,0.16200953025358691,0.535143081417633,12.120898245530984,88.57809058100275,0.26385372428045134,0.23273024187005353,0.5452199740377495,0.1724239572307054,0.2823560687315451,25.11029742426895,43.831171301229574,0.9139472188067757,0.2818509585194898,0.5022379736882281,0.669290238153186,alerta
0.6110954428506132,0.3786563136411819,-0.2267876817958717,20.846205632888697,22.69664355920881,0.3044452760164062,0.49134909026878526,0.17675015097849966,0.34996294427057034,0.47328690475093,37.016354076294675,52.91614642946916,-3.3195856999478885,0.5888779971403043,0.016930750257658,0.7600224190879035,alerta
0.49873700151719724,0.1189603463694219,0.3922287623784472,26.043983988435773,68.8190116669172,0.22037343181091773,0.872465523258539,0.026921195793041756,0.6137316823857241,0.3593471218212342,40.936942192833655,67.66451223797418,-1.4224307941517935,0.9934167051071289,0.9000968114631178,0.9794253958319389,alerta
0.5387544856563419,0.41257859529195584,-0.06171546033129935,39.88673479133916,25.829258460114445,0.27297860376545663,0.7120634214091708,0.47637045002377487,0.19167358208279342,0.33195596789343174,28.177900865708498,46.69982393953139,-3.20716434359302,0.8810943963834458,0.8269788274840308,0.43111288781834967,alerta
0.6534412447905846,0.5305821076056942,-0.187647290909209,24.236006878673223,103.39499401007741,0.316955260381253,0.579961980535111,0.5428915758629632,0.210896577290021,0.2462118468470158,35.82804078225694,44.183076939094285,3.7357575900175073,0.5363298252861061,0.17416768092112134,0.06722323495459781,normal
0.30991831893190913,0.17702670533879852,0.07387729375675972,34.48170271342971,113.06225453875662,0.5182704449100228,0.08900317798267965,0.4173791429160764,0.2757902322220911,0.3068306248618325,37.68981590677022,35.497681285668214,1.3196363868293526,0.9903745229672121,0.41327317737886904,0.46088996962771667,alerta
0.8474337412397194,0.2877752102909577,0.24736309253047156,22.962018551998533,62.21915699306885,0.3824985262526146,0.6939921083892756,0.4416683095501496,0.41452850106377725,0.14380318938607312,40.769441997516964,58.58215485508618,4.118958191464817,0.7013698617326146,0.7705489806935679,0.046433655391047934,atencao
0.8323552135027482,0.35859380657640205,0.023809068269953826,33.89172167859127,42.27706610510139,0.6633173911520349,0.16641428431093985,0.3700237726390808,0.28915537139531944,0.3408208559655997,35.99662380829277,56.43227846575914,2.1951787958620548,0.20870041614180934,0.9800623153872844,0.29425040808846115,atencao
0.6052279804428558,0.6976951660264323,-0.25361940295970586,27.86244404860325,28.086933002099897,0.07722225599520408,0.786367385961698,0.08715283821965215,0.6478807102200623,0.26496645156028553,41.49499345672879,46.693387181868815,4.739262181205897,0.4055962104358064,0.9511370464417864,0.586879791796759,alerta
0.28967971565040157,0.7456157600249266,0.2095419687099092,36.59786324507195,5.973720182765252,0.37699440971081827,0.2500567585101532,0.3388180085492169,0.49288330371320005,0.168298687737583,30.85944339721331,37.68260820048454,0.5888988928436589,0.334493334011551,0.8993591996761742,0.3096228929261563,alerta
0.6261597697019039,0.12919234434715032,0.4670427846940736,22.3282765705033,32.22000914369944,0.42974611274061675,0.4170487283209009,0.4803262947146642,0.1913024749202677,0.3283712303650681,30.94878507411393,56.46279372979184,1.7483952358658712,0.34401370827118916,0.15837389729913964,0.6853952459095386,atencao
0.20053888628542307,0.5946551502720049,0.025733061055163986,28.129132594644368,78.50829359343815,0.648128040948278,0.3504702023179279,0.15338310579636372,0.6454779414724333,0.20113895273120294,34.23121267024388,74.41025555358156,1.1867793790015089,0.7604564393598663,0.9144751060090048,0.8219863276857211,alerta
0.17145675154406423,0.3416206431615231,-0.116117139013797,28.900560418564822,64.0340317571053,0.08195304035392792,0.8588139146748568,0.2253354697912386,0.4653421380204437,0.3093223921883177,31.51953197897042,70.76410656635885,0.3583438650195143,0.5842629272727936,0.8784449129510794,0.4204391792795369,alerta
0.3303780219578496,0.355097821049162,0.07619074404289311,22.5214882540142,113.28495339371129,0.42277473020789036,0.12654445871340814,0.012265307985262177,0.8311377940233976,0.15659689799134022,25.024237380888053,78.03974449300851,3.6136342888071136,0.03809271158952854,0.37694991116638954,0.9001379512930036,alerta
0.47383606971752135,0.5902722326755647,-0.25889169560853625,14.329361310624446,47.55327149900407,0.604859453543172,0.5656448823847886,0.667493064196932,0.049862872322581665,0.28264406348048643,37.44012442647879,35.47913438565778,1.8007262210332415,0.877448483650976,0.39452259453626204,0.07983893135040021,atencao
0.7577907537858664,0.6969771808945157,0.3974144468082336,12.806782207370066,83.26360107940734,0.20725302327750378,0.14206160944306223,0.653732467279077,0.22737911283492043,0.1188884198860027,37.779189705134215,83.32096584022992,3.2118103836992553,0.29679614048016456,0.45990892195516075,0.8401131642004498,atencao
0.6590183488364156,0.7181035864266565,0.4023896893076588,10.500146517988993,58.71872969701457,0.6195900265405593,0.7047958361321867,0.38200159173305037,0.3869827739878693,0.23101563427908026,37.6985682796751,52.07061263137241,3.077275429421719,0.9970748769131437,0.656175630966417,0.8285731454392989,alerta
0.6698945648399868,0.4751296809249085,0.19980039391518423,36.20602792735644,61.509145910905396,0.06237821602828968,0.9050781277944812,0.4662608581050016,0.2684657934524554,0.265273348442543,30.865351332377934,84.51988980459824,-2.2805935541023423,0.9541907303347857,0.26083561598301575,0.3219938963267649,atencao
0.4478453341136527,0.33212875354532684,0.0001374555976311198,17.094247367160836,32.1329177524941,0.5260955089369242,0.4346076538672534,0.06003478560507802,0.4155326100938363,0.5244326043010856,33.878921046289925,47.63097303008873,1.851471792658793,0.9405307166819652,0.022948429439944684,0.298715187124615,normal
0.392154494782874,0.6119069058082065,0.3798158597789159,16.34520247845304,54.59409322103996,0.6565235937596244,0.4880922602649759,0.5317714455970258,0.3179719870313283,0.15025656737164586,31.11954980900338,58.57681937891224,-2.203167827367993,0.8111276040639737,0.14122952459724225,0.30509498115351263,normal
0.4097271340892219,0.26315089912049516,0.17148397107011215,32.08106201278197,56.49419964152487,0.47717848006604036,0.9274228364827622,0.47779984693443334,0.11596801684590287,0.4062321362196638,25.272618800520977,52.69638382876518,1.2498843041939374,0.22061333168354258,0.44011590757677366,0.8113937123444109,atencao
0.8413546946152405,0.4666481187417866,0.4020424622675139,19.600483392621754,84.79710260987207,0.33536900858729113,0.5209913886493571,0.2707447056268812,0.3710975072310639,0.35815778714205493,34.561632001614115,52.788035749715135,2.0969121600167044,0.532632744028782,0.28200256942620183,0.8316534876101951,atencao
0.17807643398873774,0.33307599999116755,0.2367399736955676,25.1813407723551,112.87679990233366,0.07917266070726672,0.48759843804956093,0.5547761250803526,0.28590163974195776,0.15932223517768979,27.10393132342819,77.11410493741079,4.975115644288282,0.2243026268249746,0.7645165610361319,0.3297224588276676,atencao
0.756922047285714,0.5268101979101195,0.36674465223087777,14.875331958923688,39.51855329790051,0.6480739786597086,0.5783291027043042,0.16230949244301243,0.507997127533751,0.32969338002323656,26.36070250955449,72.32094698686694,-3.7251221966523547,0.2596754555889492,0.10669007054927138,0.5925903474444618,alerta
0.5550727860006753,0.25625929338077946,0.20877854423509606,38.79237164385908,5.064056229755813,0.35569254474952355,0.6892297363629519,0.5353865423015259,0.15703012947365314,0.3075833282248209,37.84348416784538,84.60757176150241,-3.1788184529765116,0.6109517694362774,0.9174652255548038,0.1389332294404545,alerta
0.45703079343271324,0.22453541472763677,0.05201990798331635,35.54744200051712,59.55541506007676,0.0688478838183662,0.10688337508703138,0.3874709748270498,0.381786998547964,0.23074202662498614,25.161605441107795,65.67573413587563,-3.3067597326589167,0.04083354535306338,0.8953271799439111,0.4687787382810221,alerta
0.6576803622905956,0.6968554063390341,0.5142539809372171,35.9136886889501,65.33535985790023,0.49838369636369517,0.821110527741516,0.492242274436371,0.41855693848958386,0.08920078707404507,41.30314354134835,58.16283021972514,-0.4147484235993395,0.9694585668207076,0.9087568169332881,0.9987928508555383,alerta
0.49066825899729194,0.166172393917199,0.15994675114701806,22.203212457160156,20.21286613582983,0.36319421482456776,0.43550502745325925,0.6180855515036838,0.022312391461060198,0.359602057035256,33.759341189913805,39.503693147344556,3.3942952533723236,0.9186731725779644,0.7396099986033267,0.15883914770624685,atencao
0.7613962666571624,0.42887264002770564,0.2143260907594577,32.87083641121518,91.25575275312801,0.13082445633756695,0.07234850989748554,0.08287976220165404,0.5004658066404547,0.4166544311578912,41.71127932200452,84.82807097569284,3.596506995084221,0.38076757215771984,0.1069999714835993,0.947562639960059,alerta
0.780491304807881,0.2435543089259558,-0.1125855064974631,14.316284661693405,118.191493012979,0.1892766760516687,0.7861826691982131,0.5780101144622964,0.038628640356105505,0.38336124518159803,25.985958732036043,62.57653264661414,2.632816361490365,0.5154224480069131,0.43813757136956677,0.8242547219650078,alerta
0.44520464881141875,0.12530447616168386,0.2318031710131851,10.258570077753408,113.49296604101531,0.09191894229630007,0.3769499716862721,0.19469462231625942,0.5442454586131669,0.26105991907057363,34.92000233072052,70.02387348450709,4.071904176469529,0.466119419267759,0.13140537180546374,0.9722146509462699,atencao
0.3437794580645361,0.12341223188942715,0.18586650206050231,10.599187977340844,23.652724658838263,0.42329080081057274,0.10036749509505394,0.3815325732068493,0.42026276512062305,0.19820466167252776,30.93855961159049,55.33711935956557,-1.0942605024749272,0.8821997786174698,0.9876991927610826,0.17957876061053302,atencao
0.5646452300153535,0.2138941518687878,-0.14288736174502878,27.598052122136814,105.04358878809128,0.45431916151380597,0.6337790395432505,0.46083444352814357,0.18074259540449458,0.35842296106736193,39.33920237784286,62.385785408961794,-3.206608201729308,0.688601876316111,0.3330384233986733,0.21351849044336424,atencao
0.7886543419316837,0.6634007304289001,-0.24935096724982783,23.661847157438224,84.53923636940216,0.3787324939310388,0.8801313534336417,0.6660339629170032,0.18827395885646542,0.14569207822653127,31.140786498982866,82.12888659464436,-3.4766227480913487,0.27811124742435644,0.5853305418900621,0.016867181734858683,atencao
0.2974635323039666,0.2836111835850673,0.21370542175755552,25.540460467255592,54.46158765682939,0.5811163864516997,0.8877535094139863,0.01855848996213709,0.47733600532036946,0.5041055047174935,29.428288843974933,43.32097189658013,3.669194476574477,0.4468412544652969,0.7793930542442218,0.7247018129156055,alerta
0.5860766084944379,0.7177984608739422,0.34913842894777253,10.223894212516582,64.87331931896749,0.6096557338502088,0.9576634748089732,0.6464889695911445,0.28458422809471723,0.0689268023141383,39.57840316069853,49.61862921651273,2.573926649183221,0.42896597568676376,0.9206160842256454,0.6440946934361856,alerta
0.5920921540647643,0.4780544904429759,0.14489116528370705,22.68059858972277,101.95202099789498,0.4501558578440322,0.867705459766688,0.5231268459561911,0.20755224775857634,0.2693209062852326,31.36910255810544,42.60298638890162,2.2875377541000876,0.9593351682839186,0.75554772584136,0.1780654383247321,atencao
0.6631791156906967,0.38379922334969796,-0.10724326847830112,31.542044836025823,57.61619275660478,0.05829171180982986,0.002140919345475223,0.4872361895609342,0.19647252416122982,0.31629128627783604,25.286166437629547,74.61079519023873,-0.9429129530889808,0.17531091051463965,0.6745037787662376,0.7911449655420719,alerta
0.24209737958908184,0.47705774253514555,0.26654368018907976,23.280811059023076,44.784884292615224,0.5018992762360281,0.38024116641339023,0.16663525967571108,0.7949856441394465,0.038379096184842434,31.634914714268675,38.10226302109148,-0.5808533024359641,0.08957633729442904,0.4659817820381513,0.2991955061317254,atencao
0.651077475277462,0.4358539503970741,-0.23191013238183805,31.966576189366666,59.1896991631183,0.3216994909982285,0.818542579905503,0.11310813687043587,0.22858958640505445,0.6583022767245098,36.12687857318601,39.081582492566916,4.623021760093874,0.8806188321616902,0.605400133750524,0.13499556933063517,atencao
0.7863227644659487,0.5932045649422614,0.07555864908166149,16.990568931905045,69.4955764842059,0.41761236409715147,0.3662530059984742,0.01801492190890616,0.7311159315221811,0.2508691465689127,29.32411215970849,49.92470563936843,-3.425757303118585,0.8966859895058709,0.09416380885282982,0.42256266501934814,atencao
0.27577817620916933,0.28362244288235394,-0.16113825536134282,34.39426013445176,22.68931845340186,0.4719023913122748,0.6015485063797061,0.4114782973785551,0.5316716170290638,0.05685008559238092,32.343789071227675,60.70940904605057,2.9635856324401333,0.8717390879121647,0.8839225419612625,0.09096984842685607,atencao
0.3162803274467143,0.3294827545401966,-0.14320980659909913,27.65293721360357,108.10892763203888,0.27765379931259987,0.606316947374532,0.4497369010305042,0.34032299268666105,0.20994010628283483,25.964157350797834,55.31374002797933,-1.2133000866244616,0.5109769156255564,0.5437773088398854,0.26324365627324664,atencao
0.8299765658291477,0.681161296646613,-0.12805014321552688,16.322892982897187,80.90243385955365,0.6461140283616662,0.36502530403882305,0.4995496821761214,0.4316294089340891,0.06882090888978949,34.99757745573727,37.24081553354036,-3.6485084342869953,0.6597444282694604,0.0401350504349427,0.37133335842734616,atencao
0.2766838668966428,0.7151967335477636,0.02870099848738128,17.10161427561499,75.99227008049867,0.13708366338735778,0.9044739272812876,0.4252234953838653,0.2640213358304896,0.31075516878564513,37.85701370562669,82.87457789354758,2.683130996682104,0.5633630475609839,0.9199021256598975,0.8518641745141499,alerta
0.7480695653587054,0.6801628478662084,-0.256522325222662,28.84091393708611,11.939547141676577,0.48648267473267426,0.5032283453861176,0.5366231576380873,0.028399674046924884,0.4349771683149879,32.02631354381887,82.64347601790419,-1.0217930288946286,0.06944782605440092,0.4893019738368687,0.7925487412932214,alerta
0.49459449951362433,0.3726411960722539,0.03812442478973349,34.8981877963733,72.50087258071102,0.05283372697177728,0.4647842059375008,0.35468471745305585,0.3517213653276225,0.2935939172193216,32.14395475762482,48.96781616203799,2.4993276686851695,0.5958348969007224,0.8685891415610018,0.44275428575061826,atencao
0.3230617520822239,0.6072375769544731,0.13495133004749577,22.468833460874656,14.515279468619081,0.6510232185133675,0.9975137456618959,0.4522720933581374,0.2508448045092576,0.29688310213260505,26.50080247594358,71.57628076342908,2.368889448063081,0.013614147256100884,0.8568879542053569,0.7245750577523875,alerta
0.759524930890758,0.40961822664571423,0.11080014222137646,17.749012873827766,9.443721023447885,0.12312768660475946,0.49350036407261666,0.48566233518508656,0.2940415434572022,0.2202961213577114,28.4329946967037,63.92877056916119,0.8130818788980356,0.32498740955708616,0.8157515874571148,0.568649636179005,alerta
0.46171367850186584,0.42340090389496643,0.02536648534258451,36.01034820731802,63.2773074770872,0.11167474959592351,0.17839825192858105,0.4673825472157302,0.5233755395486459,0.009241913235623974,27.629480153174516,46.873834750281205,2.996358162894939,0.932292575873167,0.061403019295356076,0.3408418550780681,normal
0.5103721477507831,0.23304207088723458,0.4132746168601397,30.078048752525046,48.3342640855794,0.26645496148395875,0.513069422863438,0.20830485031241763,0.4735236048944011,0.3181715447931814,33.188692067246144,48.108577587080774,1.2293449175411908,0.3040452696358076,0.24706664542420886,0.7258743434952848,atencao
0.40146335857983595,0.4842346971180357,-0.17647231144257147,23.442564618492295,70.65723241874679,0.29281808592540237,0.81401673551993,0.3628639800319372,0.3626004562999322,0.2745355636681307,33.99734419616275,59.55765871552252,-1.420268324365654,0.9398266426442479,0.8755478724654308,0.683499154466378,alerta
0.5650655960044492,0.22098833353967617,0.1298422322141679,24.637005858379055,10.70666016686863,0.1892950470098711,0.7768603268982814,0.5207709254415509,0.46467155140968214,0.014557523148766923,41.131982231832424,55.961847074868004,2.607037709579771,0.25013395714924425,0.8989910560520938,0.619094442193602,alerta
0.2644667108095159,0.31551705439367594,-0.24726479558692882,16.127694038091892,51.71796754167101,0.430329079602631,0.788581765108471,0.42750888475309756,0.07302923441298953,0.4994618808339128,26.244935572712976,49.56146641156321,1.3022583428995125,0.31456224046153247,0.45806886236880606,0.6179555210432506,alerta
0.42375707565623244,0.6557696310529578,-0.23951767295377668,28.804078901945317,20.974405805418957,0.33789416372727626,0.7080237839979118,0.41864652761324295,0.3105083931229201,0.270845079263837,35.1977555436358,75.37557981525745,-3.885454464790715,0.6284074964385535,0.44004146765420227,0.6829819923269768,alerta
0.8285886256347013,0.2345992759870559,0.18778597222553195,20.76227531628666,118.452010310894,0.07221413287670682,0.2542178290666882,0.12971999002391865,0.5603900093309375,0.3098900006451438,33.9504749645801,59.073145881869245,4.114797599932784,0.7616269727892948,0.17514063388614975,0.3845455126425382,atencao
0.3306934028907893,0.14625288536273134,0.1811156611546479,39.86935530023048,67.33802549222092,0.25777384046594537,0.8620840858402314,0.00020806039299434468,0.5689581695035897,0.43083377010341595,33.775962664909095,67.74240311945638,0.9107925649188209,0.501387768004884,0.9684107886911513,0.8690758150677024,alerta
0.6097156651789045,0.1448549351983306,0.44632848591778856,24.405505457856634,82.49242331290408,0.5767813938225608,0.8934434653762651,0.49258810603291187,0.30585570443218607,0.20155618953490206,39.84370788550805,44.46367500839377,3.8176453893157856,0.8821156871941555,0.21313847535904318,0.16230784549646082,atencao
0.3776330449572864,0.7115099383270201,0.17419262431106225,24.576568185688394,39.05019368191294,0.4983059976602145,0.19415269661854906,0.10656760659048656,0.2960252768628781,0.5974071165466354,28.49415400182327,61.67538312582434,3.944631550840202,0.04024042161061925,0.19093678435076555,0.8838854632391541,atencao
0.6914311879806204,0.42949828467519247,0.5158223673441227,26.975553622320156,11.368669773521297,0.5211660548269222,0.13045563655139392,0.21068772582095316,0.5247826757781249,0.26452959840092194,25.693145663803314,50.89880247233108,0.004699910615796554,0.9221948386343706,0.6607289701491743,0.3422818430319944,atencao
0.24161156250284488,0.36611784668106195,-0.2586093788600597,37.502680093562404,117.10450353402439,0.5037760006542903,0.975604968589112,0.5559652757917273,0.3455975673378717,0.09843715687040089,36.42861562978128,61.32068051974391,0.5689399680610787,0.19630779989540803,0.24284430300044768,0.12503161560862253,atencao
0.8288747315549813,0.627071077655147,-0.21669346793637007,34.02454299579251,34.35108424598199,0.2521324638989716,0.8683239636503679,0.30291732494540136,0.3388840602660858,0.35819861478851295,30.867676890311664,74.0412916705464,-0.2582105109195827,0.8842387450846559,0.9387716110143898,0.6000274026791299,alerta
0.46765267896854745,0.6432868531418354,-0.2625440176651758,23.533902093935243,50.856982220828904,0.11478154934990431,0.8932361472099467,0.32723229977148705,0.14291131978911353,0.5298563804393994,25.29902857561292,73.44566050456308,0.04493097777240962,0.4008631794863805,0.010906995317794821,0.37598666907040523,atencao
0.31523532434252477,0.315924171525143,-0.14251467721649094,31.56097797918388,77.983670604309,0.2271036696215124,0.8863763846243952,0.5541001806027722,0.05241941704875587,0.393480402348472,29.273358123937037,52.7110339017138,4.0563244307455495,0.8327570558710377,0.005753262323301311,0.8154997271035193,alerta
0.20144772313100884,0.5508517373579669,0.16007959430042645,27.58706496342285,2.9636757223333543,0.5906604451203535,0.5416868240337284,0.07797759301991998,0.4629963717886989,0.4590260351913811,30.258555161685802,69.71385585398195,3.0932961257111993,0.6716655498036951,0.5048768014355995,0.4307854685287673,atencao
0.2688305335612785,0.6012298303037262,0.24873635421331391,24.771011461037467,97.23109566207444,0.6873060185589962,0.6464017366657997,0.29503630227173566,0.5502278130589411,0.15473588466932328,35.48625240533212,82.06449751971385,-2.8612689131597984,0.1759416324782621,0.48806245991347197,0.6685625255621098,alerta
0.5138417639892123,0.5255229464628705,-0.2612526157436315,15.769473183530515,64.38938280343443,0.37100055958201483,0.5453628521336417,0.25709667141727965,0.45783558586485124,0.285067742717869,27.933958498837626,66.28346649624532,1.4927700338608627,0.9180475698814484,0.16336402190091048,0.3082579895048255,normal
0.3859022235019004,0.1985367986200646,0.5040752563687596,23.91808790364673,33.386062448258656,0.05630523069997745,0.05120634919032907,0.7576451494553158,0.12355955064452326,0.11879529990016097,32.021923915207765,42.420506169131855,4.96315976347708,0.24551739048845966,0.49451956297028443,0.2094523750253401,atencao
0.7302183561178266,0.6693240042860871,0.415840570152824,17.37455761067724,7.39295823509631,0.14102912788724886,0.7455030853527727,0.5683824471028701,0.33934952039854227,0.09226803249858759,33.20208255510315,68.98543146395475,1.3599563110923718,0.24414011869499908,0.41166110516998644,0.3880490309488238,atencao
0.4516212665632642,0.45041145927840565,-0.0478793901664708,37.44526449554964,19.499809856932973,0.2593523739555727,0.5053320333358803,0.06757432458247692,0.5531913977675006,0.3792342776500225,32.807035653189544,40.24521931746557,3.0728446303379497,0.8141788966373805,0.8903295253423688,0.6068078346024335,alerta
0.3240999908113409,0.2836070771405024,-0.23439059930750222,20.06220440489041,107.40406306241243,0.42608047658541726,0.6477090747902298,0.6016075847136992,0.32310759770457687,0.07528481758172391,41.55699303333529,78.60552043965136,2.9215532604305388,0.10587325557252103,0.009253920216963474,0.6569467392113518,alerta
0.582001490622821,0.37639832053450106,-0.1555959877638013,38.56792043600117,82.32290687230692,0.09881086977345407,0.5026398049755353,0.9310127013071537,0.06170521050398586,0.0072820881888604125,25.773572042435035,60.833024790097014,-0.8471422671490432,0.22203590637046033,0.9762698050329522,0.5782066652980183,alerta
0.644744051819812,0.1244212087592898,-0.1920972483082732,25.991658702841335,29.98820659642678,0.663182244161423,0.49181132232245595,0.2861267160881039,0.0170625296904959,0.6968107542214002,41.16645916969079,54.25703681557898,-0.65335627566437,0.5036775734210623,0.6243927642958425,0.9880557186241089,alerta
0.2669293355306649,0.18311342079457144,-0.19520878759589516,28.94633136028481,7.872091793403544,0.28730438763486044,0.17178910947776682,0.0566027535603487,0.8598130947001784,0.0835841517394728,34.89293263789857,37.85032973248462,2.5166877961136294,0.8304770286866243,0.15184344564527563,0.6910901864951653,alerta
0.26733345140182235,0.5976053878353096,0.1407774353658739,26.28821333467983,82.87383748639635,0.6431797416511349,0.27871371514114895,0.5583244866521774,0.37732476118882585,0.06435075215899666,38.527371154487255,54.03918672960548,0.49985178444351597,0.1474839747372675,0.046760013811166234,0.9315196275969178,alerta
0.17566999885348006,0.100007562590988,-0.09102967388060973,13.881418509001026,68.68892711613182,0.5573391717920642,0.1588526919439558,0.6190136011504923,0.33206177322603225,0.04892462562347561,32.31667450627328,80.16033339578948,1.135136382173492,0.5476682345123464,0.5381056585592319,0.11793319489517451,atencao
0.6654814105459483,0.3707677885134899,0.004418759049772847,21.27463657023823,48.542342934988206,0.5410342271351277,0.19566629562534243,0.4047258460404588,0.45608652652093246,0.13918762743860877,32.715243981368666,36.04914981431516,2.4161521132835384,0.7112405918029395,0.2348901659718201,0.06137292981347886,normal
0.6146631693352635,0.4396316177056325,0.5410795333766742,12.974383368328718,43.63337390280766,0.4443677268584507,0.9729773804203049,0.4776539691617993,0.18143521608851715,0.34091081474968354,39.948550483269,58.73240788909025,2.9981752433514526,0.8605952247159513,0.30116553700125925,0.31099470201195367,atencao
0.4822416130248697,0.135512373000632,0.28166711158654306,28.68862132550145,26.017713111492995,0.45740948108369894,0.15311344577219843,0.4535846120326379,0.20682648035290008,0.33958890761446214,40.23088643696234,81.55790455553111,-1.5563508004023578,0.9355655602022196,0.2451321648345136,0.13658893837642394,atencao
0.7409193142784379,0.7325008059320164,0.5066335669899513,23.406225856013165,80.35335078450211,0.46470210289056124,0.26927042430520765,0.44676998469798507,0.37177902444712546,0.18145099085488944,29.05771098433206,54.742049988251054,-2.6788561650673337,0.7846399144689324,0.6501723135725108,0.5258685282282677,atencao
0.7139691070650372,0.24698146531228676,-0.1788269282218517,33.3395491471281,116.48016333526446,0.4586689015666283,0.590589657738585,0.2786006972405207,0.5146760052990897,0.20672329746038953,28.38711193593851,56.40878437310752,-1.373848179486473,0.6528283982220019,0.5535289621161336,0.5189812535232787,atencao
0.5597480550777265,0.2977291677635826,0.024818553607683924,16.614114429981093,21.085829500419102,0.40992335040893474,0.6101785762366418,0.6749915633897474,0.2891165318858023,0.03589190472445033,33.43599795578917,63.928002759955994,0.5678449258286795,0.43362008531276586,0.0779744235218115,0.5750471664439502,normal
0.7577898963592811,0.2975626329657678,0.17152203279000117,14.936981752880047,71.6539944018604,0.6911691120138778,0.15397412974382907,0.012254639185990795,0.9338273795508487,0.05391798126316051,40.30470946117076,58.14686667885917,-0.920728144326648,0.11211015418841963,0.5265265331751754,0.7452278808310727,alerta
0.2940888470257378,0.24977083037627745,-0.23475564739457266,22.189966928913034,50.90220668951714,0.5259888688267024,0.7937174257852123,0.7542727963431372,0.09895435193626034,0.14677285172060245,30.480036587904998,43.43008456187762,1.1152648296283445,0.7097371925255213,0.7911897655632999,0.9713297002123199,alerta
0.2283437335784095,0.10095798435610243,-0.2964406729162358,37.79756149655144,53.60264660935979,0.5550151524551388,0.785202867912825,0.5031637101036102,0.1793052747015849,0.31753101519480503,36.08424846076523,35.92777695349302,-3.518808482869344,0.9927373044754869,0.08119459082032432,0.8782586914391465,alerta
0.3388247280618927,0.5740741161571976,0.26986918372737995,31.312654450372353,30.497673615337728,0.6171008298043882,0.2373177042038911,0.26800779578614936,0.0490429432267621,0.6829492609870885,37.03857869159022,65.49058289893509,0.5877537045239052,0.7367605947320999,0.88973897623042,0.1183672395755816,atencao
0.18996079926252038,0.7284495748695354,0.24554658928122014,22.56770874378756,99.01618507937029,0.19016584577180196,0.28866630267546045,0.6197133373251026,0.09489197968349859,0.2853946829913989,38.23746930320065,81.0403293503906,-0.6881358375606288,0.01671109373772628,0.5783066494477291,0.33851368877065724,alerta
0.5218186696007224,0.2457907641352793,0.04917048849967004,25.518165092629317,58.230672497668934,0.1044727034117895,0.937987865459497,0.4342911861101388,0.43541674554721177,0.1302920683426495,34.58671578465638,40.31820665135828,0.8120007940359413,0.49625997804183875,0.9506244692703166,0.2558230250480419,atencao
0.805623984606473,0.5309806746722245,0.1161974646272278,12.52639033531295,65.2087022637917,0.3638813837890891,0.8256714459794781,0.6459135577639104,0.30000249305754045,0.05408394917854916,31.841738030742484,45.54763596263767,-0.1971998060352087,0.6146466324829039,0.14814121772237565,0.1768173577797928,normal
0.17754047846795673,0.5822326125231648,0.05312655050327619,39.5372768912834,36.57130953567909,0.3841524521525275,0.6977970330625238,0.5833796609760751,0.05183724489288724,0.36478309413103766,41.439271809582536,53.511474291248675,-1.441967344262118,0.689674201102843,0.9935649993533152,0.5447248766557845,alerta
0.23547693980701875,0.6514764964088411,-0.27959571188184446,29.992219140847567,21.81701588003397,0.5889681569674465,0.08223322151060053,0.45104500958430616,0.43384122476334286,0.11511376565235108,35.392622806148495,75.43711145105598,4.136971149118722,0.7197258356007086,0.6442728659696768,0.5532644020327305,atencao
0.4665393197984047,0.37470897805884595,-0.014934134715156921,18.562122053902677,10.309246584338458,0.3384593265335181,0.4182640809025757,0.14929754937730497,0.5363253172416667,0.3143771333810284,37.385608597765604,48.46301582354888,-2.337115104207788,0.558108441216524,0.5674941994810628,0.22724482788806133,alerta
0.8037125122695334,0.296905088666279,-0.1494800829123036,27.57425182645733,85.6942969109899,0.4210544666038032,0.559301872076827,0.43059414002973,0.385826098082098,0.18357976188817193,30.86470837682993,79.10272021393843,2.132290180225037,0.22336033273424027,0.5152796241120854,0.7118972503066855,atencao
0.37130927348372533,0.3114418371149702,-0.21633943926383653,13.28447098206982,23.548113802542673,0.39259611003374784,0.18741128798377693,0.3619990965526379,0.41057677327759917,0.22742413016976304,36.38913607705236,37.74789373250332,4.321802413241727,0.9422006614765467,0.023654373098312753,0.7329142991695052,atencao
0.5050643660818747,0.5632038665140333,0.5132123688059473,38.975100064227505,82.80904250265573,0.07483180944230419,0.4482265821082245,0.21261849747240757,0.20266525463761145,0.584716247889981,29.382560256790143,82.04783106294674,0.8480296371688976,0.6966664676636619,0.9396391915495781,0.020979994833933313,atencao
0.17910100133527446,0.6309066532286635,0.20945576628584078,15.243549636500978,46.845173525634465,0.449889682787994,0.60102587748869,0.062320883174573745,0.5295060018200759,0.4081731150053505,29.166647597986817,63.03735389368825,3.8876763972153388,0.23684003686940946,0.6439944728541983,0.39575770372231656,atencao
0.2538402406734622,0.21804907904179172,0.3193578416011123,29.440909541656424,49.89297611875818,0.5882281357532639,0.3273766801153992,0.47917172385711193,0.33757131526873146,0.18325696087415658,37.15027743076025,67.93888392438522,-2.8763366941004405,0.3223218322702729,0.09162648449929123,0.8901406412016211,alerta
0.8406410860711928,0.3411116553025474,-0.03194081822380007,17.363633876167913,56.30129953113261,0.15237535624927248,0.7809448189504872,0.19426227049061348,0.5707682208563959,0.23496950865299066,33.863710516469894,53.38447612681766,0.44409893230767317,0.9219276706303697,0.020952170294524897,0.5203186082438382,atencao
0.8255830875052319,0.6862611278869475,0.034175060069912944,31.526841479456074,44.12502097530518,0.4363156270522872,0.8404495816388055,0.469792854353054,0.4298850479875217,0.10032209765942426,36.615702377180625,74.09971427555303,0.11322752432845462,0.8874851867073358,0.05078363923675133,0.3476278014389943,normal
0.15345798665408672,0.6243507878015805,-0.098614605187785,33.30464101720843,12.074397266710811,0.43584685389016925,0.32360946943407076,0.004103836266872275,0.34453736742825797,0.6513587963048698,29.58045434271756,43.32831250422031,-3.926930736667046,0.4051464383580896,0.6093957634322407,0.25367615159513013,alerta
0.8162682497962672,0.7401579617956093,-0.21757917967938895,30.202591867342978,37.155817200341495,0.15672022663663315,0.8386571544924571,0.01883999411913596,0.6939261668791951,0.2872338390016689,35.17829679796442,37.44559126392435,-0.010683927765989587,0.03830722199145098,0.6140154148945852,0.24335451991828227,alerta
0.5973839564708502,0.5902613687933526,-0.14782310817465374,28.434983807655776,79.64812328327261,0.1302513229249784,0.10357656610301502,0.5697745534659068,0.3209919135307641,0.1092335330033291,32.54687204495291,54.77584715537786,-0.6787321925566197,0.048497368893938186,0.4996672917814411,0.09976803385080635,atencao
0.7575428061640155,0.3555768806681495,0.377886938502013,36.77407281856035,79.89412817626452,0.6870337629347151,0.8377290986226563,0.2743215411967935,0.37760521096207195,0.3480732478411345,35.14832487637398,77.68478569905197,2.0281885499715386,0.28391829091838905,0.30676582065295155,0.8172264190930921,alerta
0.46831789894370135,0.48391459209651455,0.27591393440620954,12.358801329692742,34.346916868799326,0.30591746027447436,0.1527504316676166,0.7780010340137032,0.12169576044698778,0.10030320553930895,29.94495544815173,72.74634183188473,4.444968007188667,0.6291222193389995,0.5317427316146414,0.08665740539417122,normal
0.5109172200054751,0.5296592652607582,0.16488954458765542,19.927442973405856,55.21231518692255,0.197824123670294,0.08292715250972604,0.30531220023243777,0.5047883788005944,0.18989942096696782,37.162666382035106,60.8577985244479,-3.2278802056416716,0.5841946353345618,0.5163018208762579,0.2922947658618158,atencao
0.49219260617984406,0.15099628060613057,0.10382639193675292,17.448624388925378,23.2136673614325,0.16136095389534372,0.6417754044410112,0.10176993321075098,0.3822041436209381,0.516025923168311,38.70079922471091,63.60688735826767,-1.0527125195683924,0.6338277869439427,0.019415559876565625,0.04567573856635321,alerta
0.616804980282273,0.45392302341751234,0.4840691411077059,39.640418861962644,25.244649783580293,0.4839411138291027,0.4719373657552943,0.17683143337769444,0.5660910115308103,0.2570775550914952,29.4185800555813,41.49464131493777,-0.0034173634517329354,0.7172829719321067,0.28246923032749804,0.7813865697237005,atencao
0.24775587832941903,0.5610585385071962,-0.23817529438813184,21.681693390006203,2.765650608792889,0.44613944326273114,0.9078906004128328,0.46778988652150166,0.4717481961378276,0.060461917340670766,30.110549517545916,77.03407543087911,0.09666840230944995,0.019032253592738413,0.05318534146714948,0.03928368222679046,atencao
0.17098151291087454,0.20875884760068925,-0.06148930874777139,31.978380977211962,107.60958598892935,0.4683088799418213,0.3631891960908492,0.10277167249507432,0.5315261763401273,0.3657021511647985,36.23962258522458,74.34798414820985,2.9732874875802837,0.10508559517244287,0.9001547514476554,0.3083011038682084,alerta
0.3655509591138336,0.6074106163266122,-0.002552824464893022,30.541754916430136,25.284799808988744,0.10720391788244396,0.2871522634376287,0.4747773403075929,0.20079432851628112,0.32442833117612596,36.82494796316025,67.82351969434714,-0.009439007499032925,0.35948345182721264,0.7252231627851354,0.573297370086664,alerta
0.6432765339156526,0.47945230733417254,0.36506194038086975,16.362437124321332,27.3040652323756,0.630797479273984,0.5007349061441984,0.23350688821124935,0.43693539348839866,0.3295577183003519,36.96969463475665,58.30955181644693,-3.7555482869171195,0.15485999752158175,0.9961151701929123,0.4095613602934438,atencao
0.29129741648606383,0.7189441607034365,0.5436374271376758,17.169930406346538,33.55217191741582,0.30302315792588136,0.4559461857686613,0.07749463759788147,0.7095027332619163,0.2130026291402022,36.60587458118923,83.22296341397562,2.390936851335482,0.07532004254455416,0.3021712633052879,0.28227106724910045,atencao
0.6214027033274421,0.1275744938344796,-0.09543006245641986,18.438536906591025,15.28896860345148,0.25369011417973264,0.34442804621718826,0.3334475216038529,0.2998947776423784,0.36665770075376886,31.67773118819316,78.95159859382355,3.963467256311045,0.6409643959973319,0.8784858477569103,0.27518907242754165,atencao
0.8289384322750893,0.27246198941105354,0.4431612340165186,22.333818347781374,76.71154598176354,0.3505349407110304,0.6937412986983286,0.11231631521845087,0.46758823462253607,0.4200954501590131,31.71251246486253,67.22152467573093,0.6251424129470555,0.815336477491099,0.6030542679324817,0.7977903060062493,atencao
0.21573050105259287,0.4910100215448857,0.40602934636702265,17.029751969515804,9.017154381310387,0.30354294273595833,0.7595618339139083,0.12672698801099483,0.7349275322302217,0.13834547975878347,29.331899601954483,53.590049885864396,1.229976695286548,0.7526266574342825,0.4531254069036049,0.9739780950872451,alerta
0.6208214827575883,0.292763942933855,-0.10904121200449834,10.589544482405435,16.10429115916203,0.6113250520404447,0.8529839690301366,0.19329574974499228,0.7364427054550567,0.070261544799951,27.66617289823817,65.90111393407562,-2.533572049278585,0.8170397786091792,0.2225731112886351,0.3480410704487934,atencao
0.46062515351319977,0.5643757066463074,0.03943269316933923,36.381791704215864,77.37080719081115,0.6540196338786298,0.9728566047103429,0.46310883572050493,0.4067530968660051,0.13013806741348988,36.773815449747396,63.77204632653327,-2.0141864978893866,0.6658565440578772,0.7383921652861428,0.039145513609016525,atencao
0.7576995780642537,0.5933534336392552,0.04822193889864129,38.96829494142652,40.75927445777313,0.24724459069224403,0.26665619213250447,0.7408603624134213,0.18198857969344037,0.07715105789313828,26.584209361529318,54.712099391745824,-1.883467847878494,0.7353453218142022,0.9041407489043,0.03656577790910842,atencao
0.2740048526131701,0.1666353766432084,0.5314875682475746,20.247111610947037,84.95373920414269,0.6115582748489706,0.7160934824899615,0.3423690894340789,0.368080205280908,0.28955070528501303,40.94246887537528,50.333698584403805,-0.12332222606834264,0.2717787742083013,0.23530839807537074,0.7592134152107181,alerta
0.6348381665583152,0.43400540173439905,-0.1462418838279364,20.155206382764185,66.89096936041705,0.5579900341964936,0.39425823549574524,0.44184779181525313,0.5126123392330727,0.045539868951674105,39.05366716241467,55.35053961186612,4.35330698806078,0.9930080362841643,0.17539033497361256,0.552369821609127,atencao
0.7366807027536771,0.4307788611341864,0.3792842754390648,10.212754383231129,30.722540767381567,0.6550249870240952,0.6770819719511081,0.23537969983205803,0.49783254802918714,0.2667877521387548,39.57759757927335,63.69557030166989,0.696062900433974,0.1831656544938871,0.696221915004867,0.7835926574173304,alerta
0.8112299536318163,0.3400325006401017,-0.01593619295285653,30.40752064991122,78.09935405871937,0.20973770292082705,0.47598169034922033,0.3235929985580665,0.48992799249289587,0.1864790089490376,40.41336984845823,56.40674223555472,-2.271121193187826,0.2144938743893825,0.9769731627255192,0.6974970102885748,alerta
0.628273619802752,0.7064011606702869,0.3212397939097364,34.76319687245886,13.952841635145678,0.42502344757863636,0.9937731027679316,0.644114769925093,0.16810600672530138,0.18777922334960565,31.946284502295082,48.178724410069194,-1.6052103771794535,0.28892183181584685,0.749955101104078,0.9075063492653965,alerta
0.4980223348058991,0.6378791079175938,0.05700935365131349,14.398249010800095,64.36924596960365,0.22845398008128898,0.7289021357907499,0.4561298334781743,0.3602257700367399,0.1836443964850857,39.39391229695681,73.04816588804044,-0.5438647324553418,0.9753324301065789,0.2845807390476489,0.8858242910466235,atencao
0.5824930681408497,0.553186098241264,0.19160579864905908,14.789990481014522,52.45777260540416,0.5856614188148432,0.9524913004343245,0.15800163135892734,0.7159244886663626,0.12607387997471015,27.68704210495804,61.57337479787064,1.6093307812351947,0.9882885893539061,0.41995542414778564,0.7883273956211774,atencao
0.7582334891351027,0.5643123132277484,0.40772000732721153,33.702497499143135,32.1448299380929,0.05346072387119177,0.8349695494811857,0.033051437782349286,0.599006456990879,0.36794210522677184,25.367910508340007,38.38375816128,-0.03970162296395152,0.7948937497064975,0.3843176354583717,0.47518916004214373,atencao
0.5494268226471808,0.4001154934785274,0.3835407302363016,28.48872245062434,72.48059972874002,0.4171324558761574,0.9029010111633711,0.6317841776152461,0.15647333107536465,0.21174249130938927,38.34315370928545,53.415825281306276,-0.4679964024076755,0.6290575985596337,0.8520950180470455,0.30812640760385246,atencao
0.1712709417877858,0.6986464387127743,0.43645970600874523,11.34581672883151,104.56003108083391,0.2704822303267467,0.8144191972146749,0.4992811982149628,0.2523819083004415,0.24833689348459564,26.27154301594797,79.24567286059968,1.082557403590953,0.5200625751846134,0.7713707788722238,0.5070267874446399,atencao
0.8016640868548844,0.5514870277146355,-0.2493252734570398,28.676409713868452,119.8685639715692,0.25974440960058315,0.4591591303759114,0.3882085723248098,0.38201369901359356,0.22977772866159651,41.804919344540664,72.76182655999759,-1.8234850454098108,0.9706208456868457,0.5889754347615201,0.5020716073198236,atencao
0.6326687257220928,0.5738376900762807,0.28824297008378313,19.26753168531298,72.93153224921095,0.469189110512196,0.2517884533468844,0.5139779059668935,0.014569199309715154,0.47145289472339136,36.47153930322645,51.16233919720035,-3.2898705467387606,0.6956228028582475,0.27495911039690324,0.6102755488893377,atencao
0.6235593700440725,0.6600990874617744,-0.18101072978650154,21.061754664125377,48.56470491950042,0.603464892054096,0.3703201754505222,0.5777472746121899,0.06794859537621904,0.35430413001159117,37.808645074115795,81.90915760222546,-3.780271166600001,0.9447301283260302,0.9379885277220562,0.1860975677829041,alerta
0.300972606678402,0.27814653307242415,0.05344578281564938,33.0919425489064,27.024852025944192,0.445977004405662,0.020236232639950447,0.26512835782429456,0.5139422308988925,0.22092941127681293,29.178665556723722,38.83014541791051,-1.7386675287958564,0.3165507994776239,0.6533152247691466,0.6556198804449888,alerta
0.61121982916286,0.6245960875133569,0.16630015279648525,34.32805578017832,30.85153072741341,0.6045624361203695,0.5239931674646672,0.623303079280564,0.1912538024618507,0.1854431182575854,36.455711696634694,83.06173519460944,-3.1756716926997814,0.33377479226956563,0.9704766464417824,0.4566009242058158,atencao
0.42570508395791096,0.22690639192171982,0.04232856203480617,22.01069880519492,57.53459737797188,0.22198812272266943,0.5050578002704087,0.4215946712501714,0.42496244501219227,0.15344288373763645,25.734738933334274,47.28525462423379,-0.9729342533130989,0.8547245941184356,0.5801170330420308,0.6202048319408592,atencao
0.6058630839290444,0.32447226895917713,0.14166992443255644,38.41458808019064,44.07332415368511,0.38767620559723764,0.5252504648304882,0.5403467531657715,0.11642502833742693,0.3432282184968014,39.24303723870121,35.45470901512096,2.9564018632378,0.14985492058529437,0.821192758363614,0.23960482291954566,alerta
0.2246151212155935,0.3181467952753978,0.5470473624788263,22.193881538562167,109.6577427149933,0.34284875039359936,0.9740312249720638,0.24103194662224758,0.2809778544842606,0.4779901988934918,27.88360958153673,56.69040182591634,2.446648974381545,0.9459278612960758,0.8131053793945268,0.43439489387735497,atencao
0.6104917132221251,0.7360415544529414,-0.18506528334407346,33.1550810569033,44.195456118685144,0.057569184677012546,0.9114540034548393,0.19204210657512355,0.7368557667860335,0.07110212663884294,36.8550871361741,52.94852148435044,1.498348605092259,0.5074743546634075,0.3373287768335921,0.21020121445252027,atencao
0.8495896080394666,0.6567491954361524,0.2741376385359618,24.51631793692777,44.813350937452256,0.41192789304148103,0.161712778330108,0.37153179797935815,0.44586142695087316,0.1826067750697688,28.81616852095638,61.95445026033969,3.6725021949153085,0.9264138785836977,0.9640207229572282,0.8753051567568016,atencao
0.1837484272023892,0.5557604100336688,0.03660082142777299,36.925969795662525,46.024141492077234,0.4799908106950136,0.3688825215558892,0.2871873716897088,0.3684008402057098,0.34441178810458145,26.16370388024273,74.83864302849227,-1.4613913791015096,0.3367927887258131,0.02194146759756399,0.4879610450415376,alerta
0.8340219289549221,0.5725868950500036,-0.1869416709287705,37.232837309505356,100.39442524411898,0.4347443628723955,0.4239561794632619,0.5133648862408194,0.3099163141265943,0.17671879963258616,33.1853925353397,77.12154010752235,3.965483777269691,0.715958904139397,0.7687109087674142,0.22498141557381213,atencao
0.43483557250600935,0.46534731636167126,-0.16507375113183687,12.622504236132515,78.09459850162823,0.528581934209224,0.36053291785164776,0.08505866284201608,0.7171920208834409,0.19774931627454298,27.877865574637422,55.061499980584586,-0.40684747297738744,0.48287512197268967,0.9655570857640439,0.041208695741546286,atencao
0.7595274152360814,0.7156089336205373,0.5068821403087744,38.09479993930677,73.70026203826713,0.42137069349450007,0.7984959636039131,0.3301758516853405,0.30097898417895397,0.36884516413570556,37.40054780155135,56.49228718531751,-0.39196013560036125,0.626803630245473,0.33890820328372284,0.6757386646535418,alerta
0.6976698388407914,0.422568189373535,0.4476612722049978,34.766045245612474,40.09716268606346,0.093387665652992,0.5240376698675869,0.46514693738079516,0.2737620185179108,0.26109104410129397,29.038619337519243,42.408886516473686,-0.3518354773703063,0.5043724931391522,0.648110587790972,0.2146447139897557,atencao
0.5469113826906674,0.3473365114154314,0.4709856663527687,33.739321429380006,98.14850121989274,0.1256895906550624,0.572099816971625,0.09995411058722263,0.16358189727571806,0.7364639921370593,30.82203345600909,37.377380444058176,-3.117150703831167,0.9671156173713614,0.5622232498442106,0.9895821923187783,alerta
0.6669144464759286,0.20597296900553416,0.5428028594532786,16.027340190565674,4.603663362684136,0.437708475403569,0.8530135589879255,0.254211629021652,0.47229454774311797,0.27349382323523,34.646467271496036,67.06074951175123,4.779414484979501,0.6921053978139172,0.7615073096765237,0.5337003734151716,atencao
0.7649608929109435,0.6110336739696877,-0.12293191849275972,34.153576262639945,104.49566068057358,0.22873647478286607,0.8059281534153586,0.4940437625716885,0.31971635152034383,0.18623988590796767,29.844460718814297,38.221881277634616,-2.753438999573567,0.2513189686263154,0.8661779216450524,0.2889769962480321,alerta
0.43289822515572307,0.5773885558491345,0.002123436759452535,35.50398204055111,61.52998797527155,0.10176933387259779,0.1322115228202997,0.5816304570862976,0.3118770433478373,0.10649249956586518,31.42579797556935,71.69150597107279,-0.9320284797773395,0.9096769219050845,0.603044569299548,0.6576774337926303,atencao
0.3789232130942671,0.3498307750406877,0.26883617543613675,18.67451003362453,47.790028183609536,0.32924178324155534,0.7139145840836343,0.23994822858913473,0.715069138069375,0.044982633341490226,38.86557010768657,61.954507251112375,-1.1262971170591856,0.29402973815510436,0.8159045863814569,0.27521992343808555,alerta
0.6173153698945093,0.11637571907349908,0.11123215888155019,38.56780235086971,59.66007368612228,0.4103096887543759,0.43543612890203554,0.673111270669358,0.020938286008562443,0.30595044332207955,28.046567442537437,44.92914891130417,-3.327885104649613,0.3716050993008563,0.3122855758892552,0.8202742939097465,alerta
0.715492159358881,0.645348263016707,0.05563110337158356,11.495804391974927,80.08986366405973,0.26368489242724424,0.29464890306250047,0.48609932504727205,0.09985866149771766,0.4140420134550103,26.397427021192872,61.97614717563248,-2.6296588289931098,0.10212369802021337,0.22858705870481688,0.3082360509299419,atencao
0.683599594343631,0.10742168924514786,0.00413956193525411,14.49727759741419,1.5318511821476832,0.5182819064467556,0.050018820902186345,0.5250280566631033,0.3927192574517594,0.08225268588513734,30.582082347261327,44.14988583010494,-3.5962749743315277,0.8999665197961908,0.4306676895328402,0.9882477323959092,alerta
0.7084695542010441,0.5574048567588832,0.20471353715193447,26.12743414154543,104.58622277498972,0.46845089526580896,0.48724956034545097,0.33816124352165305,0.31004562996198487,0.3517931265163621,32.21440503923593,56.936860375520595,-1.3683595579553787,0.286112023227863,0.6777365995807832,0.6051447854452936,alerta
0.45490832036905304,0.7306671213219371,0.18925441434406975,27.273774133669292,53.60874303736714,0.26633193470958677,0.3554366807245314,0.165826215969737,0.5213959973502383,0.3127777866800246,34.22520779632165,74.97801581211144,3.7999123162601585,0.25891761793138235,0.18724694893872362,0.8444111489426633,atencao
0.7224839513225151,0.3844798632963322,-0.1627608410453959,29.354502499027102,41.15598236400938,0.5406671437905644,0.2515130396764008,0.1393389015822507,0.6824764389817993,0.17818465943595,31.33120283497512,58.09596467053187,-0.9450201483635396,0.9202625979949539,0.6803521921518915,0.07281546957842222,atencao
0.2341463387594259,0.25273271324736934,0.10097886189067323,10.509073879463994,16.58946787608685,0.471651777646473,0.6946717295969576,0.01481938864308952,0.03205553180936132,0.9531250795475491,38.428498903787684,42.43496591487741,-2.886773511393587,0.8055268624050334,0.3940936485720673,0.3482994173861882,alerta
0.5311423685725947,0.5581661565281981,0.17045100977837246,38.81100323866391,52.735844923013055,0.4643394961666363,0.769485387315587,0.2888706377781491,0.3347694796013771,0.3763598826204739,25.668431290364044,71.19143409114726,1.8112448154552618,0.1410789215193744,0.7955752738926319,0.7374870861661497,alerta
0.1540310623486851,0.6311332923101304,0.18474389792168194,11.33764278202432,59.55873255412546,0.40972800551159416,0.2447895190294248,0.23150660682733865,0.20248781773880975,0.5660055754338517,32.340048149375484,44.33842081350044,4.969408208494194,0.7693245039036807,0.0368358171033033,0.6550590173405827,atencao
0.37721008093018915,0.4551797054506008,-0.12140888602450095,14.291858581702073,48.43760333921733,0.05740328425755932,0.049447436679347256,0.22972242765048045,0.4579656653164598,0.3123119070330598,31.49835054915888,71.92749371850547,-1.909085894212652,0.9130330980537907,0.6679826378293945,0.19424312143375777,atencao
0.4065230744099785,0.728572928916495,0.3309306834144438,10.42043552578171,81.43921125922765,0.5027296692599779,0.848752700565235,0.31052101014512146,0.5224821367386399,0.16699685311623866,36.0088343437166,58.967614460791665,-1.4838609516648749,0.07851121821074392,0.6498223366499677,0.35620293050970986,atencao
0.42732088412647873,0.13358466907767472,-0.2785807694020908,27.005752998822842,50.50758345110712,0.29442716422095166,0.009959741204303318,0.20237896105730993,0.38994907356989245,0.40767196537279765,41.42669628225573,57.68708795471508,4.7466234885270975,0.8252149949045731,0.9409354761253144,0.2634434074875409,atencao
0.6368270446829035,0.42811713889794334,0.0016070772116882903,37.96800651762916,115.3701093415888,0.662696311603126,0.937112493921472,0.1254900630753281,0.4889849540204024,0.3855249829042695,33.67638191269066,77.57175189287373,-2.391013412045616,0.547420051873056,0.7133675535640704,0.613370169761843,alerta
0.421990670889242,0.5669950657596575,0.36318075125528865,29.978414982413927,71.91330213883103,0.5816901012001835,0.6276198739827059,0.5236498477562999,0.16040539026702036,0.31594476197667976,41.776906398009245,70.43017621703343,0.6009266071324753,0.6691974493788007,0.7963018964232812,0.34456822945877497,atencao
0.4640855358357714,0.6607163062469663,0.17930898289709207,34.679724054412816,96.89735227822908,0.43200140519535285,0.3218466352013203,0.47751805720271845,0.22070423822186808,0.3017777045754134,30.138239713524356,36.64553984774696,-1.8431308028551459,0.4928543389049369,0.9045910158531684,0.3090542420003498,atencao
0.3162808916120292,0.21651614774006356,-0.07801193236576875,10.398436103757403,13.122708373137462,0.21391828818252512,0.2464779095767362,0.062231177999562806,0.5304221362182457,0.4073466857821915,25.524758253221837,49.80871573008012,4.391167081111195,0.6978030849052786,0.6750519182919879,0.2073779804363417,alerta
0.41127625414053803,0.620002263146393,0.2907101514415907,26.260458954391783,47.674955153508684,0.18241630563048328,0.009005664264475244,0.21342933286177848,0.22966060508244496,0.5569100620557765,27.816273847099016,78.54603304249494,4.833689131186647,0.034097861666753215,0.2901536349599746,0.4090271209146483,atencao
0.309088739084206,0.4592595992170544,0.18228230253266242,23.786889325165657,40.421724173658326,0.2712501444904069,0.23547141701087715,0.689775016811818,0.190788970793906,0.11943601239427587,31.717123041167646,35.916308427259935,3.3322806150801387,0.7627067232232837,0.8697737995835221,0.19550259019655358,atencao
0.20123714663791054,0.35775989329347613,0.3768070680379291,24.969038326623792,68.33788657639101,0.359769163327012,0.1377283015171411,0.04956879871802129,0.584360644032781,0.3660705572491978,30.377676456205386,62.26267231309852,-1.166945657684705,0.03334369785895841,0.7475781194759751,0.9625695873776323,alerta
0.5724140153669645,0.18561476857641082,0.3247714082613499,12.166395560055639,103.33362240737107,0.24244258152531561,0.6121662207231456,0.44023705922730905,0.3207323917800159,0.23903054899267495,26.64992022671742,71.39128345869719,-0.3686127224754552,0.45529984774734344,0.4244376040008935,0.1545018114953034,normal
0.6177489589885113,0.662442243290793,0.2185917337307995,30.533060832079222,9.4005861314408,0.38470417200511375,0.1665455885938013,0.0055546258799130796,0.44954297495459083,0.544902399165496,32.35522183074219,66.0928042742288,-1.819248847002208,0.15096499313029488,0.7105291726499621,0.9133047149587763,alerta
0.5836432422067301,0.202227585316815,0.114951024014192,25.096612445759035,8.708975765365295,0.15749077658357086,0.5286298375366193,0.4536512305612753,0.48172369196559456,0.06462507747313012,30.74796811821257,73.02661010522182,4.0168217030809235,0.8235742773513072,0.8676888771811421,0.42847309815658197,atencao
0.4744458306604006,0.3013621084859145,-0.18679519318260507,32.95446549583792,102.03812497891187,0.685513328336575,0.5901164223444708,0.7022169392063297,0.21582787721849364,0.08195518357517664,27.084526747776454,71.28459244573729,4.231024499193422,0.3136609091756686,0.9756521313912715,0.37786599156172207,atencao
0.41585004612546084,0.288529595775584,-0.07786693479742376,24.55871902185146,25.54201032460289,0.12015096072724601,0.2980416983469145,0.5250946134249626,0.20744683369060998,0.2674585528844275,30.033991220402452,69.60153475765566,-0.2301640397855751,0.4540935446043325,0.9523515039590553,0.23131980090484883,atencao
0.7543335547002776,0.6664191222240553,0.05623455197952254,14.481449086792963,80.25039053397765,0.6557636907753418,0.035064949018718705,0.26375736808342104,0.5899815532590775,0.14626107865750157,40.06941294104164,76.07699304628261,1.908797629127017,0.4287507412983116,0.3253278267641415,0.6357563343675191,atencao
